2025-06-16 20:38:19,130 - INFO - OCR 服务已启动
2025-06-16 20:38:38,016 - INFO - 检测到 Ctrl+C
2025-06-16 20:38:38,073 - INFO - 剪切板中的图片已经保存
2025-06-16 20:38:38,073 - INFO - OCR识别任务已提交
2025-06-16 20:38:38,564 - INFO - 识别成功，img_path: D:\2\WechatOCR\dist\img\~~~ocr.png, result_file: json\~~~ocr.png.json
2025-06-16 20:38:39,074 - INFO - 文本已保存到 text_save.txt
2025-06-16 20:38:39,126 - INFO - 已将文件内容复制到剪贴板。
2025-06-16 20:39:24,817 - INFO - 检测到 Ctrl+C
2025-06-16 20:39:24,817 - WARNING - 剪切板中不包含图片
2025-06-16 20:39:34,565 - INFO - 检测到 Ctrl+C
2025-06-16 20:39:34,565 - WARNING - 剪切板中不包含图片
2025-06-16 20:41:07,524 - INFO - 检测到 Ctrl+C
2025-06-16 20:41:07,524 - WARNING - 剪切板中不包含图片
2025-06-16 20:42:22,689 - INFO - 检测到 Ctrl+C
2025-06-16 20:42:22,689 - WARNING - 剪切板中不包含图片
2025-06-16 20:42:29,316 - INFO - 检测到 Ctrl+C
2025-06-16 20:42:29,316 - WARNING - 剪切板中不包含图片
2025-06-16 21:27:31,515 - INFO - 检测到 Ctrl+C
2025-06-16 21:27:31,515 - WARNING - 剪切板中不包含图片
2025-06-16 21:27:45,562 - INFO - 检测到 Ctrl+C
2025-06-16 21:27:45,562 - WARNING - 剪切板中不包含图片
2025-06-16 21:27:49,273 - INFO - 检测到 Ctrl+C
2025-06-16 21:27:49,273 - WARNING - 剪切板中不包含图片
2025-06-16 21:28:12,457 - INFO - 检测到 Ctrl+C
2025-06-16 21:28:12,457 - WARNING - 剪切板中不包含图片
2025-06-16 21:28:28,613 - INFO - 检测到 Ctrl+C
2025-06-16 21:28:28,613 - WARNING - 剪切板中不包含图片
2025-06-16 21:28:41,764 - INFO - 检测到 Ctrl+C
2025-06-16 21:28:41,764 - WARNING - 剪切板中不包含图片
2025-06-16 21:36:53,342 - INFO - 检测到 Ctrl+C
2025-06-16 21:36:53,342 - WARNING - 剪切板中不包含图片
2025-06-16 21:37:00,967 - INFO - 检测到 Ctrl+C
2025-06-16 21:37:00,967 - WARNING - 剪切板中不包含图片
2025-06-16 21:37:11,110 - INFO - 检测到 Ctrl+C
2025-06-16 21:37:11,110 - WARNING - 剪切板中不包含图片
2025-06-16 21:38:09,533 - INFO - 检测到 Ctrl+C
2025-06-16 21:38:09,535 - WARNING - 剪切板中不包含图片
2025-06-16 21:38:42,360 - INFO - 检测到 Ctrl+C
2025-06-16 21:38:42,360 - WARNING - 剪切板中不包含图片
2025-06-16 21:45:28,151 - INFO - 检测到 Ctrl+C
2025-06-16 21:45:28,154 - WARNING - 剪切板中不包含图片
2025-06-16 21:45:39,702 - INFO - 检测到 Ctrl+C
2025-06-16 21:45:39,712 - WARNING - 剪切板中不包含图片
2025-06-16 21:45:44,228 - INFO - 检测到 Ctrl+C
2025-06-16 21:45:44,237 - INFO - 剪切板中的图片已经保存
2025-06-16 21:45:44,242 - INFO - OCR识别任务已提交
2025-06-16 21:45:44,394 - INFO - 识别成功，img_path: D:\2\WechatOCR\dist\img\~~~ocr.png, result_file: json\~~~ocr.png.json
2025-06-16 21:45:45,243 - INFO - 文本已保存到 text_save.txt
2025-06-16 21:45:45,255 - INFO - 已将文件内容复制到剪贴板。
2025-06-16 21:50:24,630 - INFO - 检测到 Ctrl+C
2025-06-16 21:50:24,631 - INFO - 剪切板中的图片已经保存
2025-06-16 21:50:24,632 - INFO - OCR识别任务已提交
2025-06-16 21:50:24,784 - INFO - 识别成功，img_path: D:\2\WechatOCR\dist\img\~~~ocr.png, result_file: json\~~~ocr.png.json
2025-06-16 21:50:25,633 - INFO - 文本已保存到 text_save.txt
2025-06-16 21:50:25,664 - INFO - 已将文件内容复制到剪贴板。
2025-06-16 21:52:26,025 - INFO - 检测到 Ctrl+C
2025-06-16 21:52:26,025 - WARNING - 剪切板中不包含图片
2025-06-16 21:52:43,487 - INFO - 检测到 Ctrl+C
2025-06-16 21:52:43,488 - WARNING - 剪切板中不包含图片
2025-06-16 21:53:31,063 - INFO - 检测到 Ctrl+C
2025-06-16 21:53:31,064 - WARNING - 剪切板中不包含图片
2025-06-16 21:53:50,850 - INFO - 检测到 Ctrl+C
2025-06-16 21:53:50,851 - WARNING - 剪切板中不包含图片
2025-06-16 21:55:33,740 - INFO - 检测到 Ctrl+C
2025-06-16 21:55:33,740 - WARNING - 剪切板中不包含图片
2025-06-16 22:05:07,203 - INFO - 检测到 Ctrl+C
2025-06-16 22:05:07,203 - WARNING - 剪切板中不包含图片
2025-06-16 22:07:48,711 - INFO - 检测到 Ctrl+C
2025-06-16 22:07:48,711 - WARNING - 剪切板中不包含图片
2025-06-16 22:08:21,940 - INFO - 检测到 Ctrl+C
2025-06-16 22:08:22,441 - WARNING - 剪切板中不包含图片
2025-06-16 22:14:23,085 - INFO - 检测到 Ctrl+C
2025-06-16 22:14:23,085 - WARNING - 剪切板中不包含图片
2025-06-16 22:24:43,103 - INFO - 检测到 Ctrl+C
2025-06-16 22:24:43,104 - WARNING - 剪切板中不包含图片
2025-06-16 22:24:59,881 - INFO - 检测到 Ctrl+C
2025-06-16 22:24:59,881 - WARNING - 剪切板中不包含图片
2025-06-16 22:26:17,268 - INFO - 检测到 Ctrl+C
2025-06-16 22:26:17,268 - WARNING - 剪切板中不包含图片
2025-06-16 22:27:51,987 - INFO - 检测到 Ctrl+C
2025-06-16 22:27:51,987 - WARNING - 剪切板中不包含图片
2025-06-16 22:27:52,588 - INFO - 检测到 Ctrl+C
2025-06-16 22:27:52,588 - WARNING - 剪切板中不包含图片
2025-06-16 22:27:53,290 - INFO - 检测到 Ctrl+C
2025-06-16 22:27:53,290 - WARNING - 剪切板中不包含图片
2025-06-16 22:27:53,891 - INFO - 检测到 Ctrl+C
2025-06-16 22:27:53,891 - WARNING - 剪切板中不包含图片
2025-06-16 22:29:30,769 - INFO - 检测到 Ctrl+C
2025-06-16 22:29:30,769 - WARNING - 剪切板中不包含图片
2025-06-16 22:29:46,024 - INFO - 检测到 Ctrl+C
2025-06-16 22:29:46,024 - WARNING - 剪切板中不包含图片
2025-06-16 22:30:33,489 - INFO - 检测到 Ctrl+C
2025-06-16 22:30:33,489 - WARNING - 剪切板中不包含图片
2025-06-16 22:30:57,055 - INFO - 检测到 Ctrl+C
2025-06-16 22:30:57,055 - WARNING - 剪切板中不包含图片
2025-06-16 22:33:10,680 - INFO - 检测到 Ctrl+C
2025-06-16 22:33:10,680 - WARNING - 剪切板中不包含图片
2025-06-16 22:52:29,430 - INFO - 检测到 Esc，准备退出
2025-06-16 22:52:29,438 - INFO - OCR 服务已关闭
2025-06-16 22:52:29,438 - INFO - 程序退出
2025-06-17 00:19:06,864 - INFO - OCR 服务已启动
2025-06-17 00:19:15,895 - INFO - 检测到 Ctrl+C
2025-06-17 00:19:15,908 - INFO - 剪切板中的图片已经保存
2025-06-17 00:19:15,908 - INFO - OCR识别任务已提交
2025-06-17 00:19:15,976 - INFO - 识别成功，img_path: D:\2\WechatOCR\dist\img\~~~ocr.png, result_file: json\~~~ocr.png.json
2025-06-17 00:19:16,909 - INFO - 文本已保存到 text_save.txt
2025-06-17 00:19:16,956 - INFO - 已将文件内容复制到剪贴板。
2025-06-17 00:20:26,073 - INFO - 检测到 Ctrl+C
2025-06-17 00:20:26,073 - WARNING - 剪切板中不包含图片
2025-06-17 00:20:35,000 - INFO - 检测到 Ctrl+C
2025-06-17 00:20:35,000 - WARNING - 剪切板中不包含图片
2025-06-17 00:23:15,714 - INFO - 检测到 Ctrl+C
2025-06-17 00:23:15,714 - WARNING - 剪切板中不包含图片
2025-06-17 00:24:31,061 - INFO - 检测到 Ctrl+C
2025-06-17 00:24:31,063 - WARNING - 剪切板中不包含图片
2025-06-17 23:10:37,445 - INFO - OCR 服务已启动
2025-06-17 23:10:49,885 - INFO - 检测到 Ctrl+C
2025-06-17 23:10:49,896 - INFO - 剪切板中的图片已经保存
2025-06-17 23:10:49,897 - INFO - OCR识别任务已提交
2025-06-17 23:10:49,967 - INFO - 识别成功，img_path: D:\2\WechatOCR\dist\img\~~~ocr.png, result_file: json\~~~ocr.png.json
2025-06-17 23:10:50,899 - INFO - 文本已保存到 text_save.txt
2025-06-17 23:10:50,934 - INFO - 已将文件内容复制到剪贴板。
2025-06-17 23:11:00,866 - INFO - 检测到 Ctrl+C
2025-06-17 23:11:00,867 - INFO - 剪切板中的图片已经保存
2025-06-17 23:11:00,867 - INFO - OCR识别任务已提交
2025-06-17 23:11:00,915 - INFO - 识别成功，img_path: D:\2\WechatOCR\dist\img\~~~ocr.png, result_file: json\~~~ocr.png.json
2025-06-17 23:11:01,868 - INFO - 文本已保存到 text_save.txt
2025-06-17 23:11:01,874 - INFO - 已将文件内容复制到剪贴板。
2025-06-17 23:11:49,915 - INFO - 检测到 Ctrl+C
2025-06-17 23:11:49,915 - WARNING - 剪切板中不包含图片
2025-06-17 23:11:57,931 - INFO - 检测到 Ctrl+C
2025-06-17 23:11:57,931 - WARNING - 剪切板中不包含图片
2025-06-17 23:12:07,952 - INFO - 检测到 Ctrl+C
2025-06-17 23:12:07,952 - WARNING - 剪切板中不包含图片
2025-06-17 23:12:26,995 - INFO - 检测到 Ctrl+C
2025-06-17 23:12:26,995 - WARNING - 剪切板中不包含图片
2025-06-17 23:12:28,397 - INFO - 检测到 Ctrl+C
2025-06-17 23:12:28,397 - WARNING - 剪切板中不包含图片
2025-06-17 23:13:21,715 - INFO - 检测到 Ctrl+C
2025-06-17 23:13:21,715 - WARNING - 剪切板中不包含图片
2025-06-17 23:14:07,009 - INFO - 检测到 Ctrl+C
2025-06-17 23:14:07,009 - WARNING - 剪切板中不包含图片
2025-06-17 23:16:24,191 - INFO - 检测到 Ctrl+C
2025-06-17 23:16:24,191 - WARNING - 剪切板中不包含图片
2025-06-17 23:16:28,904 - INFO - 检测到 Ctrl+C
2025-06-17 23:16:28,904 - WARNING - 剪切板中不包含图片
2025-06-17 23:16:39,024 - INFO - 检测到 Ctrl+C
2025-06-17 23:16:39,025 - WARNING - 剪切板中不包含图片
2025-06-17 23:16:48,541 - INFO - 检测到 Ctrl+C
2025-06-17 23:16:48,541 - WARNING - 剪切板中不包含图片
2025-06-17 23:16:53,952 - INFO - 检测到 Ctrl+C
2025-06-17 23:16:53,952 - WARNING - 剪切板中不包含图片
2025-06-17 23:17:00,264 - INFO - 检测到 Ctrl+C
2025-06-17 23:17:00,264 - WARNING - 剪切板中不包含图片
2025-06-17 23:22:29,427 - INFO - 检测到 Ctrl+C
2025-06-17 23:22:29,427 - ERROR - 保存剪切板图片失败
Traceback (most recent call last):
  File "main.py", line 22, in save_clipboard_pic
AttributeError: 'list' object has no attribute 'save'
2025-06-17 23:24:28,980 - INFO - 检测到 Ctrl+C
2025-06-17 23:24:28,981 - ERROR - 保存剪切板图片失败
Traceback (most recent call last):
  File "main.py", line 22, in save_clipboard_pic
AttributeError: 'list' object has no attribute 'save'
2025-06-17 23:25:38,713 - INFO - 检测到 Ctrl+C
2025-06-17 23:25:38,713 - ERROR - 保存剪切板图片失败
Traceback (most recent call last):
  File "main.py", line 22, in save_clipboard_pic
AttributeError: 'list' object has no attribute 'save'
2025-06-17 23:25:45,027 - INFO - 检测到 Esc，准备退出
2025-06-17 23:25:45,027 - INFO - OCR 服务已关闭
2025-06-17 23:25:45,027 - INFO - 程序退出
2025-06-18 08:09:06,830 - INFO - OCR 服务已启动
2025-06-18 08:09:19,919 - INFO - OCR 服务已启动
2025-06-18 08:09:22,227 - INFO - 检测到 Esc，准备退出
2025-06-18 08:09:22,227 - INFO - OCR 服务已关闭
2025-06-18 08:09:22,228 - INFO - 程序退出
2025-06-18 08:09:22,273 - INFO - 检测到 Esc，准备退出
2025-06-18 08:09:22,273 - INFO - OCR 服务已关闭
2025-06-18 08:09:22,274 - INFO - 程序退出
2025-06-18 08:09:26,911 - INFO - OCR 服务已启动
2025-06-18 08:09:33,430 - INFO - 检测到 Ctrl+C
2025-06-18 08:09:33,445 - INFO - 剪切板中的图片已经保存
2025-06-18 08:09:33,445 - INFO - OCR识别任务已提交
2025-06-18 08:09:33,654 - INFO - 识别成功，img_path: D:\2\WechatOCR\dist\img\~~~ocr.png, result_file: json\~~~ocr.png.json
2025-06-18 08:09:34,446 - INFO - 文本已保存到 text_save.txt
2025-06-18 08:09:34,479 - INFO - 已将文件内容复制到剪贴板。
2025-06-18 08:09:45,409 - INFO - 检测到 Ctrl+C
2025-06-18 08:09:45,409 - WARNING - 剪切板中不包含图片
2025-06-18 08:10:43,068 - INFO - 检测到 Ctrl+C
2025-06-18 08:10:43,068 - WARNING - 剪切板中不包含图片
2025-06-18 08:11:10,648 - INFO - 检测到 Ctrl+C
2025-06-18 08:11:10,648 - WARNING - 剪切板中不包含图片
2025-06-18 08:12:09,208 - INFO - 检测到 Ctrl+C
2025-06-18 08:12:09,208 - WARNING - 剪切板中不包含图片
2025-06-18 08:12:16,225 - INFO - 检测到 Ctrl+C
2025-06-18 08:12:16,225 - WARNING - 剪切板中不包含图片
2025-06-18 08:13:04,259 - INFO - 检测到 Ctrl+C
2025-06-18 08:13:04,259 - WARNING - 剪切板中不包含图片
2025-06-18 08:13:47,977 - INFO - 检测到 Ctrl+C
2025-06-18 08:13:47,977 - WARNING - 剪切板中不包含图片
2025-06-18 08:14:51,846 - INFO - 检测到 Ctrl+C
2025-06-18 08:14:51,846 - WARNING - 剪切板中不包含图片
2025-06-18 08:15:01,969 - INFO - 检测到 Ctrl+C
2025-06-18 08:15:01,969 - WARNING - 剪切板中不包含图片
2025-06-18 08:15:06,581 - INFO - 检测到 Ctrl+C
2025-06-18 08:15:06,581 - WARNING - 剪切板中不包含图片
2025-06-18 08:15:26,937 - INFO - 检测到 Ctrl+C
2025-06-18 08:15:26,937 - WARNING - 剪切板中不包含图片
2025-06-18 08:16:30,106 - INFO - 检测到 Ctrl+C
2025-06-18 08:16:30,106 - WARNING - 剪切板中不包含图片
2025-06-18 08:17:34,582 - INFO - 检测到 Ctrl+C
2025-06-18 08:17:34,582 - WARNING - 剪切板中不包含图片
2025-06-18 08:18:16,098 - INFO - 检测到 Ctrl+C
2025-06-18 08:18:16,098 - WARNING - 剪切板中不包含图片
2025-06-18 08:18:42,062 - INFO - 检测到 Ctrl+C
2025-06-18 08:18:42,062 - WARNING - 剪切板中不包含图片
2025-06-18 08:19:06,322 - INFO - 检测到 Ctrl+C
2025-06-18 08:19:06,322 - WARNING - 剪切板中不包含图片
2025-06-18 08:19:49,730 - INFO - 检测到 Ctrl+C
2025-06-18 08:19:49,730 - WARNING - 剪切板中不包含图片
2025-06-18 08:20:44,975 - INFO - 检测到 Ctrl+C
2025-06-18 08:20:44,975 - WARNING - 剪切板中不包含图片
2025-06-18 08:21:01,823 - INFO - 检测到 Ctrl+C
2025-06-18 08:21:01,823 - WARNING - 剪切板中不包含图片
2025-06-18 08:21:35,414 - INFO - 检测到 Ctrl+C
2025-06-18 08:21:35,414 - WARNING - 剪切板中不包含图片
2025-06-18 08:21:40,126 - INFO - 检测到 Ctrl+C
2025-06-18 08:21:40,126 - WARNING - 剪切板中不包含图片
2025-06-18 08:23:59,986 - INFO - 检测到 Ctrl+C
2025-06-18 08:23:59,986 - WARNING - 剪切板中不包含图片
2025-06-18 08:24:19,745 - INFO - 检测到 Ctrl+C
2025-06-18 08:24:19,745 - WARNING - 剪切板中不包含图片
2025-06-18 08:24:42,210 - INFO - 检测到 Ctrl+C
2025-06-18 08:24:42,210 - WARNING - 剪切板中不包含图片
2025-06-18 08:25:49,482 - INFO - 检测到 Ctrl+C
2025-06-18 08:25:49,482 - WARNING - 剪切板中不包含图片
2025-06-18 08:25:55,297 - INFO - 检测到 Ctrl+C
2025-06-18 08:25:55,297 - WARNING - 剪切板中不包含图片
2025-06-18 08:26:00,711 - INFO - 检测到 Ctrl+C
2025-06-18 08:26:00,711 - WARNING - 剪切板中不包含图片
2025-06-18 08:26:21,970 - INFO - 检测到 Ctrl+C
2025-06-18 08:26:21,970 - WARNING - 剪切板中不包含图片
2025-06-18 08:26:38,111 - INFO - 检测到 Ctrl+C
2025-06-18 08:26:38,111 - WARNING - 剪切板中不包含图片
2025-06-18 08:26:42,924 - INFO - 检测到 Ctrl+C
2025-06-18 08:26:42,924 - WARNING - 剪切板中不包含图片
2025-06-18 08:26:44,327 - INFO - 检测到 Ctrl+C
2025-06-18 08:26:44,327 - WARNING - 剪切板中不包含图片
2025-06-18 08:26:50,844 - INFO - 检测到 Ctrl+C
2025-06-18 08:26:50,844 - WARNING - 剪切板中不包含图片
2025-06-18 08:27:29,249 - INFO - 检测到 Ctrl+C
2025-06-18 08:27:29,249 - WARNING - 剪切板中不包含图片
2025-06-18 08:27:54,315 - INFO - 检测到 Ctrl+C
2025-06-18 08:27:54,315 - WARNING - 剪切板中不包含图片
2025-06-18 08:28:22,789 - INFO - 检测到 Ctrl+C
2025-06-18 08:28:22,789 - WARNING - 剪切板中不包含图片
2025-06-18 08:28:42,142 - INFO - 检测到 Ctrl+C
2025-06-18 08:28:42,142 - WARNING - 剪切板中不包含图片
2025-06-18 08:28:54,377 - INFO - 检测到 Ctrl+C
2025-06-18 08:28:54,377 - WARNING - 剪切板中不包含图片
2025-06-18 08:29:46,306 - INFO - 检测到 Ctrl+C
2025-06-18 08:29:46,306 - WARNING - 剪切板中不包含图片
2025-06-18 08:29:54,427 - INFO - 检测到 Ctrl+C
2025-06-18 08:29:54,427 - WARNING - 剪切板中不包含图片
2025-06-18 08:30:23,408 - INFO - 检测到 Ctrl+C
2025-06-18 08:30:23,408 - WARNING - 剪切板中不包含图片
2025-06-18 08:32:21,534 - INFO - 检测到 Ctrl+C
2025-06-18 08:32:21,534 - WARNING - 剪切板中不包含图片
2025-06-18 08:32:26,346 - INFO - 检测到 Ctrl+C
2025-06-18 08:32:26,346 - WARNING - 剪切板中不包含图片
2025-06-18 08:32:36,571 - INFO - 检测到 Ctrl+C
2025-06-18 08:32:36,571 - WARNING - 剪切板中不包含图片
2025-06-18 08:33:21,498 - INFO - 检测到 Ctrl+C
2025-06-18 08:33:21,498 - WARNING - 剪切板中不包含图片
2025-06-18 08:35:17,133 - INFO - 检测到 Ctrl+C
2025-06-18 08:35:17,133 - WARNING - 剪切板中不包含图片
2025-06-18 08:40:19,360 - INFO - 检测到 Ctrl+C
2025-06-18 08:40:19,360 - WARNING - 剪切板中不包含图片
2025-06-18 08:40:34,500 - INFO - 检测到 Ctrl+C
2025-06-18 08:40:34,500 - ERROR - 保存剪切板图片失败
Traceback (most recent call last):
  File "main.py", line 22, in save_clipboard_pic
AttributeError: 'list' object has no attribute 'save'
2025-06-18 08:42:40,213 - INFO - 检测到 Ctrl+C
2025-06-18 08:42:40,213 - ERROR - 保存剪切板图片失败
Traceback (most recent call last):
  File "main.py", line 22, in save_clipboard_pic
AttributeError: 'list' object has no attribute 'save'
2025-06-18 08:44:10,064 - INFO - 检测到 Ctrl+C
2025-06-18 08:44:10,064 - ERROR - 保存剪切板图片失败
Traceback (most recent call last):
  File "main.py", line 22, in save_clipboard_pic
AttributeError: 'list' object has no attribute 'save'
2025-06-18 19:18:58,173 - INFO - OCR 服务已启动
2025-06-18 19:19:02,808 - INFO - 检测到 Ctrl+C
2025-06-18 19:19:02,822 - INFO - 剪切板中的图片已经保存
2025-06-18 19:19:02,823 - INFO - OCR识别任务已提交
2025-06-18 19:19:03,023 - INFO - 识别成功，img_path: D:\2\WechatOCR\dist\img\~~~ocr.png, result_file: json\~~~ocr.png.json
2025-06-18 19:19:03,824 - INFO - 文本已保存到 text_save.txt
2025-06-18 19:19:03,873 - INFO - 已将文件内容复制到剪贴板。
2025-06-18 19:19:12,413 - INFO - 检测到 Ctrl+C
2025-06-18 19:19:12,413 - WARNING - 剪切板中不包含图片
2025-06-18 19:19:35,972 - INFO - 检测到 Ctrl+C
2025-06-18 19:19:35,973 - INFO - 剪切板中的图片已经保存
2025-06-18 19:19:35,973 - INFO - OCR识别任务已提交
2025-06-18 19:19:36,029 - INFO - 识别成功，img_path: D:\2\WechatOCR\dist\img\~~~ocr.png, result_file: json\~~~ocr.png.json
2025-06-18 19:19:36,974 - INFO - 文本已保存到 text_save.txt
2025-06-18 19:19:36,979 - INFO - 已将文件内容复制到剪贴板。
2025-06-18 19:20:01,718 - INFO - 检测到 Ctrl+C
2025-06-18 19:20:01,719 - INFO - 剪切板中的图片已经保存
2025-06-18 19:20:01,719 - INFO - OCR识别任务已提交
2025-06-18 19:20:01,807 - INFO - 识别成功，img_path: D:\2\WechatOCR\dist\img\~~~ocr.png, result_file: json\~~~ocr.png.json
2025-06-18 19:20:02,720 - INFO - 文本已保存到 text_save.txt
2025-06-18 19:20:02,728 - INFO - 已将文件内容复制到剪贴板。
2025-06-18 19:20:24,416 - INFO - 检测到 Ctrl+C
2025-06-18 19:20:24,419 - INFO - 剪切板中的图片已经保存
2025-06-18 19:20:24,420 - INFO - OCR识别任务已提交
2025-06-18 19:20:24,543 - INFO - 识别成功，img_path: D:\2\WechatOCR\dist\img\~~~ocr.png, result_file: json\~~~ocr.png.json
2025-06-18 19:20:25,420 - INFO - 文本已保存到 text_save.txt
2025-06-18 19:20:25,425 - INFO - 已将文件内容复制到剪贴板。
2025-06-18 19:20:50,069 - INFO - 检测到 Ctrl+C
2025-06-18 19:20:50,070 - INFO - 剪切板中的图片已经保存
2025-06-18 19:20:50,071 - INFO - OCR识别任务已提交
2025-06-18 19:20:50,130 - INFO - 识别成功，img_path: D:\2\WechatOCR\dist\img\~~~ocr.png, result_file: json\~~~ocr.png.json
2025-06-18 19:20:51,072 - INFO - 文本已保存到 text_save.txt
2025-06-18 19:20:51,081 - INFO - 已将文件内容复制到剪贴板。
2025-06-18 19:21:13,909 - INFO - 检测到 Ctrl+C
2025-06-18 19:21:13,909 - WARNING - 剪切板中不包含图片
2025-06-18 19:21:56,474 - INFO - 检测到 Ctrl+C
2025-06-18 19:21:56,474 - WARNING - 剪切板中不包含图片
2025-06-18 19:22:11,050 - INFO - 检测到 Ctrl+C
2025-06-18 19:22:11,053 - INFO - 剪切板中的图片已经保存
2025-06-18 19:22:11,053 - INFO - OCR识别任务已提交
2025-06-18 19:22:11,102 - INFO - 识别成功，img_path: D:\2\WechatOCR\dist\img\~~~ocr.png, result_file: json\~~~ocr.png.json
2025-06-18 19:22:12,055 - INFO - 文本已保存到 text_save.txt
2025-06-18 19:22:12,060 - INFO - 已将文件内容复制到剪贴板。
2025-06-18 19:22:29,989 - INFO - 检测到 Ctrl+C
2025-06-18 19:22:30,006 - INFO - 剪切板中的图片已经保存
2025-06-18 19:22:30,007 - INFO - OCR识别任务已提交
2025-06-18 19:22:30,062 - INFO - 识别成功，img_path: D:\2\WechatOCR\dist\img\~~~ocr.png, result_file: json\~~~ocr.png.json
2025-06-18 19:22:31,008 - INFO - 文本已保存到 text_save.txt
2025-06-18 19:22:31,014 - INFO - 已将文件内容复制到剪贴板。
2025-06-18 19:22:51,249 - INFO - 检测到 Ctrl+C
2025-06-18 19:22:51,250 - INFO - 剪切板中的图片已经保存
2025-06-18 19:22:51,250 - INFO - OCR识别任务已提交
2025-06-18 19:22:51,295 - INFO - 识别成功，img_path: D:\2\WechatOCR\dist\img\~~~ocr.png, result_file: json\~~~ocr.png.json
2025-06-18 19:22:52,250 - INFO - 文本已保存到 text_save.txt
2025-06-18 19:22:52,255 - INFO - 已将文件内容复制到剪贴板。
2025-06-18 19:23:24,062 - INFO - 检测到 Ctrl+C
2025-06-18 19:23:24,064 - INFO - 剪切板中的图片已经保存
2025-06-18 19:23:24,064 - INFO - OCR识别任务已提交
2025-06-18 19:23:24,214 - INFO - 识别成功，img_path: D:\2\WechatOCR\dist\img\~~~ocr.png, result_file: json\~~~ocr.png.json
2025-06-18 19:23:25,065 - INFO - 文本已保存到 text_save.txt
2025-06-18 19:23:25,071 - INFO - 已将文件内容复制到剪贴板。
2025-06-18 19:23:54,851 - INFO - 检测到 Ctrl+C
2025-06-18 19:23:54,851 - WARNING - 剪切板中不包含图片
2025-06-18 19:24:38,949 - INFO - 检测到 Ctrl+C
2025-06-18 19:24:38,949 - WARNING - 剪切板中不包含图片
2025-06-18 19:26:15,930 - INFO - 检测到 Ctrl+C
2025-06-18 19:26:15,930 - WARNING - 剪切板中不包含图片
2025-06-18 19:26:19,941 - INFO - 检测到 Ctrl+C
2025-06-18 19:26:19,941 - WARNING - 剪切板中不包含图片
2025-06-18 19:29:15,225 - INFO - 检测到 Ctrl+C
2025-06-18 19:29:15,226 - ERROR - 保存剪切板图片失败
Traceback (most recent call last):
  File "main.py", line 22, in save_clipboard_pic
AttributeError: 'list' object has no attribute 'save'
2025-06-18 19:42:15,814 - INFO - 检测到 Ctrl+C
2025-06-18 19:42:15,814 - WARNING - 剪切板中不包含图片
2025-06-18 19:44:23,764 - INFO - 检测到 Ctrl+C
2025-06-18 19:44:23,764 - WARNING - 剪切板中不包含图片
2025-06-18 19:44:43,634 - INFO - 检测到 Ctrl+C
2025-06-18 19:44:43,634 - WARNING - 剪切板中不包含图片
2025-06-18 19:45:02,896 - INFO - 检测到 Ctrl+C
2025-06-18 19:45:02,896 - WARNING - 剪切板中不包含图片
2025-06-18 19:45:20,054 - INFO - 检测到 Ctrl+C
2025-06-18 19:45:20,054 - WARNING - 剪切板中不包含图片
2025-06-18 19:46:00,985 - INFO - 检测到 Ctrl+C
2025-06-18 19:46:00,985 - WARNING - 剪切板中不包含图片
2025-06-18 19:46:42,040 - INFO - 检测到 Ctrl+C
2025-06-18 19:46:42,040 - WARNING - 剪切板中不包含图片
2025-06-18 19:46:47,556 - INFO - 检测到 Ctrl+C
2025-06-18 19:46:47,556 - WARNING - 剪切板中不包含图片
2025-06-18 19:47:46,346 - INFO - 检测到 Ctrl+C
2025-06-18 19:47:46,346 - WARNING - 剪切板中不包含图片
2025-06-18 19:47:52,464 - INFO - 检测到 Ctrl+C
2025-06-18 19:47:52,464 - WARNING - 剪切板中不包含图片
2025-06-18 19:48:48,745 - INFO - 检测到 Ctrl+C
2025-06-18 19:48:48,745 - WARNING - 剪切板中不包含图片
2025-06-18 19:48:56,768 - INFO - 检测到 Ctrl+C
2025-06-18 19:48:56,768 - WARNING - 剪切板中不包含图片
2025-06-18 19:48:59,274 - INFO - 检测到 Ctrl+C
2025-06-18 19:48:59,274 - WARNING - 剪切板中不包含图片
2025-06-18 19:49:25,356 - INFO - 检测到 Ctrl+C
2025-06-18 19:49:25,356 - WARNING - 剪切板中不包含图片
2025-06-18 19:49:40,306 - INFO - 检测到 Ctrl+C
2025-06-18 19:49:40,306 - WARNING - 剪切板中不包含图片
2025-06-18 19:49:43,917 - INFO - 检测到 Ctrl+C
2025-06-18 19:49:43,917 - WARNING - 剪切板中不包含图片
2025-06-18 19:49:51,340 - INFO - 检测到 Ctrl+C
2025-06-18 19:49:51,340 - WARNING - 剪切板中不包含图片
2025-06-18 19:51:11,332 - INFO - 检测到 Ctrl+C
2025-06-18 19:51:11,332 - WARNING - 剪切板中不包含图片
2025-06-18 19:51:18,358 - INFO - 检测到 Ctrl+C
2025-06-18 19:51:18,358 - WARNING - 剪切板中不包含图片
2025-06-18 19:52:10,357 - INFO - 检测到 Ctrl+C
2025-06-18 19:52:10,357 - WARNING - 剪切板中不包含图片
2025-06-18 19:52:13,466 - INFO - 检测到 Ctrl+C
2025-06-18 19:52:13,466 - WARNING - 剪切板中不包含图片
2025-06-18 19:53:07,658 - INFO - 检测到 Ctrl+C
2025-06-18 19:53:07,658 - WARNING - 剪切板中不包含图片
2025-06-18 19:53:10,667 - INFO - 检测到 Ctrl+C
2025-06-18 19:53:10,667 - WARNING - 剪切板中不包含图片
2025-06-18 19:53:54,305 - INFO - 检测到 Ctrl+C
2025-06-18 19:53:54,305 - WARNING - 剪切板中不包含图片
2025-06-18 19:53:56,712 - INFO - 检测到 Ctrl+C
2025-06-18 19:53:56,712 - WARNING - 剪切板中不包含图片
2025-06-18 19:58:19,965 - INFO - 检测到 Ctrl+C
2025-06-18 19:58:19,965 - ERROR - 保存剪切板图片失败
Traceback (most recent call last):
  File "main.py", line 22, in save_clipboard_pic
AttributeError: 'list' object has no attribute 'save'
2025-06-18 19:59:22,317 - INFO - 检测到 Ctrl+C
2025-06-18 19:59:22,317 - WARNING - 剪切板中不包含图片
2025-06-18 20:01:17,731 - INFO - 检测到 Ctrl+C
2025-06-18 20:01:17,731 - WARNING - 剪切板中不包含图片
2025-06-18 20:02:32,702 - INFO - 检测到 Ctrl+C
2025-06-18 20:02:32,702 - WARNING - 剪切板中不包含图片
2025-06-18 20:02:52,467 - INFO - 检测到 Ctrl+C
2025-06-18 20:02:52,467 - WARNING - 剪切板中不包含图片
2025-06-18 20:03:31,602 - INFO - 检测到 Ctrl+C
2025-06-18 20:03:31,602 - WARNING - 剪切板中不包含图片
2025-06-18 20:08:17,549 - INFO - 检测到 Ctrl+C
2025-06-18 20:08:17,549 - WARNING - 剪切板中不包含图片
2025-06-18 20:08:43,837 - INFO - 检测到 Ctrl+C
2025-06-18 20:08:43,837 - WARNING - 剪切板中不包含图片
2025-06-18 20:14:19,508 - INFO - 检测到 Ctrl+C
2025-06-18 20:14:19,524 - INFO - 剪切板中的图片已经保存
2025-06-18 20:14:19,525 - INFO - OCR识别任务已提交
2025-06-18 20:14:20,021 - INFO - 识别成功，img_path: D:\2\WechatOCR\dist\img\~~~ocr.png, result_file: json\~~~ocr.png.json
2025-06-18 20:14:20,526 - INFO - 文本已保存到 text_save.txt
2025-06-18 20:14:20,534 - INFO - 已将文件内容复制到剪贴板。
2025-06-18 20:14:32,513 - INFO - OCR 服务已启动
2025-06-18 20:14:36,527 - INFO - 检测到 Ctrl+C
2025-06-18 20:14:36,555 - INFO - 剪切板中的图片已经保存
2025-06-18 20:14:36,555 - INFO - OCR识别任务已提交
2025-06-18 20:14:36,590 - INFO - 检测到 Ctrl+C
2025-06-18 20:14:36,608 - INFO - 剪切板中的图片已经保存
2025-06-18 20:14:36,608 - INFO - OCR识别任务已提交
2025-06-18 20:14:37,131 - INFO - 识别成功，img_path: D:\2\WechatOCR\dist\img\~~~ocr.png, result_file: json\~~~ocr.png.json
2025-06-18 20:14:37,180 - INFO - 识别成功，img_path: D:\2\WechatOCR\dist\img\~~~ocr.png, result_file: json\~~~ocr.png.json
2025-06-18 20:14:37,557 - INFO - 文本已保存到 text_save.txt
2025-06-18 20:14:37,599 - INFO - 已将文件内容复制到剪贴板。
2025-06-18 20:14:37,608 - INFO - 文本已保存到 text_save.txt
2025-06-18 20:14:37,617 - INFO - 已将文件内容复制到剪贴板。
2025-06-18 20:28:50,533 - INFO - 检测到 Ctrl+C
2025-06-18 20:28:50,533 - WARNING - 剪切板中不包含图片
2025-06-18 20:29:11,521 - INFO - 检测到 Ctrl+C
2025-06-18 20:29:11,521 - WARNING - 剪切板中不包含图片
2025-06-18 21:03:16,031 - INFO - 检测到 Ctrl+C
2025-06-18 21:03:16,032 - WARNING - 剪切板中不包含图片
2025-06-18 21:17:26,665 - INFO - 检测到 Esc，准备退出
2025-06-18 21:17:26,670 - INFO - OCR 服务已关闭
2025-06-18 21:17:26,670 - INFO - 程序退出
2025-06-18 22:33:10,989 - INFO - 检测到 Esc，准备退出
2025-06-18 22:33:10,993 - INFO - OCR 服务已关闭
2025-06-18 22:33:10,993 - INFO - 程序退出
2025-06-18 23:16:28,499 - INFO - OCR 服务已启动
2025-06-18 23:16:35,021 - INFO - 检测到 Ctrl+C
2025-06-18 23:16:35,041 - INFO - 剪切板中的图片已经保存
2025-06-18 23:16:35,042 - INFO - OCR识别任务已提交
2025-06-18 23:16:35,321 - INFO - 识别成功，img_path: D:\2\WechatOCR\dist\img\~~~ocr.png, result_file: json\~~~ocr.png.json
2025-06-18 23:16:36,043 - INFO - 文本已保存到 text_save.txt
2025-06-18 23:16:36,083 - INFO - 已将文件内容复制到剪贴板。
2025-06-18 23:16:41,098 - INFO - 检测到 Ctrl+C
2025-06-18 23:16:41,098 - WARNING - 剪切板中不包含图片
2025-06-18 23:16:49,520 - INFO - 检测到 Ctrl+C
2025-06-18 23:16:49,520 - WARNING - 剪切板中不包含图片
2025-06-18 23:16:53,334 - INFO - 检测到 Ctrl+C
2025-06-18 23:16:53,334 - WARNING - 剪切板中不包含图片
2025-06-18 23:19:17,783 - INFO - 检测到 Ctrl+C
2025-06-18 23:19:17,791 - INFO - 剪切板中的图片已经保存
2025-06-18 23:19:17,791 - INFO - OCR识别任务已提交
2025-06-18 23:19:17,953 - INFO - 识别成功，img_path: D:\2\WechatOCR\dist\img\~~~ocr.png, result_file: json\~~~ocr.png.json
2025-06-18 23:19:18,792 - INFO - 文本已保存到 text_save.txt
2025-06-18 23:19:18,801 - INFO - 已将文件内容复制到剪贴板。
2025-06-18 23:19:23,614 - INFO - 检测到 Ctrl+C
2025-06-18 23:19:23,614 - WARNING - 剪切板中不包含图片
2025-06-18 23:19:38,056 - INFO - 检测到 Ctrl+C
2025-06-18 23:19:38,056 - WARNING - 剪切板中不包含图片
2025-06-18 23:28:58,360 - INFO - 检测到 Ctrl+C
2025-06-18 23:28:58,360 - WARNING - 剪切板中不包含图片
2025-06-18 23:29:04,884 - INFO - 检测到 Ctrl+C
2025-06-18 23:29:04,884 - WARNING - 剪切板中不包含图片
2025-06-18 23:29:07,891 - INFO - 检测到 Ctrl+C
2025-06-18 23:29:07,891 - ERROR - 保存剪切板图片失败
Traceback (most recent call last):
  File "main.py", line 22, in save_clipboard_pic
AttributeError: 'list' object has no attribute 'save'
2025-06-18 23:29:48,626 - INFO - 检测到 Ctrl+C
2025-06-18 23:29:48,626 - ERROR - 保存剪切板图片失败
Traceback (most recent call last):
  File "main.py", line 22, in save_clipboard_pic
AttributeError: 'list' object has no attribute 'save'
2025-06-18 23:33:18,340 - INFO - 检测到 Ctrl+C
2025-06-18 23:33:18,340 - ERROR - 保存剪切板图片失败
Traceback (most recent call last):
  File "main.py", line 22, in save_clipboard_pic
AttributeError: 'list' object has no attribute 'save'
2025-06-18 23:33:38,408 - INFO - 检测到 Ctrl+C
2025-06-18 23:33:38,408 - ERROR - 保存剪切板图片失败
Traceback (most recent call last):
  File "main.py", line 22, in save_clipboard_pic
AttributeError: 'list' object has no attribute 'save'
2025-06-18 23:35:29,520 - INFO - 检测到 Ctrl+C
2025-06-18 23:35:29,522 - WARNING - 剪切板中不包含图片
2025-06-18 23:35:34,940 - INFO - 检测到 Ctrl+C
2025-06-18 23:35:34,940 - WARNING - 剪切板中不包含图片
2025-06-18 23:35:54,907 - INFO - 检测到 Ctrl+C
2025-06-18 23:35:54,907 - WARNING - 剪切板中不包含图片
2025-06-18 23:39:02,149 - INFO - OCR 服务已启动
2025-06-18 23:39:08,477 - INFO - 检测到 Ctrl+C
2025-06-18 23:39:08,491 - INFO - 剪切板中的图片已经保存
2025-06-18 23:39:08,491 - INFO - OCR识别任务已提交
2025-06-18 23:39:08,520 - INFO - 检测到 Ctrl+C
2025-06-18 23:39:08,521 - INFO - 剪切板中的图片已经保存
2025-06-18 23:39:08,521 - INFO - OCR识别任务已提交
2025-06-18 23:39:08,555 - INFO - 识别成功，img_path: D:\2\WechatOCR\dist\img\~~~ocr.png, result_file: json\~~~ocr.png.json
2025-06-18 23:39:08,586 - INFO - 识别成功，img_path: D:\2\WechatOCR\dist\img\~~~ocr.png, result_file: json\~~~ocr.png.json
2025-06-18 23:39:09,492 - INFO - 文本已保存到 text_save.txt
2025-06-18 23:39:09,523 - INFO - 文本已保存到 text_save.txt
2025-06-18 23:39:09,537 - INFO - 已将文件内容复制到剪贴板。
2025-06-18 23:39:09,546 - INFO - 已将文件内容复制到剪贴板。
2025-06-18 23:39:38,649 - INFO - 检测到 Ctrl+C
2025-06-18 23:39:38,649 - WARNING - 剪切板中不包含图片
2025-06-18 23:39:38,652 - INFO - 检测到 Ctrl+C
2025-06-18 23:39:38,652 - WARNING - 剪切板中不包含图片
2025-06-18 23:41:00,358 - INFO - 检测到 Ctrl+C
2025-06-18 23:41:00,358 - WARNING - 剪切板中不包含图片
2025-06-18 23:41:08,892 - INFO - 检测到 Ctrl+C
2025-06-18 23:41:08,892 - INFO - 检测到 Ctrl+C
2025-06-18 23:41:08,892 - WARNING - 剪切板中不包含图片
2025-06-18 23:41:08,892 - WARNING - 剪切板中不包含图片
2025-06-18 23:42:03,092 - INFO - 检测到 Ctrl+C
2025-06-18 23:42:03,092 - WARNING - 剪切板中不包含图片
2025-06-18 23:42:30,590 - INFO - 检测到 Ctrl+C
2025-06-18 23:42:30,590 - INFO - 检测到 Ctrl+C
2025-06-18 23:42:30,590 - WARNING - 剪切板中不包含图片
2025-06-18 23:42:30,590 - WARNING - 剪切板中不包含图片
2025-06-18 23:42:38,012 - INFO - 检测到 Ctrl+C
2025-06-18 23:42:38,012 - WARNING - 剪切板中不包含图片
2025-06-18 23:42:38,013 - WARNING - 剪切板中不包含图片
2025-06-18 23:42:53,662 - INFO - 检测到 Ctrl+C
2025-06-18 23:42:53,662 - WARNING - 剪切板中不包含图片
2025-06-18 23:42:53,662 - WARNING - 剪切板中不包含图片
2025-06-18 23:42:57,474 - INFO - 检测到 Ctrl+C
2025-06-18 23:42:57,474 - WARNING - 剪切板中不包含图片
2025-06-18 23:42:57,474 - WARNING - 剪切板中不包含图片
2025-06-18 23:45:06,393 - INFO - 检测到 Ctrl+C
2025-06-18 23:45:06,393 - WARNING - 剪切板中不包含图片
2025-06-18 23:46:13,620 - INFO - 检测到 Ctrl+C
2025-06-18 23:46:13,620 - WARNING - 剪切板中不包含图片
2025-06-18 23:48:17,107 - INFO - 检测到 Ctrl+C
2025-06-18 23:48:17,107 - WARNING - 剪切板中不包含图片
2025-06-18 23:54:43,166 - INFO - 检测到 Ctrl+C
2025-06-18 23:54:43,166 - WARNING - 剪切板中不包含图片
2025-06-19 00:04:38,761 - INFO - 检测到 Ctrl+C
2025-06-19 00:04:38,814 - INFO - 检测到 Ctrl+C
2025-06-19 00:04:38,814 - WARNING - 剪切板中不包含图片
2025-06-19 00:04:39,262 - WARNING - 剪切板中不包含图片
2025-06-19 00:05:35,462 - INFO - 检测到 Ctrl+C
2025-06-19 00:05:35,963 - WARNING - 剪切板中不包含图片
2025-06-19 00:05:46,095 - INFO - 检测到 Ctrl+C
2025-06-19 00:05:46,096 - WARNING - 剪切板中不包含图片
2025-06-19 00:05:46,174 - INFO - 检测到 Ctrl+C
2025-06-19 00:05:46,174 - WARNING - 剪切板中不包含图片
2025-06-19 00:06:33,647 - INFO - 检测到 Ctrl+C
2025-06-19 00:06:33,647 - WARNING - 剪切板中不包含图片
2025-06-19 00:12:00,717 - INFO - 检测到 Esc，准备退出
2025-06-19 00:12:00,719 - INFO - OCR 服务已关闭
2025-06-19 00:12:00,719 - INFO - 程序退出
2025-06-19 00:12:00,756 - INFO - 检测到 Esc，准备退出
2025-06-19 00:12:00,757 - INFO - OCR 服务已关闭
2025-06-19 00:12:00,758 - INFO - 程序退出
2025-06-19 20:10:52,045 - INFO - OCR 服务已启动
2025-06-19 20:10:59,269 - INFO - 检测到 Ctrl+C
2025-06-19 20:10:59,290 - INFO - 剪切板中的图片已经保存
2025-06-19 20:10:59,290 - INFO - OCR识别任务已提交
2025-06-19 20:10:59,556 - INFO - 识别成功，img_path: D:\2\WechatOCR\dist\img\~~~ocr.png, result_file: json\~~~ocr.png.json
2025-06-19 20:11:00,291 - INFO - 文本已保存到 text_save.txt
2025-06-19 20:11:00,341 - INFO - 已将文件内容复制到剪贴板。
2025-06-19 20:11:39,773 - INFO - 检测到 Ctrl+C
2025-06-19 20:11:39,773 - WARNING - 剪切板中不包含图片
2025-06-19 20:11:40,274 - INFO - 检测到 Esc，准备退出
2025-06-19 20:11:40,274 - INFO - OCR 服务已关闭
2025-06-19 20:11:40,274 - INFO - 程序退出
2025-06-19 20:14:48,858 - INFO - OCR 服务已启动
2025-06-19 20:14:52,070 - INFO - 检测到 Ctrl+C
2025-06-19 20:14:52,082 - INFO - 剪切板中的图片已经保存
2025-06-19 20:14:52,083 - INFO - OCR识别任务已提交
2025-06-19 20:14:52,164 - INFO - 识别成功，img_path: D:\2\WechatOCR\dist\img\~~~ocr.png, result_file: json\~~~ocr.png.json
2025-06-19 20:14:53,083 - INFO - 文本已保存到 text_save.txt
2025-06-19 20:14:53,119 - INFO - 已将文件内容复制到剪贴板。
2025-06-19 20:15:40,577 - INFO - 检测到 Ctrl+C
2025-06-19 20:15:40,583 - INFO - 剪切板中的图片已经保存
2025-06-19 20:15:40,584 - INFO - OCR识别任务已提交
2025-06-19 20:15:40,667 - INFO - 识别成功，img_path: D:\2\WechatOCR\dist\img\~~~ocr.png, result_file: json\~~~ocr.png.json
2025-06-19 20:15:41,584 - INFO - 文本已保存到 text_save.txt
2025-06-19 20:15:41,592 - INFO - 已将文件内容复制到剪贴板。
2025-06-19 20:15:43,196 - INFO - 检测到 Ctrl+C
2025-06-19 20:15:43,196 - WARNING - 剪切板中不包含图片
2025-06-19 20:19:31,202 - INFO - 检测到 Ctrl+C
2025-06-19 20:19:31,212 - INFO - 剪切板中的图片已经保存
2025-06-19 20:19:31,213 - INFO - OCR识别任务已提交
2025-06-19 20:19:31,418 - INFO - 识别成功，img_path: D:\2\WechatOCR\dist\img\~~~ocr.png, result_file: json\~~~ocr.png.json
2025-06-19 20:19:32,214 - INFO - 文本已保存到 text_save.txt
2025-06-19 20:19:32,224 - INFO - 已将文件内容复制到剪贴板。
2025-06-19 20:19:35,433 - INFO - 检测到 Ctrl+C
2025-06-19 20:19:35,433 - WARNING - 剪切板中不包含图片
2025-06-19 20:22:43,717 - INFO - 检测到 Ctrl+C
2025-06-19 20:22:43,725 - INFO - 剪切板中的图片已经保存
2025-06-19 20:22:43,726 - INFO - OCR识别任务已提交
2025-06-19 20:22:43,896 - INFO - 识别成功，img_path: D:\2\WechatOCR\dist\img\~~~ocr.png, result_file: json\~~~ocr.png.json
2025-06-19 20:22:44,727 - INFO - 文本已保存到 text_save.txt
2025-06-19 20:22:44,734 - INFO - 已将文件内容复制到剪贴板。
2025-06-19 20:25:19,910 - INFO - 检测到 Ctrl+C
2025-06-19 20:25:19,924 - INFO - 剪切板中的图片已经保存
2025-06-19 20:25:19,924 - INFO - OCR识别任务已提交
2025-06-19 20:25:20,137 - INFO - 识别成功，img_path: D:\2\WechatOCR\dist\img\~~~ocr.png, result_file: json\~~~ocr.png.json
2025-06-19 20:25:20,925 - INFO - 文本已保存到 text_save.txt
2025-06-19 20:25:20,933 - INFO - 已将文件内容复制到剪贴板。
2025-06-19 20:27:56,905 - INFO - 检测到 Ctrl+C
2025-06-19 20:27:56,905 - WARNING - 剪切板中不包含图片
2025-06-19 20:29:12,838 - INFO - 检测到 Ctrl+C
2025-06-19 20:29:12,842 - INFO - 剪切板中的图片已经保存
2025-06-19 20:29:12,843 - INFO - OCR识别任务已提交
2025-06-19 20:29:12,924 - INFO - 识别成功，img_path: D:\2\WechatOCR\dist\img\~~~ocr.png, result_file: json\~~~ocr.png.json
2025-06-19 20:29:13,844 - INFO - 文本已保存到 text_save.txt
2025-06-19 20:29:13,854 - INFO - 已将文件内容复制到剪贴板。
2025-06-19 20:29:17,563 - INFO - 检测到 Ctrl+C
2025-06-19 20:29:17,563 - WARNING - 剪切板中不包含图片
2025-06-19 20:29:18,164 - INFO - 检测到 Ctrl+C
2025-06-19 20:29:18,164 - WARNING - 剪切板中不包含图片
2025-06-19 20:29:35,216 - INFO - 检测到 Ctrl+C
2025-06-19 20:29:35,223 - INFO - 剪切板中的图片已经保存
2025-06-19 20:29:35,224 - INFO - OCR识别任务已提交
2025-06-19 20:29:35,404 - INFO - 识别成功，img_path: D:\2\WechatOCR\dist\img\~~~ocr.png, result_file: json\~~~ocr.png.json
2025-06-19 20:29:36,225 - INFO - 文本已保存到 text_save.txt
2025-06-19 20:29:36,232 - INFO - 已将文件内容复制到剪贴板。
2025-06-19 20:30:10,133 - INFO - 检测到 Ctrl+C
2025-06-19 20:30:10,133 - WARNING - 剪切板中不包含图片
2025-06-19 20:31:49,539 - INFO - 检测到 Ctrl+C
2025-06-19 20:31:49,546 - INFO - 剪切板中的图片已经保存
2025-06-19 20:31:49,546 - INFO - OCR识别任务已提交
2025-06-19 20:31:49,613 - INFO - 识别成功，img_path: D:\2\WechatOCR\dist\img\~~~ocr.png, result_file: json\~~~ocr.png.json
2025-06-19 20:31:50,547 - INFO - 文本已保存到 text_save.txt
2025-06-19 20:31:50,554 - INFO - 已将文件内容复制到剪贴板。
2025-06-19 20:32:33,182 - INFO - 检测到 Ctrl+C
2025-06-19 20:32:33,183 - INFO - 剪切板中的图片已经保存
2025-06-19 20:32:33,184 - INFO - OCR识别任务已提交
2025-06-19 20:32:33,230 - INFO - 识别成功，img_path: D:\2\WechatOCR\dist\img\~~~ocr.png, result_file: json\~~~ocr.png.json
2025-06-19 20:32:34,185 - INFO - 文本已保存到 text_save.txt
2025-06-19 20:32:34,192 - INFO - 已将文件内容复制到剪贴板。
2025-06-19 20:33:34,787 - INFO - 检测到 Ctrl+C
2025-06-19 20:33:34,787 - WARNING - 剪切板中不包含图片
2025-06-19 20:33:43,514 - INFO - 检测到 Ctrl+C
2025-06-19 20:33:43,514 - WARNING - 剪切板中不包含图片
2025-06-19 20:36:24,418 - INFO - 检测到 Ctrl+C
2025-06-19 20:36:24,418 - WARNING - 剪切板中不包含图片
2025-06-19 20:36:37,461 - INFO - 检测到 Ctrl+C
2025-06-19 20:36:37,461 - WARNING - 剪切板中不包含图片
2025-06-19 20:36:54,819 - INFO - 检测到 Ctrl+C
2025-06-19 20:36:54,819 - WARNING - 剪切板中不包含图片
2025-06-19 20:37:03,248 - INFO - 检测到 Ctrl+C
2025-06-19 20:37:03,248 - WARNING - 剪切板中不包含图片
2025-06-19 20:37:07,861 - INFO - 检测到 Ctrl+C
2025-06-19 20:37:07,861 - WARNING - 剪切板中不包含图片
2025-06-19 20:38:34,028 - INFO - 检测到 Ctrl+C
2025-06-19 20:38:34,054 - INFO - 剪切板中的图片已经保存
2025-06-19 20:38:34,054 - INFO - OCR识别任务已提交
2025-06-19 20:38:34,283 - INFO - 识别成功，img_path: D:\2\WechatOCR\dist\img\~~~ocr.png, result_file: json\~~~ocr.png.json
2025-06-19 20:38:35,054 - INFO - 文本已保存到 text_save.txt
2025-06-19 20:38:35,063 - INFO - 已将文件内容复制到剪贴板。
2025-06-19 20:40:18,586 - INFO - 检测到 Ctrl+C
2025-06-19 20:40:18,586 - WARNING - 剪切板中不包含图片
2025-06-19 20:40:36,443 - INFO - 检测到 Ctrl+C
2025-06-19 20:40:36,458 - INFO - 剪切板中的图片已经保存
2025-06-19 20:40:36,459 - INFO - OCR识别任务已提交
2025-06-19 20:40:36,626 - INFO - 识别成功，img_path: D:\2\WechatOCR\dist\img\~~~ocr.png, result_file: json\~~~ocr.png.json
2025-06-19 20:40:37,460 - INFO - 文本已保存到 text_save.txt
2025-06-19 20:40:37,468 - INFO - 已将文件内容复制到剪贴板。
2025-06-19 20:41:54,702 - INFO - 检测到 Ctrl+C
2025-06-19 20:41:54,717 - INFO - 剪切板中的图片已经保存
2025-06-19 20:41:54,718 - INFO - OCR识别任务已提交
2025-06-19 20:41:54,872 - INFO - 识别成功，img_path: D:\2\WechatOCR\dist\img\~~~ocr.png, result_file: json\~~~ocr.png.json
2025-06-19 20:41:55,718 - INFO - 文本已保存到 text_save.txt
2025-06-19 20:41:55,727 - INFO - 已将文件内容复制到剪贴板。
2025-06-19 20:42:15,989 - INFO - 检测到 Ctrl+C
2025-06-19 20:42:15,989 - WARNING - 剪切板中不包含图片
2025-06-19 20:47:17,135 - INFO - 检测到 Ctrl+C
2025-06-19 20:47:17,135 - WARNING - 剪切板中不包含图片
2025-06-19 20:47:29,171 - INFO - 检测到 Ctrl+C
2025-06-19 20:47:29,171 - WARNING - 剪切板中不包含图片
2025-06-19 20:47:46,125 - INFO - 检测到 Ctrl+C
2025-06-19 20:47:46,125 - WARNING - 剪切板中不包含图片
2025-06-19 20:48:18,530 - INFO - 检测到 Ctrl+C
2025-06-19 20:48:18,541 - INFO - 剪切板中的图片已经保存
2025-06-19 20:48:18,542 - INFO - OCR识别任务已提交
2025-06-19 20:48:18,637 - INFO - 识别成功，img_path: D:\2\WechatOCR\dist\img\~~~ocr.png, result_file: json\~~~ocr.png.json
2025-06-19 20:48:19,543 - INFO - 文本已保存到 text_save.txt
2025-06-19 20:48:19,551 - INFO - 已将文件内容复制到剪贴板。
2025-06-19 20:52:33,711 - INFO - 检测到 Ctrl+C
2025-06-19 20:52:33,725 - INFO - 剪切板中的图片已经保存
2025-06-19 20:52:33,725 - INFO - OCR识别任务已提交
2025-06-19 20:52:33,927 - INFO - 识别成功，img_path: D:\2\WechatOCR\dist\img\~~~ocr.png, result_file: json\~~~ocr.png.json
2025-06-19 20:52:34,726 - INFO - 文本已保存到 text_save.txt
2025-06-19 20:52:34,734 - INFO - 已将文件内容复制到剪贴板。
2025-06-19 20:53:33,914 - INFO - 检测到 Ctrl+C
2025-06-19 20:53:33,914 - WARNING - 剪切板中不包含图片
2025-06-19 20:55:31,973 - INFO - 检测到 Esc，准备退出
2025-06-19 20:55:31,973 - INFO - OCR 服务已关闭
2025-06-19 20:55:31,973 - INFO - 程序退出
2025-06-19 21:00:24,027 - INFO - OCR 服务已启动
2025-06-19 21:00:28,041 - INFO - 检测到 Ctrl+C
2025-06-19 21:00:28,082 - INFO - 剪切板中的图片已经保存
2025-06-19 21:00:28,082 - INFO - OCR识别任务已提交
2025-06-19 21:00:28,401 - INFO - 识别成功，img_path: D:\2\WechatOCR\dist\img\~~~ocr.png, result_file: json\~~~ocr.png.json
2025-06-19 21:00:29,084 - INFO - 文本已保存到 text_save.txt
2025-06-19 21:00:29,121 - INFO - 已将文件内容复制到剪贴板。
2025-06-19 21:00:35,643 - INFO - 检测到 Ctrl+C
2025-06-19 21:00:35,671 - INFO - 剪切板中的图片已经保存
2025-06-19 21:00:35,672 - INFO - OCR识别任务已提交
2025-06-19 21:00:35,977 - INFO - 识别成功，img_path: D:\2\WechatOCR\dist\img\~~~ocr.png, result_file: json\~~~ocr.png.json
2025-06-19 21:00:36,672 - INFO - 文本已保存到 text_save.txt
2025-06-19 21:00:36,681 - INFO - 已将文件内容复制到剪贴板。
2025-06-19 21:02:01,037 - INFO - 检测到 Ctrl+C
2025-06-19 21:02:01,037 - WARNING - 剪切板中不包含图片
2025-06-19 21:03:02,736 - INFO - 检测到 Ctrl+C
2025-06-19 21:03:02,743 - INFO - 剪切板中的图片已经保存
2025-06-19 21:03:02,743 - INFO - OCR识别任务已提交
2025-06-19 21:03:02,974 - INFO - 识别成功，img_path: D:\2\WechatOCR\dist\img\~~~ocr.png, result_file: json\~~~ocr.png.json
2025-06-19 21:03:03,744 - INFO - 文本已保存到 text_save.txt
2025-06-19 21:03:03,750 - INFO - 已将文件内容复制到剪贴板。
2025-06-19 21:09:28,569 - INFO - 检测到 Ctrl+C
2025-06-19 21:09:28,584 - INFO - 剪切板中的图片已经保存
2025-06-19 21:09:28,584 - INFO - OCR识别任务已提交
2025-06-19 21:09:28,835 - INFO - 识别成功，img_path: D:\2\WechatOCR\dist\img\~~~ocr.png, result_file: json\~~~ocr.png.json
2025-06-19 21:09:29,585 - INFO - 文本已保存到 text_save.txt
2025-06-19 21:09:29,592 - INFO - 已将文件内容复制到剪贴板。
2025-06-19 21:09:30,093 - INFO - 检测到 Esc，准备退出
2025-06-19 21:09:30,093 - INFO - OCR 服务已关闭
2025-06-19 21:09:30,093 - INFO - 程序退出
2025-06-19 21:34:30,003 - INFO - OCR 服务已启动
2025-06-19 21:34:34,720 - INFO - 检测到 Ctrl+C
2025-06-19 21:34:35,247 - INFO - 剪切板中的图片已经保存
2025-06-19 21:34:35,248 - INFO - OCR识别任务已提交
2025-06-19 21:34:35,689 - INFO - 识别成功，img_path: D:\2\WechatOCR\dist\img\~~~ocr.png, result_file: json\~~~ocr.png.json
2025-06-19 21:34:36,249 - INFO - 文本已保存到 text_save.txt
2025-06-19 21:34:36,313 - INFO - 已将文件内容复制到剪贴板。
2025-06-19 21:35:34,098 - INFO - 检测到 Ctrl+C
2025-06-19 21:35:34,098 - WARNING - 剪切板中不包含图片
2025-06-19 21:36:03,992 - INFO - 检测到 Ctrl+C
2025-06-19 21:36:03,992 - WARNING - 剪切板中不包含图片
2025-06-19 21:36:06,700 - INFO - 检测到 Ctrl+C
2025-06-19 21:36:06,700 - WARNING - 剪切板中不包含图片
2025-06-19 21:36:22,047 - INFO - 检测到 Ctrl+C
2025-06-19 21:36:22,047 - WARNING - 剪切板中不包含图片
2025-06-19 21:36:30,471 - INFO - 检测到 Ctrl+C
2025-06-19 21:36:30,471 - WARNING - 剪切板中不包含图片
2025-06-19 21:37:28,963 - INFO - 检测到 Ctrl+C
2025-06-19 21:37:28,963 - WARNING - 剪切板中不包含图片
2025-06-19 21:38:25,038 - INFO - 检测到 Ctrl+C
2025-06-19 21:38:25,038 - WARNING - 剪切板中不包含图片
2025-06-19 21:38:59,051 - INFO - 检测到 Ctrl+C
2025-06-19 21:38:59,051 - WARNING - 剪切板中不包含图片
2025-06-19 21:39:01,357 - INFO - 检测到 Ctrl+C
2025-06-19 21:39:01,357 - WARNING - 剪切板中不包含图片
2025-06-19 21:45:59,627 - INFO - 检测到 Ctrl+C
2025-06-19 21:45:59,627 - WARNING - 剪切板中不包含图片
2025-06-19 21:46:45,981 - INFO - 检测到 Ctrl+C
2025-06-19 21:46:45,981 - WARNING - 剪切板中不包含图片
2025-06-19 21:48:21,497 - INFO - 检测到 Ctrl+C
2025-06-19 21:48:21,497 - WARNING - 剪切板中不包含图片
2025-06-19 21:48:26,914 - INFO - 检测到 Ctrl+C
2025-06-19 21:48:26,914 - WARNING - 剪切板中不包含图片
2025-06-19 21:48:30,022 - INFO - 检测到 Ctrl+C
2025-06-19 21:48:30,022 - WARNING - 剪切板中不包含图片
2025-06-19 21:48:31,124 - INFO - 检测到 Ctrl+C
2025-06-19 21:48:31,124 - WARNING - 剪切板中不包含图片
2025-06-19 21:49:10,048 - INFO - 检测到 Ctrl+C
2025-06-19 21:49:10,048 - WARNING - 剪切板中不包含图片
2025-06-19 21:49:18,072 - INFO - 检测到 Ctrl+C
2025-06-19 21:49:18,072 - WARNING - 剪切板中不包含图片
2025-06-19 21:49:31,015 - INFO - 检测到 Ctrl+C
2025-06-19 21:49:31,015 - WARNING - 剪切板中不包含图片
2025-06-19 21:49:58,899 - INFO - 检测到 Ctrl+C
2025-06-19 21:49:58,899 - WARNING - 剪切板中不包含图片
2025-06-19 21:50:23,684 - INFO - 检测到 Ctrl+C
2025-06-19 21:50:24,191 - WARNING - 剪切板中不包含图片
2025-06-19 21:50:38,639 - INFO - 检测到 Ctrl+C
2025-06-19 21:50:38,639 - WARNING - 剪切板中不包含图片
2025-06-19 21:50:44,658 - INFO - 检测到 Ctrl+C
2025-06-19 21:50:44,658 - WARNING - 剪切板中不包含图片
2025-06-19 21:50:55,088 - INFO - 检测到 Ctrl+C
2025-06-19 21:50:55,088 - WARNING - 剪切板中不包含图片
2025-06-19 21:51:13,447 - INFO - 检测到 Ctrl+C
2025-06-19 21:51:13,447 - WARNING - 剪切板中不包含图片
2025-06-19 21:51:17,860 - INFO - 检测到 Ctrl+C
2025-06-19 21:51:17,860 - WARNING - 剪切板中不包含图片
2025-06-19 21:52:55,081 - INFO - 检测到 Ctrl+C
2025-06-19 21:52:55,082 - WARNING - 剪切板中不包含图片
2025-06-19 21:55:31,692 - INFO - 检测到 Ctrl+C
2025-06-19 21:55:31,694 - WARNING - 剪切板中不包含图片
2025-06-19 21:55:40,723 - INFO - 检测到 Ctrl+C
2025-06-19 21:55:40,724 - WARNING - 剪切板中不包含图片
2025-06-19 21:57:05,302 - INFO - 检测到 Ctrl+C
2025-06-19 21:57:05,302 - WARNING - 剪切板中不包含图片
2025-06-19 22:00:09,551 - INFO - 检测到 Ctrl+C
2025-06-19 22:00:09,551 - WARNING - 剪切板中不包含图片
2025-06-19 23:23:10,177 - INFO - OCR 服务已启动
2025-06-19 23:23:16,807 - INFO - 检测到 Ctrl+C
2025-06-19 23:23:16,829 - INFO - 剪切板中的图片已经保存
2025-06-19 23:23:16,829 - INFO - OCR识别任务已提交
2025-06-19 23:23:16,968 - INFO - 识别成功，img_path: D:\2\WechatOCR\dist\img\~~~ocr.png, result_file: json\~~~ocr.png.json
2025-06-19 23:23:17,835 - INFO - 文本已保存到 text_save.txt
2025-06-19 23:23:17,887 - INFO - 已将文件内容复制到剪贴板。
2025-06-19 23:24:19,515 - INFO - 检测到 Ctrl+C
2025-06-19 23:24:19,515 - WARNING - 剪切板中不包含图片
2025-06-19 23:25:05,579 - INFO - 检测到 Ctrl+C
2025-06-19 23:25:05,579 - WARNING - 剪切板中不包含图片
2025-06-19 23:26:24,562 - INFO - 检测到 Ctrl+C
2025-06-19 23:26:24,562 - WARNING - 剪切板中不包含图片
2025-06-19 23:26:56,675 - INFO - 检测到 Ctrl+C
2025-06-19 23:26:56,675 - WARNING - 剪切板中不包含图片
2025-06-19 23:27:02,092 - INFO - 检测到 Ctrl+C
2025-06-19 23:27:02,092 - WARNING - 剪切板中不包含图片
2025-06-19 23:27:08,112 - INFO - 检测到 Ctrl+C
2025-06-19 23:27:08,112 - WARNING - 剪切板中不包含图片
2025-06-19 23:27:34,210 - INFO - 检测到 Ctrl+C
2025-06-19 23:27:34,210 - WARNING - 剪切板中不包含图片
2025-06-19 23:28:16,354 - INFO - 检测到 Ctrl+C
2025-06-19 23:28:16,354 - WARNING - 剪切板中不包含图片
2025-06-19 23:28:39,940 - INFO - 检测到 Ctrl+C
2025-06-19 23:28:39,941 - INFO - 剪切板中的图片已经保存
2025-06-19 23:28:39,942 - INFO - OCR识别任务已提交
2025-06-19 23:28:40,022 - INFO - 识别成功，img_path: D:\2\WechatOCR\dist\img\~~~ocr.png, result_file: json\~~~ocr.png.json
2025-06-19 23:28:40,942 - INFO - 文本已保存到 text_save.txt
2025-06-19 23:28:40,950 - INFO - 已将文件内容复制到剪贴板。
2025-06-19 23:29:20,891 - INFO - 检测到 Ctrl+C
2025-06-19 23:29:20,891 - WARNING - 剪切板中不包含图片
2025-06-19 23:29:31,229 - INFO - 检测到 Ctrl+C
2025-06-19 23:29:31,231 - INFO - 剪切板中的图片已经保存
2025-06-19 23:29:31,231 - INFO - OCR识别任务已提交
2025-06-19 23:29:31,302 - INFO - 识别成功，img_path: D:\2\WechatOCR\dist\img\~~~ocr.png, result_file: json\~~~ocr.png.json
2025-06-19 23:29:32,231 - INFO - 文本已保存到 text_save.txt
2025-06-19 23:29:32,241 - INFO - 已将文件内容复制到剪贴板。
2025-06-19 23:29:33,544 - INFO - 检测到 Ctrl+C
2025-06-19 23:29:33,545 - WARNING - 剪切板中不包含图片
2025-06-19 23:30:45,084 - INFO - 检测到 Ctrl+C
2025-06-19 23:30:45,084 - WARNING - 剪切板中不包含图片
2025-06-19 23:30:56,420 - INFO - 检测到 Ctrl+C
2025-06-19 23:30:56,420 - WARNING - 剪切板中不包含图片
2025-06-19 23:31:02,137 - INFO - 检测到 Ctrl+C
2025-06-19 23:31:02,137 - WARNING - 剪切板中不包含图片
2025-06-19 23:31:08,254 - INFO - 检测到 Ctrl+C
2025-06-19 23:31:08,254 - WARNING - 剪切板中不包含图片
2025-06-19 23:31:20,399 - INFO - 检测到 Ctrl+C
2025-06-19 23:31:20,399 - WARNING - 剪切板中不包含图片
2025-06-19 23:31:36,553 - INFO - 检测到 Ctrl+C
2025-06-19 23:31:36,553 - WARNING - 剪切板中不包含图片
2025-06-19 23:32:21,825 - INFO - 检测到 Ctrl+C
2025-06-19 23:32:21,825 - WARNING - 剪切板中不包含图片
2025-06-19 23:33:07,581 - INFO - 检测到 Ctrl+C
2025-06-19 23:33:07,581 - WARNING - 剪切板中不包含图片
2025-06-19 23:36:08,787 - INFO - 检测到 Ctrl+C
2025-06-19 23:36:08,787 - WARNING - 剪切板中不包含图片
2025-06-19 23:36:56,463 - INFO - 检测到 Ctrl+C
2025-06-19 23:36:56,463 - WARNING - 剪切板中不包含图片
2025-06-19 23:38:12,617 - INFO - 检测到 Ctrl+C
2025-06-19 23:38:12,617 - WARNING - 剪切板中不包含图片
2025-06-19 23:38:17,131 - INFO - 检测到 Ctrl+C
2025-06-19 23:38:17,131 - WARNING - 剪切板中不包含图片
2025-06-19 23:38:27,367 - INFO - 检测到 Ctrl+C
2025-06-19 23:38:27,368 - WARNING - 剪切板中不包含图片
2025-06-19 23:38:30,176 - INFO - 检测到 Ctrl+C
2025-06-19 23:38:30,176 - WARNING - 剪切板中不包含图片
2025-06-19 23:39:21,345 - INFO - 检测到 Ctrl+C
2025-06-19 23:39:21,345 - WARNING - 剪切板中不包含图片
2025-06-19 23:40:05,789 - INFO - 检测到 Ctrl+C
2025-06-19 23:40:05,789 - WARNING - 剪切板中不包含图片
2025-06-19 23:51:23,681 - INFO - 检测到 Ctrl+C
2025-06-19 23:51:23,681 - WARNING - 剪切板中不包含图片
2025-06-19 23:51:33,413 - INFO - 检测到 Ctrl+C
2025-06-19 23:51:33,413 - WARNING - 剪切板中不包含图片
2025-06-19 23:51:50,473 - INFO - 检测到 Ctrl+C
2025-06-19 23:51:50,473 - WARNING - 剪切板中不包含图片
2025-06-19 23:53:28,409 - INFO - 检测到 Ctrl+C
2025-06-19 23:53:28,409 - WARNING - 剪切板中不包含图片
2025-06-19 23:54:06,938 - INFO - 检测到 Ctrl+C
2025-06-19 23:54:06,938 - WARNING - 剪切板中不包含图片
2025-06-19 23:54:14,566 - INFO - 检测到 Ctrl+C
2025-06-19 23:54:14,567 - WARNING - 剪切板中不包含图片
2025-06-20 00:01:05,727 - INFO - 检测到 Ctrl+C
2025-06-20 00:01:05,727 - WARNING - 剪切板中不包含图片
2025-06-20 00:01:23,697 - INFO - 检测到 Ctrl+C
2025-06-20 00:01:23,698 - WARNING - 剪切板中不包含图片
2025-06-20 00:01:32,225 - INFO - 检测到 Ctrl+C
2025-06-20 00:01:32,225 - WARNING - 剪切板中不包含图片
2025-06-20 00:01:55,806 - INFO - 检测到 Ctrl+C
2025-06-20 00:01:55,806 - WARNING - 剪切板中不包含图片
2025-06-20 00:02:45,380 - INFO - 检测到 Ctrl+C
2025-06-20 00:02:45,380 - WARNING - 剪切板中不包含图片
2025-06-20 00:03:05,141 - INFO - 检测到 Ctrl+C
2025-06-20 00:03:05,141 - WARNING - 剪切板中不包含图片
2025-06-20 00:03:14,071 - INFO - 检测到 Ctrl+C
2025-06-20 00:03:14,071 - WARNING - 剪切板中不包含图片
2025-06-20 00:08:08,530 - INFO - 检测到 Ctrl+C
2025-06-20 00:08:08,530 - WARNING - 剪切板中不包含图片
2025-06-20 00:08:18,568 - INFO - 检测到 Ctrl+C
2025-06-20 00:08:18,569 - WARNING - 剪切板中不包含图片
2025-06-20 00:08:29,503 - INFO - 检测到 Ctrl+C
2025-06-20 00:08:29,503 - WARNING - 剪切板中不包含图片
2025-06-20 00:08:53,981 - INFO - 检测到 Ctrl+C
2025-06-20 00:08:53,981 - WARNING - 剪切板中不包含图片
2025-06-20 00:08:57,492 - INFO - 检测到 Ctrl+C
2025-06-20 00:08:57,492 - WARNING - 剪切板中不包含图片
2025-06-20 00:09:08,527 - INFO - 检测到 Ctrl+C
2025-06-20 00:09:08,527 - WARNING - 剪切板中不包含图片
2025-06-20 00:09:45,555 - INFO - 检测到 Ctrl+C
2025-06-20 00:09:45,555 - WARNING - 剪切板中不包含图片
2025-06-20 00:11:10,853 - INFO - 检测到 Ctrl+C
2025-06-20 00:11:10,853 - WARNING - 剪切板中不包含图片
2025-06-20 00:11:43,259 - INFO - 检测到 Ctrl+C
2025-06-20 00:11:43,259 - WARNING - 剪切板中不包含图片
2025-06-20 00:11:53,092 - INFO - 检测到 Ctrl+C
2025-06-20 00:11:53,092 - WARNING - 剪切板中不包含图片
2025-06-20 00:16:34,061 - INFO - 检测到 Ctrl+C
2025-06-20 00:16:34,061 - WARNING - 剪切板中不包含图片
2025-06-20 00:16:41,584 - INFO - 检测到 Ctrl+C
2025-06-20 00:16:41,584 - WARNING - 剪切板中不包含图片
2025-06-20 00:18:45,441 - INFO - 检测到 Ctrl+C
2025-06-20 00:18:45,443 - WARNING - 剪切板中不包含图片
2025-06-20 00:18:51,964 - INFO - 检测到 Ctrl+C
2025-06-20 00:18:51,964 - WARNING - 剪切板中不包含图片
2025-06-20 00:19:26,481 - INFO - 检测到 Ctrl+C
2025-06-20 00:19:26,481 - WARNING - 剪切板中不包含图片
2025-06-20 00:19:45,446 - INFO - 检测到 Ctrl+C
2025-06-20 00:19:45,446 - WARNING - 剪切板中不包含图片
2025-06-20 00:21:37,028 - INFO - 检测到 Ctrl+C
2025-06-20 00:21:37,028 - WARNING - 剪切板中不包含图片
2025-06-20 00:22:39,352 - INFO - 检测到 Ctrl+C
2025-06-20 00:22:39,352 - WARNING - 剪切板中不包含图片
2025-06-20 00:22:49,093 - INFO - 检测到 Ctrl+C
2025-06-20 00:22:49,093 - WARNING - 剪切板中不包含图片
2025-06-20 00:25:20,902 - INFO - 检测到 Ctrl+C
2025-06-20 00:25:20,902 - WARNING - 剪切板中不包含图片
2025-06-20 00:26:29,164 - INFO - 检测到 Ctrl+C
2025-06-20 00:26:29,164 - WARNING - 剪切板中不包含图片
2025-06-20 00:27:43,212 - INFO - 检测到 Ctrl+C
2025-06-20 00:27:43,212 - WARNING - 剪切板中不包含图片
2025-06-20 00:27:54,851 - INFO - 检测到 Ctrl+C
2025-06-20 00:27:54,851 - WARNING - 剪切板中不包含图片
2025-06-20 00:29:43,726 - INFO - 检测到 Ctrl+C
2025-06-20 00:29:43,726 - WARNING - 剪切板中不包含图片
2025-06-20 00:30:23,157 - INFO - 检测到 Ctrl+C
2025-06-20 00:30:23,157 - WARNING - 剪切板中不包含图片
2025-06-20 00:30:25,063 - INFO - 检测到 Ctrl+C
2025-06-20 00:30:25,063 - WARNING - 剪切板中不包含图片
2025-06-20 00:31:00,385 - INFO - 检测到 Ctrl+C
2025-06-20 00:31:00,385 - WARNING - 剪切板中不包含图片
2025-06-20 00:32:27,372 - INFO - 检测到 Ctrl+C
2025-06-20 00:32:27,377 - ERROR - 保存剪切板图片失败
Traceback (most recent call last):
  File "main.py", line 22, in save_clipboard_pic
AttributeError: 'list' object has no attribute 'save'
2025-06-20 00:33:10,131 - INFO - 检测到 Ctrl+C
2025-06-20 00:33:10,131 - WARNING - 剪切板中不包含图片
2025-06-20 00:35:12,942 - INFO - 检测到 Ctrl+C
2025-06-20 00:35:12,942 - WARNING - 剪切板中不包含图片
2025-06-20 00:35:22,672 - INFO - 检测到 Ctrl+C
2025-06-20 00:35:22,672 - WARNING - 剪切板中不包含图片
2025-06-20 00:40:48,637 - INFO - 检测到 Ctrl+C
2025-06-20 00:40:48,637 - WARNING - 剪切板中不包含图片
2025-06-20 00:41:58,375 - INFO - 检测到 Ctrl+C
2025-06-20 00:41:58,375 - WARNING - 剪切板中不包含图片
2025-06-20 00:42:08,412 - INFO - 检测到 Ctrl+C
2025-06-20 00:42:08,412 - WARNING - 剪切板中不包含图片
2025-06-20 00:44:16,044 - INFO - 检测到 Ctrl+C
2025-06-20 00:44:16,044 - WARNING - 剪切板中不包含图片
2025-06-20 00:45:17,468 - INFO - 检测到 Ctrl+C
2025-06-20 00:45:17,468 - WARNING - 剪切板中不包含图片
2025-06-20 00:46:42,981 - INFO - 检测到 Ctrl+C
2025-06-20 00:46:42,981 - WARNING - 剪切板中不包含图片
2025-06-20 00:46:57,730 - INFO - 检测到 Ctrl+C
2025-06-20 00:46:57,730 - WARNING - 剪切板中不包含图片
2025-06-20 00:47:11,577 - INFO - 检测到 Ctrl+C
2025-06-20 00:47:11,577 - WARNING - 剪切板中不包含图片
2025-06-20 00:50:00,404 - INFO - 检测到 Ctrl+C
2025-06-20 00:50:00,404 - WARNING - 剪切板中不包含图片
2025-06-20 00:50:44,861 - INFO - 检测到 Ctrl+C
2025-06-20 00:50:44,861 - WARNING - 剪切板中不包含图片
2025-06-20 00:51:26,115 - INFO - 检测到 Ctrl+C
2025-06-20 00:51:26,115 - WARNING - 剪切板中不包含图片
2025-06-20 00:55:51,637 - INFO - 检测到 Ctrl+C
2025-06-20 00:55:51,637 - WARNING - 剪切板中不包含图片
2025-06-20 00:58:28,594 - INFO - 检测到 Ctrl+C
2025-06-20 00:58:28,594 - WARNING - 剪切板中不包含图片
2025-06-20 01:01:55,089 - INFO - 检测到 Ctrl+C
2025-06-20 01:01:55,089 - WARNING - 剪切板中不包含图片
2025-06-20 01:02:19,770 - INFO - 检测到 Ctrl+C
2025-06-20 01:02:19,770 - WARNING - 剪切板中不包含图片
2025-06-20 01:03:15,354 - INFO - 检测到 Ctrl+C
2025-06-20 01:03:15,354 - WARNING - 剪切板中不包含图片
2025-06-20 01:05:24,771 - INFO - 检测到 Ctrl+C
2025-06-20 01:05:24,771 - WARNING - 剪切板中不包含图片
2025-06-20 01:05:36,203 - INFO - 检测到 Ctrl+C
2025-06-20 01:05:36,203 - WARNING - 剪切板中不包含图片
2025-06-20 01:05:47,241 - INFO - 检测到 Ctrl+C
2025-06-20 01:05:47,241 - WARNING - 剪切板中不包含图片
2025-06-20 01:08:30,565 - INFO - 检测到 Ctrl+C
2025-06-20 01:08:30,565 - WARNING - 剪切板中不包含图片
2025-06-20 01:08:37,688 - INFO - 检测到 Ctrl+C
2025-06-20 01:08:37,688 - WARNING - 剪切板中不包含图片
2025-06-20 01:08:47,221 - INFO - 检测到 Ctrl+C
2025-06-20 01:08:47,221 - WARNING - 剪切板中不包含图片
2025-06-20 01:10:21,644 - INFO - 检测到 Ctrl+C
2025-06-20 01:10:21,646 - ERROR - 保存剪切板图片失败
Traceback (most recent call last):
  File "main.py", line 22, in save_clipboard_pic
AttributeError: 'list' object has no attribute 'save'
2025-06-20 01:10:43,218 - INFO - 检测到 Ctrl+C
2025-06-20 01:10:43,218 - ERROR - 保存剪切板图片失败
Traceback (most recent call last):
  File "main.py", line 22, in save_clipboard_pic
AttributeError: 'list' object has no attribute 'save'
2025-06-20 01:11:04,984 - INFO - 检测到 Ctrl+C
2025-06-20 01:11:04,984 - ERROR - 保存剪切板图片失败
Traceback (most recent call last):
  File "main.py", line 22, in save_clipboard_pic
AttributeError: 'list' object has no attribute 'save'
2025-06-20 01:13:24,299 - INFO - 检测到 Ctrl+C
2025-06-20 01:13:24,299 - ERROR - 保存剪切板图片失败
Traceback (most recent call last):
  File "main.py", line 22, in save_clipboard_pic
AttributeError: 'list' object has no attribute 'save'
2025-06-20 01:15:33,790 - INFO - 检测到 Ctrl+C
2025-06-20 01:15:33,790 - WARNING - 剪切板中不包含图片
2025-06-20 01:19:19,969 - INFO - 检测到 Ctrl+C
2025-06-20 01:19:19,969 - WARNING - 剪切板中不包含图片
2025-06-20 01:23:30,758 - INFO - 检测到 Ctrl+C
2025-06-20 01:23:30,758 - WARNING - 剪切板中不包含图片
2025-06-20 01:25:03,441 - INFO - 检测到 Ctrl+C
2025-06-20 01:25:03,441 - WARNING - 剪切板中不包含图片
2025-06-20 01:25:05,948 - INFO - 检测到 Ctrl+C
2025-06-20 01:25:05,948 - WARNING - 剪切板中不包含图片
2025-06-20 01:26:15,660 - INFO - 检测到 Ctrl+C
2025-06-20 01:26:15,660 - WARNING - 剪切板中不包含图片
2025-06-20 01:26:54,273 - INFO - 检测到 Ctrl+C
2025-06-20 01:26:54,274 - WARNING - 剪切板中不包含图片
2025-06-20 01:27:43,427 - INFO - 检测到 Ctrl+C
2025-06-20 01:27:43,427 - WARNING - 剪切板中不包含图片
2025-06-20 01:31:00,556 - INFO - 检测到 Ctrl+C
2025-06-20 01:31:00,556 - WARNING - 剪切板中不包含图片
2025-06-20 01:36:28,052 - INFO - 检测到 Ctrl+C
2025-06-20 01:36:28,052 - WARNING - 剪切板中不包含图片
2025-06-20 20:10:56,439 - INFO - OCR 服务已启动
2025-06-20 20:11:15,309 - INFO - 检测到 Ctrl+C
2025-06-20 20:11:15,328 - INFO - 剪切板中的图片已经保存
2025-06-20 20:11:15,328 - INFO - OCR识别任务已提交
2025-06-20 20:11:15,799 - INFO - 识别成功，img_path: D:\2\WechatOCR\dist\img\~~~ocr.png, result_file: json\~~~ocr.png.json
2025-06-20 20:11:16,329 - INFO - 文本已保存到 text_save.txt
2025-06-20 20:11:16,374 - INFO - 已将文件内容复制到剪贴板。
2025-06-20 20:11:24,100 - INFO - 检测到 Ctrl+C
2025-06-20 20:11:24,105 - INFO - 剪切板中的图片已经保存
2025-06-20 20:11:24,105 - INFO - OCR识别任务已提交
2025-06-20 20:11:24,391 - INFO - 识别成功，img_path: D:\2\WechatOCR\dist\img\~~~ocr.png, result_file: json\~~~ocr.png.json
2025-06-20 20:11:25,106 - INFO - 文本已保存到 text_save.txt
2025-06-20 20:11:25,117 - INFO - 已将文件内容复制到剪贴板。
2025-06-20 20:15:42,434 - INFO - 检测到 Ctrl+C
2025-06-20 20:15:42,434 - WARNING - 剪切板中不包含图片
2025-06-20 20:16:58,440 - INFO - 检测到 Ctrl+C
2025-06-20 20:16:58,440 - WARNING - 剪切板中不包含图片
2025-06-20 20:17:24,231 - INFO - 检测到 Ctrl+C
2025-06-20 20:17:24,232 - WARNING - 剪切板中不包含图片
2025-06-20 20:18:52,474 - INFO - 检测到 Ctrl+C
2025-06-20 20:18:52,474 - WARNING - 剪切板中不包含图片
2025-06-20 20:18:58,318 - INFO - 检测到 Ctrl+C
2025-06-20 20:18:58,318 - WARNING - 剪切板中不包含图片
2025-06-20 20:19:08,456 - INFO - 检测到 Ctrl+C
2025-06-20 20:19:08,456 - WARNING - 剪切板中不包含图片
2025-06-20 20:26:03,356 - INFO - 检测到 Esc，准备退出
2025-06-20 20:26:03,357 - INFO - OCR 服务已关闭
2025-06-20 20:26:03,357 - INFO - 程序退出
2025-06-20 22:39:27,081 - INFO - OCR 服务已启动
2025-06-20 22:39:34,108 - INFO - 检测到 Ctrl+C
2025-06-20 22:39:34,119 - INFO - 剪切板中的图片已经保存
2025-06-20 22:39:34,120 - INFO - OCR识别任务已提交
2025-06-20 22:39:34,198 - INFO - 识别成功，img_path: D:\2\WechatOCR\dist\img\~~~ocr.png, result_file: json\~~~ocr.png.json
2025-06-20 22:39:35,121 - INFO - 文本已保存到 text_save.txt
2025-06-20 22:39:35,167 - INFO - 已将文件内容复制到剪贴板。
2025-06-20 22:39:56,260 - INFO - 检测到 Ctrl+C
2025-06-20 22:39:56,260 - WARNING - 剪切板中不包含图片
2025-06-20 22:43:21,434 - INFO - 检测到 Ctrl+C
2025-06-20 22:43:21,434 - WARNING - 剪切板中不包含图片
2025-06-20 22:46:15,723 - INFO - 检测到 Ctrl+C
2025-06-20 22:46:15,723 - WARNING - 剪切板中不包含图片
2025-06-20 22:48:00,490 - INFO - 检测到 Ctrl+C
2025-06-20 22:48:00,490 - WARNING - 剪切板中不包含图片
2025-06-20 22:48:14,029 - INFO - 检测到 Ctrl+C
2025-06-20 22:48:14,029 - WARNING - 剪切板中不包含图片
2025-06-20 22:48:39,212 - INFO - 检测到 Ctrl+C
2025-06-20 22:48:39,212 - WARNING - 剪切板中不包含图片
2025-06-20 22:49:26,681 - INFO - 检测到 Ctrl+C
2025-06-20 22:49:26,681 - WARNING - 剪切板中不包含图片
2025-06-20 22:50:41,132 - INFO - 检测到 Ctrl+C
2025-06-20 22:50:41,132 - WARNING - 剪切板中不包含图片
2025-06-20 22:50:46,249 - INFO - 检测到 Ctrl+C
2025-06-20 22:50:46,249 - WARNING - 剪切板中不包含图片
2025-06-20 22:56:38,852 - INFO - 检测到 Ctrl+C
2025-06-20 22:56:38,852 - WARNING - 剪切板中不包含图片
2025-06-20 22:57:55,599 - INFO - 检测到 Ctrl+C
2025-06-20 22:57:55,599 - WARNING - 剪切板中不包含图片
2025-06-20 22:58:20,077 - INFO - 检测到 Ctrl+C
2025-06-20 22:58:20,077 - WARNING - 剪切板中不包含图片
2025-06-20 22:59:01,714 - INFO - 检测到 Ctrl+C
2025-06-20 22:59:01,714 - WARNING - 剪切板中不包含图片
2025-06-20 22:59:19,771 - INFO - 检测到 Ctrl+C
2025-06-20 22:59:19,771 - WARNING - 剪切板中不包含图片
2025-06-20 22:59:47,457 - INFO - 检测到 Ctrl+C
2025-06-20 22:59:47,458 - WARNING - 剪切板中不包含图片
2025-06-20 23:00:24,781 - INFO - 检测到 Ctrl+C
2025-06-20 23:00:24,781 - WARNING - 剪切板中不包含图片
2025-06-20 23:01:00,495 - INFO - 检测到 Ctrl+C
2025-06-20 23:01:00,495 - WARNING - 剪切板中不包含图片
2025-06-20 23:01:08,420 - INFO - 检测到 Ctrl+C
2025-06-20 23:01:08,420 - WARNING - 剪切板中不包含图片
2025-06-20 23:02:02,205 - INFO - 检测到 Ctrl+C
2025-06-20 23:02:02,205 - WARNING - 剪切板中不包含图片
2025-06-20 23:02:06,718 - INFO - 检测到 Ctrl+C
2025-06-20 23:02:06,718 - WARNING - 剪切板中不包含图片
2025-06-20 23:02:09,827 - INFO - 检测到 Ctrl+C
2025-06-20 23:02:09,827 - WARNING - 剪切板中不包含图片
2025-06-20 23:02:29,797 - INFO - 检测到 Ctrl+C
2025-06-20 23:02:29,797 - WARNING - 剪切板中不包含图片
2025-06-20 23:05:56,351 - INFO - 检测到 Ctrl+C
2025-06-20 23:05:56,351 - WARNING - 剪切板中不包含图片
2025-06-20 23:11:07,020 - INFO - 检测到 Ctrl+C
2025-06-20 23:11:07,020 - WARNING - 剪切板中不包含图片
2025-06-20 23:11:19,480 - INFO - 检测到 Ctrl+C
2025-06-20 23:11:19,480 - WARNING - 剪切板中不包含图片
2025-06-20 23:30:46,801 - INFO - 检测到 Ctrl+C
2025-06-20 23:30:46,801 - WARNING - 剪切板中不包含图片
2025-06-20 23:31:26,657 - INFO - 检测到 Ctrl+C
2025-06-20 23:31:26,672 - ERROR - 保存剪切板图片失败
Traceback (most recent call last):
  File "main.py", line 22, in save_clipboard_pic
AttributeError: 'list' object has no attribute 'save'
2025-06-20 23:31:47,546 - INFO - 检测到 Ctrl+C
2025-06-20 23:31:47,547 - ERROR - 保存剪切板图片失败
Traceback (most recent call last):
  File "main.py", line 22, in save_clipboard_pic
AttributeError: 'list' object has no attribute 'save'
2025-06-20 23:33:14,129 - INFO - 检测到 Ctrl+C
2025-06-20 23:33:14,130 - ERROR - 保存剪切板图片失败
Traceback (most recent call last):
  File "main.py", line 22, in save_clipboard_pic
AttributeError: 'list' object has no attribute 'save'
2025-06-21 23:22:06,075 - INFO - OCR 服务已启动
2025-06-21 23:22:15,106 - INFO - 检测到 Ctrl+C
2025-06-21 23:22:15,120 - INFO - 剪切板中的图片已经保存
2025-06-21 23:22:15,121 - INFO - OCR识别任务已提交
2025-06-21 23:22:15,182 - INFO - 识别成功，img_path: D:\2\WechatOCR\dist\img\~~~ocr.png, result_file: json\~~~ocr.png.json
2025-06-21 23:22:16,122 - INFO - 文本已保存到 text_save.txt
2025-06-21 23:22:16,167 - INFO - 已将文件内容复制到剪贴板。
2025-06-21 23:23:23,889 - INFO - 检测到 Ctrl+C
2025-06-21 23:23:23,892 - INFO - 剪切板中的图片已经保存
2025-06-21 23:23:23,892 - INFO - OCR识别任务已提交
2025-06-21 23:23:23,950 - INFO - 识别成功，img_path: D:\2\WechatOCR\dist\img\~~~ocr.png, result_file: json\~~~ocr.png.json
2025-06-21 23:23:24,893 - INFO - 文本已保存到 text_save.txt
2025-06-21 23:23:24,904 - INFO - 已将文件内容复制到剪贴板。
2025-06-21 23:23:29,116 - INFO - 检测到 Ctrl+C
2025-06-21 23:23:29,116 - WARNING - 剪切板中不包含图片
2025-06-21 23:23:59,318 - INFO - 检测到 Ctrl+C
2025-06-21 23:23:59,318 - WARNING - 剪切板中不包含图片
2025-06-21 23:24:06,641 - INFO - 检测到 Ctrl+C
2025-06-21 23:24:06,641 - WARNING - 剪切板中不包含图片
2025-06-21 23:24:15,773 - INFO - 检测到 Ctrl+C
2025-06-21 23:24:15,774 - WARNING - 剪切板中不包含图片
2025-06-21 23:24:34,641 - INFO - 检测到 Ctrl+C
2025-06-21 23:24:34,641 - WARNING - 剪切板中不包含图片
2025-06-21 23:25:29,428 - INFO - 检测到 Ctrl+C
2025-06-21 23:25:29,428 - WARNING - 剪切板中不包含图片
2025-06-21 23:25:56,215 - INFO - 检测到 Ctrl+C
2025-06-21 23:25:56,215 - WARNING - 剪切板中不包含图片
2025-06-21 23:26:27,316 - INFO - 检测到 Ctrl+C
2025-06-21 23:26:27,316 - WARNING - 剪切板中不包含图片
2025-06-21 23:26:31,931 - INFO - 检测到 Ctrl+C
2025-06-21 23:26:31,931 - WARNING - 剪切板中不包含图片
2025-06-21 23:26:32,732 - INFO - 检测到 Ctrl+C
2025-06-21 23:26:32,732 - WARNING - 剪切板中不包含图片
2025-06-21 23:29:26,402 - INFO - 检测到 Ctrl+C
2025-06-21 23:29:26,402 - WARNING - 剪切板中不包含图片
2025-06-21 23:29:31,317 - INFO - 检测到 Ctrl+C
2025-06-21 23:29:31,317 - WARNING - 剪切板中不包含图片
2025-06-21 23:29:34,727 - INFO - 检测到 Ctrl+C
2025-06-21 23:29:34,727 - WARNING - 剪切板中不包含图片
2025-06-21 23:29:44,861 - INFO - 检测到 Ctrl+C
2025-06-21 23:29:44,861 - WARNING - 剪切板中不包含图片
2025-06-21 23:29:50,278 - INFO - 检测到 Ctrl+C
2025-06-21 23:29:50,278 - WARNING - 剪切板中不包含图片
2025-06-21 23:29:53,087 - INFO - 检测到 Ctrl+C
2025-06-21 23:29:53,087 - WARNING - 剪切板中不包含图片
2025-06-22 00:15:17,691 - INFO - 检测到 Ctrl+C
2025-06-22 00:15:17,698 - ERROR - 保存剪切板图片失败
Traceback (most recent call last):
  File "main.py", line 22, in save_clipboard_pic
AttributeError: 'list' object has no attribute 'save'
2025-06-22 00:16:11,531 - INFO - 检测到 Ctrl+C
2025-06-22 00:16:11,531 - ERROR - 保存剪切板图片失败
Traceback (most recent call last):
  File "main.py", line 22, in save_clipboard_pic
AttributeError: 'list' object has no attribute 'save'
2025-06-22 00:16:46,415 - INFO - 检测到 Ctrl+C
2025-06-22 00:16:46,416 - ERROR - 保存剪切板图片失败
Traceback (most recent call last):
  File "main.py", line 22, in save_clipboard_pic
AttributeError: 'list' object has no attribute 'save'
2025-06-22 00:17:07,573 - INFO - 检测到 Ctrl+C
2025-06-22 00:17:07,573 - ERROR - 保存剪切板图片失败
Traceback (most recent call last):
  File "main.py", line 22, in save_clipboard_pic
AttributeError: 'list' object has no attribute 'save'
2025-06-22 00:17:31,839 - INFO - 检测到 Ctrl+C
2025-06-22 00:17:31,839 - WARNING - 剪切板中不包含图片
2025-06-22 00:17:51,289 - INFO - 检测到 Ctrl+C
2025-06-22 00:17:51,289 - WARNING - 剪切板中不包含图片
2025-06-22 00:19:20,663 - INFO - 检测到 Ctrl+C
2025-06-22 00:19:20,664 - ERROR - 保存剪切板图片失败
Traceback (most recent call last):
  File "main.py", line 22, in save_clipboard_pic
AttributeError: 'list' object has no attribute 'save'
2025-06-22 00:21:17,164 - INFO - 检测到 Ctrl+C
2025-06-22 00:21:17,165 - WARNING - 剪切板中不包含图片
2025-06-22 00:23:48,676 - INFO - 检测到 Ctrl+C
2025-06-22 00:23:48,676 - WARNING - 剪切板中不包含图片
2025-06-22 00:25:33,630 - INFO - 检测到 Ctrl+C
2025-06-22 00:25:33,630 - WARNING - 剪切板中不包含图片
2025-06-22 00:25:58,916 - INFO - 检测到 Ctrl+C
2025-06-22 00:25:59,430 - WARNING - 剪切板中不包含图片
2025-06-22 00:26:04,752 - INFO - 检测到 Ctrl+C
2025-06-22 00:26:04,756 - WARNING - 剪切板中不包含图片
2025-06-22 00:26:05,961 - INFO - 检测到 Ctrl+C
2025-06-22 00:26:05,961 - WARNING - 剪切板中不包含图片
2025-06-22 00:28:36,852 - INFO - 检测到 Ctrl+C
2025-06-22 00:28:36,852 - WARNING - 剪切板中不包含图片
2025-06-22 00:37:13,152 - INFO - 检测到 Ctrl+C
2025-06-22 00:37:13,152 - WARNING - 剪切板中不包含图片
2025-06-22 00:39:36,218 - INFO - 检测到 Esc，准备退出
2025-06-22 00:39:36,222 - INFO - OCR 服务已关闭
2025-06-22 00:39:36,222 - INFO - 程序退出
2025-06-22 10:37:59,055 - INFO - OCR 服务已启动
2025-06-22 10:38:04,360 - INFO - OCR 服务已启动
2025-06-22 10:38:16,183 - INFO - 检测到 Ctrl+C
2025-06-22 10:38:16,189 - INFO - 检测到 Ctrl+C
2025-06-22 10:38:16,194 - INFO - 剪切板中的图片已经保存
2025-06-22 10:38:16,194 - INFO - OCR识别任务已提交
2025-06-22 10:38:16,199 - INFO - 剪切板中的图片已经保存
2025-06-22 10:38:16,200 - INFO - OCR识别任务已提交
2025-06-22 10:38:16,257 - INFO - 识别成功，img_path: D:\2\WechatOCR\dist\img\~~~ocr.png, result_file: json\~~~ocr.png.json
2025-06-22 10:38:16,257 - INFO - 识别成功，img_path: D:\2\WechatOCR\dist\img\~~~ocr.png, result_file: json\~~~ocr.png.json
2025-06-22 10:38:17,195 - INFO - 文本已保存到 text_save.txt
2025-06-22 10:38:17,201 - INFO - 文本已保存到 text_save.txt
2025-06-22 10:38:17,234 - INFO - 已将文件内容复制到剪贴板。
2025-06-22 10:38:17,245 - INFO - 已将文件内容复制到剪贴板。
2025-06-22 10:38:19,839 - INFO - 检测到 Ctrl+C
2025-06-22 10:38:19,839 - WARNING - 剪切板中不包含图片
2025-06-22 10:39:01,611 - INFO - 检测到 Ctrl+C
2025-06-22 10:39:01,612 - WARNING - 剪切板中不包含图片
2025-06-22 10:39:01,622 - INFO - 检测到 Ctrl+C
2025-06-22 10:39:02,132 - WARNING - 剪切板中不包含图片
2025-06-22 10:39:28,065 - INFO - 检测到 Ctrl+C
2025-06-22 10:39:28,065 - WARNING - 剪切板中不包含图片
2025-06-22 10:39:28,079 - INFO - 检测到 Ctrl+C
2025-06-22 10:39:28,079 - WARNING - 剪切板中不包含图片
2025-06-22 10:39:33,273 - INFO - 检测到 Ctrl+C
2025-06-22 10:39:33,273 - WARNING - 剪切板中不包含图片
2025-06-22 10:56:41,929 - INFO - 检测到 Ctrl+C
2025-06-22 10:56:41,929 - WARNING - 剪切板中不包含图片
2025-06-22 10:56:41,929 - WARNING - 剪切板中不包含图片
2025-06-22 10:56:57,764 - INFO - 检测到 Ctrl+C
2025-06-22 10:56:57,764 - WARNING - 剪切板中不包含图片
2025-06-22 10:57:01,069 - INFO - 检测到 Ctrl+C
2025-06-22 10:57:01,069 - WARNING - 剪切板中不包含图片
2025-06-22 10:57:01,069 - INFO - 检测到 Ctrl+C
2025-06-22 10:57:01,069 - WARNING - 剪切板中不包含图片
2025-06-22 11:56:24,872 - INFO - 检测到 Ctrl+C
2025-06-22 11:56:24,872 - WARNING - 剪切板中不包含图片
2025-06-22 11:59:26,050 - INFO - 检测到 Ctrl+C
2025-06-22 11:59:26,050 - WARNING - 剪切板中不包含图片
2025-06-22 12:02:31,316 - INFO - 检测到 Ctrl+C
2025-06-22 12:02:31,319 - ERROR - 保存剪切板图片失败
Traceback (most recent call last):
  File "main.py", line 22, in save_clipboard_pic
AttributeError: 'list' object has no attribute 'save'
2025-06-22 12:03:17,810 - INFO - 检测到 Ctrl+C
2025-06-22 12:03:17,813 - ERROR - 保存剪切板图片失败
Traceback (most recent call last):
  File "main.py", line 22, in save_clipboard_pic
AttributeError: 'list' object has no attribute 'save'
2025-06-22 12:06:37,083 - INFO - 检测到 Esc，准备退出
2025-06-22 12:06:37,085 - INFO - OCR 服务已关闭
2025-06-22 12:06:37,085 - INFO - 程序退出
2025-06-22 12:06:37,096 - INFO - 检测到 Esc，准备退出
2025-06-22 12:06:37,098 - INFO - OCR 服务已关闭
2025-06-22 12:06:37,098 - INFO - 程序退出
2025-06-22 12:23:46,947 - INFO - OCR 服务已启动
2025-06-22 12:23:53,067 - INFO - 检测到 Ctrl+C
2025-06-22 12:23:53,088 - INFO - 剪切板中的图片已经保存
2025-06-22 12:23:53,088 - INFO - OCR识别任务已提交
2025-06-22 12:23:53,356 - INFO - 识别成功，img_path: D:\2\WechatOCR\dist\img\~~~ocr.png, result_file: json\~~~ocr.png.json
2025-06-22 12:23:54,089 - INFO - 文本已保存到 text_save.txt
2025-06-22 12:23:54,134 - INFO - 已将文件内容复制到剪贴板。
2025-06-22 12:25:48,980 - INFO - 检测到 Esc，准备退出
2025-06-22 12:25:48,980 - INFO - OCR 服务已关闭
2025-06-22 12:25:48,980 - INFO - 程序退出
2025-06-22 23:36:55,791 - INFO - OCR 服务已启动
2025-06-22 23:37:00,210 - INFO - 检测到 Ctrl+C
2025-06-22 23:37:00,224 - INFO - 剪切板中的图片已经保存
2025-06-22 23:37:00,225 - INFO - OCR识别任务已提交
2025-06-22 23:37:00,307 - INFO - 识别成功，img_path: D:\2\WechatOCR\dist\img\~~~ocr.png, result_file: json\~~~ocr.png.json
2025-06-22 23:37:01,226 - INFO - 文本已保存到 text_save.txt
2025-06-22 23:37:01,268 - INFO - 已将文件内容复制到剪贴板。
2025-06-22 23:37:34,277 - INFO - 检测到 Ctrl+C
2025-06-22 23:37:34,278 - INFO - 剪切板中的图片已经保存
2025-06-22 23:37:34,278 - INFO - OCR识别任务已提交
2025-06-22 23:37:34,338 - INFO - 识别成功，img_path: D:\2\WechatOCR\dist\img\~~~ocr.png, result_file: json\~~~ocr.png.json
2025-06-22 23:37:35,279 - INFO - 文本已保存到 text_save.txt
2025-06-22 23:37:35,288 - INFO - 已将文件内容复制到剪贴板。
2025-06-22 23:37:50,537 - INFO - 检测到 Ctrl+C
2025-06-22 23:37:50,537 - WARNING - 剪切板中不包含图片
2025-06-22 23:37:54,549 - INFO - 检测到 Ctrl+C
2025-06-22 23:37:54,549 - WARNING - 剪切板中不包含图片
2025-06-22 23:38:46,542 - INFO - 检测到 Ctrl+C
2025-06-22 23:38:46,542 - WARNING - 剪切板中不包含图片
2025-06-22 23:38:58,282 - INFO - 检测到 Ctrl+C
2025-06-22 23:38:58,282 - WARNING - 剪切板中不包含图片
2025-06-22 23:40:00,402 - INFO - 检测到 Ctrl+C
2025-06-22 23:40:00,402 - WARNING - 剪切板中不包含图片
2025-06-22 23:40:34,925 - INFO - 检测到 Ctrl+C
2025-06-22 23:40:34,925 - WARNING - 剪切板中不包含图片
2025-06-22 23:40:55,590 - INFO - 检测到 Ctrl+C
2025-06-22 23:40:55,590 - WARNING - 剪切板中不包含图片
2025-06-22 23:44:01,346 - INFO - 检测到 Ctrl+C
2025-06-22 23:44:01,346 - WARNING - 剪切板中不包含图片
2025-06-22 23:44:10,072 - INFO - 检测到 Ctrl+C
2025-06-22 23:44:10,073 - WARNING - 剪切板中不包含图片
2025-06-22 23:44:19,008 - INFO - 检测到 Ctrl+C
2025-06-22 23:44:19,008 - WARNING - 剪切板中不包含图片
2025-06-22 23:44:28,037 - INFO - 检测到 Ctrl+C
2025-06-22 23:44:28,037 - WARNING - 剪切板中不包含图片
2025-06-22 23:44:34,958 - INFO - 检测到 Ctrl+C
2025-06-22 23:44:34,958 - WARNING - 剪切板中不包含图片
2025-06-22 23:45:11,280 - INFO - 检测到 Ctrl+C
2025-06-22 23:45:11,280 - WARNING - 剪切板中不包含图片
2025-06-22 23:48:09,598 - INFO - 检测到 Ctrl+C
2025-06-22 23:48:09,598 - WARNING - 剪切板中不包含图片
2025-06-22 23:48:44,414 - INFO - 检测到 Ctrl+C
2025-06-22 23:48:44,917 - ERROR - 保存剪切板图片失败
Traceback (most recent call last):
  File "main.py", line 22, in save_clipboard_pic
AttributeError: 'list' object has no attribute 'save'
2025-06-22 23:50:02,388 - INFO - 检测到 Ctrl+C
2025-06-22 23:50:02,388 - ERROR - 保存剪切板图片失败
Traceback (most recent call last):
  File "main.py", line 22, in save_clipboard_pic
AttributeError: 'list' object has no attribute 'save'
2025-06-22 23:53:44,052 - INFO - 检测到 Ctrl+C
2025-06-22 23:53:44,052 - WARNING - 剪切板中不包含图片
2025-06-22 23:57:40,081 - INFO - 检测到 Ctrl+C
2025-06-22 23:57:40,081 - WARNING - 剪切板中不包含图片
2025-06-22 23:57:43,091 - INFO - 检测到 Ctrl+C
2025-06-22 23:57:43,091 - WARNING - 剪切板中不包含图片
2025-06-22 23:57:59,049 - INFO - 检测到 Ctrl+C
2025-06-22 23:57:59,049 - WARNING - 剪切板中不包含图片
2025-06-22 23:58:02,761 - INFO - 检测到 Ctrl+C
2025-06-22 23:58:02,761 - WARNING - 剪切板中不包含图片
2025-06-22 23:58:05,270 - INFO - 检测到 Ctrl+C
2025-06-22 23:58:05,270 - ERROR - 保存剪切板图片失败
Traceback (most recent call last):
  File "main.py", line 22, in save_clipboard_pic
AttributeError: 'list' object has no attribute 'save'
2025-06-22 23:58:06,273 - INFO - 检测到 Ctrl+C
2025-06-22 23:58:06,273 - ERROR - 保存剪切板图片失败
Traceback (most recent call last):
  File "main.py", line 22, in save_clipboard_pic
AttributeError: 'list' object has no attribute 'save'
2025-06-23 23:46:50,979 - INFO - OCR 服务已启动
2025-06-23 23:46:53,794 - INFO - 检测到 Ctrl+C
2025-06-23 23:46:53,827 - INFO - 剪切板中的图片已经保存
2025-06-23 23:46:53,827 - INFO - OCR识别任务已提交
2025-06-23 23:46:53,911 - INFO - 识别成功，img_path: D:\2\WechatOCR\dist\img\~~~ocr.png, result_file: json\~~~ocr.png.json
2025-06-23 23:46:54,828 - INFO - 文本已保存到 text_save.txt
2025-06-23 23:46:54,876 - INFO - 已将文件内容复制到剪贴板。
2025-06-23 23:47:57,430 - INFO - 检测到 Ctrl+C
2025-06-23 23:47:57,430 - WARNING - 剪切板中不包含图片
2025-06-23 23:49:02,955 - INFO - 检测到 Ctrl+C
2025-06-23 23:49:02,955 - WARNING - 剪切板中不包含图片
2025-06-24 23:28:44,464 - INFO - OCR 服务已启动
2025-06-24 23:28:52,500 - INFO - 检测到 Ctrl+C
2025-06-24 23:28:52,523 - INFO - 剪切板中的图片已经保存
2025-06-24 23:28:52,524 - INFO - OCR识别任务已提交
2025-06-24 23:28:52,665 - INFO - 识别成功，img_path: D:\2\WechatOCR\dist\img\~~~ocr.png, result_file: json\~~~ocr.png.json
2025-06-24 23:28:53,526 - INFO - 文本已保存到 text_save.txt
2025-06-24 23:28:53,590 - INFO - 已将文件内容复制到剪贴板。
2025-06-24 23:29:07,158 - INFO - 检测到 Ctrl+C
2025-06-24 23:29:07,158 - WARNING - 剪切板中不包含图片
2025-06-24 23:30:47,638 - INFO - 检测到 Ctrl+C
2025-06-24 23:30:47,638 - WARNING - 剪切板中不包含图片
2025-06-24 23:32:31,723 - INFO - 检测到 Ctrl+C
2025-06-24 23:32:31,723 - WARNING - 剪切板中不包含图片
2025-06-24 23:32:52,892 - INFO - 检测到 Ctrl+C
2025-06-24 23:32:52,895 - INFO - 剪切板中的图片已经保存
2025-06-24 23:32:52,895 - INFO - OCR识别任务已提交
2025-06-24 23:32:52,966 - INFO - 识别成功，img_path: D:\2\WechatOCR\dist\img\~~~ocr.png, result_file: json\~~~ocr.png.json
2025-06-24 23:32:53,896 - INFO - 文本已保存到 text_save.txt
2025-06-24 23:32:53,906 - INFO - 已将文件内容复制到剪贴板。
2025-06-24 23:33:12,165 - INFO - 检测到 Ctrl+C
2025-06-24 23:33:12,165 - WARNING - 剪切板中不包含图片
2025-06-24 23:34:42,765 - INFO - 检测到 Ctrl+C
2025-06-24 23:34:42,765 - WARNING - 剪切板中不包含图片
2025-06-24 23:35:17,984 - INFO - 检测到 Ctrl+C
2025-06-24 23:35:17,985 - WARNING - 剪切板中不包含图片
2025-06-24 23:38:05,301 - INFO - 检测到 Ctrl+C
2025-06-24 23:38:05,302 - WARNING - 剪切板中不包含图片
2025-06-24 23:38:25,755 - INFO - 检测到 Ctrl+C
2025-06-24 23:38:25,755 - WARNING - 剪切板中不包含图片
2025-06-25 22:57:47,428 - INFO - OCR 服务已启动
2025-06-25 22:57:54,165 - INFO - 检测到 Ctrl+C
2025-06-25 22:57:54,176 - INFO - 剪切板中的图片已经保存
2025-06-25 22:57:54,177 - INFO - OCR识别任务已提交
2025-06-25 22:57:54,247 - INFO - 识别成功，img_path: D:\2\WechatOCR\dist\img\~~~ocr.png, result_file: json\~~~ocr.png.json
2025-06-25 22:57:55,177 - INFO - 文本已保存到 text_save.txt
2025-06-25 22:57:55,216 - INFO - 已将文件内容复制到剪贴板。
2025-06-25 22:59:42,774 - INFO - 检测到 Ctrl+C
2025-06-25 22:59:42,774 - WARNING - 剪切板中不包含图片
2025-06-25 23:11:55,883 - INFO - 检测到 Ctrl+C
2025-06-25 23:11:55,883 - WARNING - 剪切板中不包含图片
2025-06-25 23:18:15,084 - INFO - 检测到 Ctrl+C
2025-06-25 23:18:15,585 - WARNING - 剪切板中不包含图片
2025-06-25 23:18:16,588 - INFO - 检测到 Ctrl+C
2025-06-25 23:18:16,588 - WARNING - 剪切板中不包含图片
2025-06-25 23:28:33,445 - INFO - 检测到 Ctrl+C
2025-06-25 23:28:33,445 - WARNING - 剪切板中不包含图片
2025-06-25 23:29:31,219 - INFO - 检测到 Ctrl+C
2025-06-25 23:29:31,220 - WARNING - 剪切板中不包含图片
2025-06-25 23:30:32,612 - INFO - 检测到 Ctrl+C
2025-06-25 23:30:32,612 - WARNING - 剪切板中不包含图片
2025-06-25 23:31:31,891 - INFO - 检测到 Ctrl+C
2025-06-25 23:31:31,891 - WARNING - 剪切板中不包含图片
2025-06-25 23:32:29,592 - INFO - OCR 服务已启动
2025-06-25 23:37:27,478 - INFO - 检测到 Ctrl+C
2025-06-25 23:37:27,497 - INFO - 剪切板中的图片已经保存
2025-06-25 23:37:27,500 - INFO - OCR识别任务已提交
2025-06-25 23:37:27,511 - INFO - 检测到 Ctrl+C
2025-06-25 23:37:27,534 - INFO - 剪切板中的图片已经保存
2025-06-25 23:37:27,536 - INFO - OCR识别任务已提交
2025-06-25 23:37:27,798 - INFO - 识别成功，img_path: D:\2\WechatOCR\dist\img\~~~ocr.png, result_file: json\~~~ocr.png.json
2025-06-25 23:37:27,825 - INFO - 识别成功，img_path: D:\2\WechatOCR\dist\img\~~~ocr.png, result_file: json\~~~ocr.png.json
2025-06-25 23:37:28,500 - INFO - 文本已保存到 text_save.txt
2025-06-25 23:37:28,515 - INFO - 已将文件内容复制到剪贴板。
2025-06-25 23:37:28,538 - INFO - 文本已保存到 text_save.txt
2025-06-25 23:37:28,582 - INFO - 已将文件内容复制到剪贴板。
2025-06-25 23:37:52,194 - INFO - 检测到 Ctrl+C
2025-06-25 23:37:52,200 - INFO - 剪切板中的图片已经保存
2025-06-25 23:37:52,200 - INFO - OCR识别任务已提交
2025-06-25 23:37:52,258 - INFO - 检测到 Ctrl+C
2025-06-25 23:37:52,262 - INFO - 剪切板中的图片已经保存
2025-06-25 23:37:52,262 - INFO - OCR识别任务已提交
2025-06-25 23:37:52,328 - INFO - 识别成功，img_path: D:\2\WechatOCR\dist\img\~~~ocr.png, result_file: json\~~~ocr.png.json
2025-06-25 23:37:52,393 - INFO - 识别成功，img_path: D:\2\WechatOCR\dist\img\~~~ocr.png, result_file: json\~~~ocr.png.json
2025-06-25 23:37:53,201 - INFO - 文本已保存到 text_save.txt
2025-06-25 23:37:53,210 - INFO - 已将文件内容复制到剪贴板。
2025-06-25 23:37:53,263 - INFO - 文本已保存到 text_save.txt
2025-06-25 23:37:53,271 - INFO - 已将文件内容复制到剪贴板。
2025-06-25 23:38:35,646 - INFO - 检测到 Ctrl+C
2025-06-25 23:38:36,147 - WARNING - 剪切板中不包含图片
2025-06-25 23:38:36,402 - INFO - 检测到 Ctrl+C
2025-06-25 23:38:36,402 - WARNING - 剪切板中不包含图片
2025-06-25 23:39:05,493 - INFO - 检测到 Ctrl+C
2025-06-25 23:39:05,493 - WARNING - 剪切板中不包含图片
2025-06-25 23:39:05,538 - INFO - 检测到 Ctrl+C
2025-06-25 23:39:05,538 - WARNING - 剪切板中不包含图片
2025-06-25 23:40:51,941 - INFO - 检测到 Ctrl+C
2025-06-25 23:40:51,941 - WARNING - 剪切板中不包含图片
2025-06-25 23:42:30,626 - INFO - 检测到 Ctrl+C
2025-06-25 23:42:30,626 - WARNING - 剪切板中不包含图片
2025-06-25 23:42:30,652 - INFO - 检测到 Ctrl+C
2025-06-25 23:42:30,652 - WARNING - 剪切板中不包含图片
2025-06-25 23:43:36,142 - INFO - 检测到 Ctrl+C
2025-06-25 23:43:36,143 - INFO - 剪切板中的图片已经保存
2025-06-25 23:43:36,143 - INFO - OCR识别任务已提交
2025-06-25 23:43:36,173 - INFO - 检测到 Ctrl+C
2025-06-25 23:43:36,174 - INFO - 剪切板中的图片已经保存
2025-06-25 23:43:36,174 - INFO - OCR识别任务已提交
2025-06-25 23:43:36,185 - INFO - 识别成功，img_path: D:\2\WechatOCR\dist\img\~~~ocr.png, result_file: json\~~~ocr.png.json
2025-06-25 23:43:36,217 - INFO - 识别成功，img_path: D:\2\WechatOCR\dist\img\~~~ocr.png, result_file: json\~~~ocr.png.json
2025-06-25 23:43:37,144 - INFO - 文本已保存到 text_save.txt
2025-06-25 23:43:37,155 - INFO - 已将文件内容复制到剪贴板。
2025-06-25 23:43:37,175 - INFO - 文本已保存到 text_save.txt
2025-06-25 23:43:37,185 - INFO - 已将文件内容复制到剪贴板。
2025-06-25 23:43:40,595 - INFO - 检测到 Ctrl+C
2025-06-25 23:43:40,595 - WARNING - 剪切板中不包含图片
2025-06-25 23:43:40,666 - INFO - 检测到 Ctrl+C
2025-06-25 23:43:40,666 - WARNING - 剪切板中不包含图片
2025-06-25 23:43:52,906 - INFO - 检测到 Ctrl+C
2025-06-25 23:43:52,942 - INFO - 检测到 Ctrl+C
2025-06-25 23:43:52,942 - WARNING - 剪切板中不包含图片
2025-06-25 23:43:53,407 - WARNING - 剪切板中不包含图片
2025-06-25 23:44:02,973 - INFO - 检测到 Ctrl+C
2025-06-25 23:44:03,038 - INFO - 检测到 Ctrl+C
2025-06-25 23:44:03,038 - WARNING - 剪切板中不包含图片
2025-06-25 23:44:03,474 - WARNING - 剪切板中不包含图片
2025-06-25 23:44:56,543 - INFO - 检测到 Ctrl+C
2025-06-25 23:44:56,543 - WARNING - 剪切板中不包含图片
2025-06-25 23:44:56,573 - INFO - 检测到 Ctrl+C
2025-06-25 23:44:56,573 - WARNING - 剪切板中不包含图片
2025-06-25 23:45:46,345 - INFO - 检测到 Ctrl+C
2025-06-25 23:45:46,345 - WARNING - 剪切板中不包含图片
2025-06-25 23:45:46,410 - INFO - 检测到 Ctrl+C
2025-06-25 23:45:46,410 - WARNING - 剪切板中不包含图片
2025-06-25 23:45:53,332 - INFO - 检测到 Ctrl+C
2025-06-25 23:45:53,332 - WARNING - 剪切板中不包含图片
2025-06-25 23:45:53,368 - INFO - 检测到 Ctrl+C
2025-06-25 23:45:53,368 - WARNING - 剪切板中不包含图片
2025-06-25 23:45:55,540 - INFO - 检测到 Ctrl+C
2025-06-25 23:45:55,540 - WARNING - 剪切板中不包含图片
2025-06-25 23:45:55,573 - INFO - 检测到 Ctrl+C
2025-06-25 23:45:55,573 - WARNING - 剪切板中不包含图片
2025-06-25 23:46:01,089 - INFO - 检测到 Ctrl+C
2025-06-25 23:46:01,157 - INFO - 检测到 Ctrl+C
2025-06-25 23:46:01,157 - WARNING - 剪切板中不包含图片
2025-06-25 23:46:01,590 - WARNING - 剪切板中不包含图片
2025-06-25 23:47:05,481 - INFO - 检测到 Ctrl+C
2025-06-25 23:47:05,481 - WARNING - 剪切板中不包含图片
2025-06-25 23:47:05,505 - INFO - 检测到 Ctrl+C
2025-06-25 23:47:05,505 - WARNING - 剪切板中不包含图片
2025-06-25 23:47:48,132 - INFO - 检测到 Ctrl+C
2025-06-25 23:47:48,132 - WARNING - 剪切板中不包含图片
2025-06-25 23:54:08,904 - INFO - 检测到 Ctrl+C
2025-06-25 23:54:08,905 - WARNING - 剪切板中不包含图片
2025-06-25 23:54:08,985 - INFO - 检测到 Ctrl+C
2025-06-25 23:54:08,985 - WARNING - 剪切板中不包含图片
2025-06-25 23:55:46,278 - INFO - 检测到 Ctrl+C
2025-06-25 23:55:46,279 - WARNING - 剪切板中不包含图片
2025-06-25 23:55:46,360 - INFO - 检测到 Ctrl+C
2025-06-25 23:55:46,361 - WARNING - 剪切板中不包含图片
2025-06-26 00:06:58,323 - INFO - 检测到 Ctrl+C
2025-06-26 00:06:58,336 - WARNING - 剪切板中不包含图片
2025-06-26 23:36:49,793 - INFO - OCR 服务已启动
2025-06-26 23:36:57,020 - INFO - 检测到 Ctrl+C
2025-06-26 23:36:57,036 - INFO - 剪切板中的图片已经保存
2025-06-26 23:36:57,036 - INFO - OCR识别任务已提交
2025-06-26 23:36:57,138 - INFO - 识别成功，img_path: D:\2\WechatOCR\dist\img\~~~ocr.png, result_file: json\~~~ocr.png.json
2025-06-26 23:36:58,039 - INFO - 文本已保存到 text_save.txt
2025-06-26 23:36:58,104 - INFO - 已将文件内容复制到剪贴板。
2025-06-26 23:48:22,708 - INFO - 检测到 Ctrl+C
2025-06-26 23:48:22,711 - WARNING - 剪切板中不包含图片
2025-06-26 23:51:58,540 - INFO - OCR 服务已启动
2025-06-26 23:52:01,452 - INFO - 检测到 Ctrl+C
2025-06-26 23:52:01,461 - INFO - 剪切板中的图片已经保存
2025-06-26 23:52:01,461 - INFO - OCR识别任务已提交
2025-06-26 23:52:01,483 - INFO - 检测到 Ctrl+C
2025-06-26 23:52:01,485 - INFO - 剪切板中的图片已经保存
2025-06-26 23:52:01,486 - INFO - OCR识别任务已提交
2025-06-26 23:52:01,537 - INFO - 识别成功，img_path: D:\2\WechatOCR\dist\img\~~~ocr.png, result_file: json\~~~ocr.png.json
2025-06-26 23:52:01,562 - INFO - 识别成功，img_path: D:\2\WechatOCR\dist\img\~~~ocr.png, result_file: json\~~~ocr.png.json
2025-06-26 23:52:02,462 - INFO - 文本已保存到 text_save.txt
2025-06-26 23:52:02,486 - INFO - 文本已保存到 text_save.txt
2025-06-26 23:52:02,501 - INFO - 已将文件内容复制到剪贴板。
2025-06-26 23:52:02,541 - INFO - 已将文件内容复制到剪贴板。
2025-06-26 23:52:15,951 - INFO - 检测到 Ctrl+C
2025-06-26 23:52:15,951 - WARNING - 剪切板中不包含图片
2025-06-26 23:53:14,151 - INFO - 检测到 Ctrl+C
2025-06-26 23:53:14,151 - WARNING - 剪切板中不包含图片
2025-06-26 23:56:40,661 - INFO - 检测到 Ctrl+C
2025-06-26 23:56:40,661 - WARNING - 剪切板中不包含图片
2025-06-26 23:58:02,646 - INFO - 检测到 Ctrl+C
2025-06-26 23:58:02,646 - WARNING - 剪切板中不包含图片
2025-06-26 23:59:39,675 - INFO - 检测到 Ctrl+C
2025-06-26 23:59:39,675 - WARNING - 剪切板中不包含图片
2025-06-26 23:59:39,690 - INFO - 检测到 Ctrl+C
2025-06-26 23:59:39,690 - WARNING - 剪切板中不包含图片
2025-06-27 00:01:06,700 - INFO - 检测到 Ctrl+C
2025-06-27 00:01:06,700 - WARNING - 剪切板中不包含图片
2025-06-27 00:02:26,380 - INFO - 检测到 Ctrl+C
2025-06-27 00:02:26,380 - WARNING - 剪切板中不包含图片
2025-06-27 00:02:26,394 - INFO - 检测到 Ctrl+C
2025-06-27 00:02:26,394 - WARNING - 剪切板中不包含图片
2025-06-27 00:02:32,098 - INFO - 检测到 Ctrl+C
2025-06-27 00:02:32,098 - WARNING - 剪切板中不包含图片
2025-06-27 00:02:32,114 - INFO - 检测到 Ctrl+C
2025-06-27 00:02:32,114 - WARNING - 剪切板中不包含图片
2025-06-27 00:05:21,538 - INFO - 检测到 Ctrl+C
2025-06-27 00:05:21,539 - WARNING - 剪切板中不包含图片
2025-06-27 00:05:21,544 - INFO - 检测到 Ctrl+C
2025-06-27 00:05:21,544 - WARNING - 剪切板中不包含图片
2025-06-27 00:06:10,410 - INFO - 检测到 Ctrl+C
2025-06-27 00:06:10,410 - WARNING - 剪切板中不包含图片
2025-06-27 00:07:51,407 - INFO - 检测到 Ctrl+C
2025-06-27 00:07:51,407 - WARNING - 剪切板中不包含图片
2025-06-27 00:08:00,415 - INFO - 检测到 Ctrl+C
2025-06-27 00:08:00,416 - WARNING - 剪切板中不包含图片
2025-06-27 00:08:43,170 - INFO - 检测到 Ctrl+C
2025-06-27 00:08:43,170 - WARNING - 剪切板中不包含图片
2025-06-27 00:08:53,203 - INFO - 检测到 Ctrl+C
2025-06-27 00:08:53,203 - WARNING - 剪切板中不包含图片
2025-06-27 00:08:53,222 - INFO - 检测到 Ctrl+C
2025-06-27 00:08:53,222 - WARNING - 剪切板中不包含图片
2025-06-27 00:09:29,931 - INFO - 检测到 Ctrl+C
2025-06-27 00:09:29,931 - WARNING - 剪切板中不包含图片
2025-06-27 00:09:41,572 - INFO - 检测到 Ctrl+C
2025-06-27 00:09:41,573 - WARNING - 剪切板中不包含图片
2025-06-27 00:09:41,598 - INFO - 检测到 Ctrl+C
2025-06-27 00:09:41,600 - WARNING - 剪切板中不包含图片
2025-06-27 00:11:52,403 - INFO - 检测到 Ctrl+C
2025-06-27 00:11:52,404 - WARNING - 剪切板中不包含图片
2025-06-27 00:12:52,540 - INFO - 检测到 Ctrl+C
2025-06-27 00:12:52,540 - WARNING - 剪切板中不包含图片
2025-06-27 00:12:52,562 - INFO - 检测到 Ctrl+C
2025-06-27 00:12:52,562 - WARNING - 剪切板中不包含图片
2025-06-27 00:13:04,791 - INFO - 检测到 Ctrl+C
2025-06-27 00:13:04,791 - WARNING - 剪切板中不包含图片
2025-06-27 00:13:04,808 - INFO - 检测到 Ctrl+C
2025-06-27 00:13:04,808 - WARNING - 剪切板中不包含图片
2025-06-27 00:13:09,814 - INFO - 检测到 Ctrl+C
2025-06-27 00:13:09,814 - WARNING - 剪切板中不包含图片
2025-06-27 00:13:09,825 - INFO - 检测到 Ctrl+C
2025-06-27 00:13:09,825 - WARNING - 剪切板中不包含图片
2025-06-27 00:14:39,709 - INFO - 检测到 Esc，准备退出
2025-06-27 00:14:39,711 - INFO - OCR 服务已关闭
2025-06-27 00:14:39,711 - INFO - 程序退出
2025-06-27 00:14:39,715 - INFO - 检测到 Esc，准备退出
2025-06-27 00:14:39,715 - INFO - OCR 服务已关闭
2025-06-27 00:14:39,715 - INFO - 程序退出
2025-06-27 22:56:01,057 - INFO - OCR 服务已启动
2025-06-27 22:56:16,752 - INFO - OCR 服务已启动
2025-06-27 22:56:18,759 - INFO - 检测到 Ctrl+C
2025-06-27 22:56:18,759 - INFO - 检测到 Ctrl+C
2025-06-27 22:56:18,759 - WARNING - 剪切板中不包含图片
2025-06-27 22:56:18,775 - INFO - 剪切板中的图片已经保存
2025-06-27 22:56:18,776 - INFO - OCR识别任务已提交
2025-06-27 22:56:18,889 - INFO - 识别成功，img_path: D:\2\WechatOCR\dist\img\~~~ocr.png, result_file: json\~~~ocr.png.json
2025-06-27 22:56:19,776 - INFO - 文本已保存到 text_save.txt
2025-06-27 22:56:19,830 - INFO - 已将文件内容复制到剪贴板。
2025-06-27 22:56:37,847 - INFO - 检测到 Ctrl+C
2025-06-27 22:56:37,847 - WARNING - 剪切板中不包含图片
2025-06-27 22:56:37,856 - INFO - 剪切板中的图片已经保存
2025-06-27 22:56:37,857 - INFO - OCR识别任务已提交
2025-06-27 22:56:38,003 - INFO - 识别成功，img_path: D:\2\WechatOCR\dist\img\~~~ocr.png, result_file: json\~~~ocr.png.json
2025-06-27 22:56:38,857 - INFO - 文本已保存到 text_save.txt
2025-06-27 22:56:38,869 - INFO - 已将文件内容复制到剪贴板。
2025-06-27 23:22:56,002 - INFO - 检测到 Ctrl+C
2025-06-27 23:22:56,008 - INFO - 检测到 Ctrl+C
2025-06-27 23:22:56,008 - WARNING - 剪切板中不包含图片
2025-06-27 23:22:56,505 - WARNING - 剪切板中不包含图片
2025-06-27 23:23:09,048 - INFO - 检测到 Ctrl+C
2025-06-27 23:23:09,048 - WARNING - 剪切板中不包含图片
2025-06-27 23:23:22,795 - INFO - 检测到 Ctrl+C
2025-06-27 23:23:22,795 - WARNING - 剪切板中不包含图片
2025-06-27 23:25:05,322 - INFO - 检测到 Ctrl+C
2025-06-27 23:25:05,322 - WARNING - 剪切板中不包含图片
2025-06-27 23:25:05,326 - INFO - 检测到 Ctrl+C
2025-06-27 23:25:05,326 - WARNING - 剪切板中不包含图片
2025-06-27 23:29:03,718 - INFO - 检测到 Ctrl+C
2025-06-27 23:29:03,719 - INFO - 检测到 Ctrl+C
2025-06-27 23:29:03,719 - WARNING - 剪切板中不包含图片
2025-06-27 23:29:03,719 - WARNING - 剪切板中不包含图片
2025-06-27 23:30:26,721 - INFO - 检测到 Ctrl+C
2025-06-27 23:30:26,721 - WARNING - 剪切板中不包含图片
2025-06-27 23:32:26,506 - INFO - 检测到 Ctrl+C
2025-06-27 23:32:26,506 - WARNING - 剪切板中不包含图片
2025-06-27 23:32:40,758 - INFO - 检测到 Ctrl+C
2025-06-27 23:32:40,758 - WARNING - 剪切板中不包含图片
2025-06-27 23:42:50,509 - INFO - 检测到 Ctrl+C
2025-06-27 23:42:50,509 - WARNING - 剪切板中不包含图片
2025-06-27 23:43:49,177 - INFO - 检测到 Ctrl+C
2025-06-27 23:43:49,179 - WARNING - 剪切板中不包含图片
2025-06-27 23:43:49,235 - INFO - 检测到 Ctrl+C
2025-06-27 23:43:49,235 - WARNING - 剪切板中不包含图片
2025-06-27 23:45:54,127 - INFO - 检测到 Ctrl+C
2025-06-27 23:45:54,127 - WARNING - 剪切板中不包含图片
2025-06-27 23:46:44,308 - INFO - 检测到 Ctrl+C
2025-06-27 23:46:44,308 - WARNING - 剪切板中不包含图片
2025-06-27 23:46:44,323 - INFO - 检测到 Ctrl+C
2025-06-27 23:46:44,323 - WARNING - 剪切板中不包含图片
2025-06-27 23:47:28,480 - INFO - 检测到 Ctrl+C
2025-06-27 23:47:28,480 - WARNING - 剪切板中不包含图片
2025-06-27 23:47:28,483 - INFO - 检测到 Ctrl+C
2025-06-27 23:47:28,483 - WARNING - 剪切板中不包含图片
2025-06-27 23:47:42,130 - INFO - 检测到 Ctrl+C
2025-06-27 23:47:42,130 - WARNING - 剪切板中不包含图片
2025-06-27 23:47:42,132 - INFO - 检测到 Ctrl+C
2025-06-27 23:47:42,132 - WARNING - 剪切板中不包含图片
2025-06-27 23:47:52,268 - INFO - 检测到 Ctrl+C
2025-06-27 23:47:52,269 - WARNING - 剪切板中不包含图片
2025-06-27 23:57:18,909 - INFO - 检测到 Ctrl+C
2025-06-27 23:57:18,909 - INFO - 检测到 Ctrl+C
2025-06-27 23:57:18,909 - WARNING - 剪切板中不包含图片
2025-06-27 23:57:18,909 - WARNING - 剪切板中不包含图片
2025-06-27 23:58:30,291 - INFO - 检测到 Ctrl+C
2025-06-27 23:58:30,291 - WARNING - 剪切板中不包含图片
2025-06-27 23:58:44,344 - INFO - 检测到 Esc，准备退出
2025-06-27 23:58:44,344 - INFO - 检测到 Esc，准备退出
2025-06-27 23:58:44,352 - INFO - OCR 服务已关闭
2025-06-27 23:58:44,353 - INFO - OCR 服务已关闭
2025-06-27 23:58:44,353 - INFO - 程序退出
2025-06-27 23:58:44,353 - INFO - 程序退出
2025-06-27 23:58:54,328 - INFO - OCR 服务已启动
2025-06-27 23:58:56,437 - INFO - 检测到 Ctrl+C
2025-06-27 23:58:56,451 - INFO - 剪切板中的图片已经保存
2025-06-27 23:58:56,451 - INFO - OCR识别任务已提交
2025-06-27 23:58:56,521 - INFO - 识别成功，img_path: D:\2\WechatOCR\dist\img\~~~ocr.png, result_file: json\~~~ocr.png.json
2025-06-27 23:58:57,452 - INFO - 文本已保存到 text_save.txt
2025-06-27 23:58:57,495 - INFO - 已将文件内容复制到剪贴板。
2025-06-28 00:08:03,595 - INFO - 检测到 Ctrl+C
2025-06-28 00:08:03,596 - ERROR - 保存剪切板图片失败
Traceback (most recent call last):
  File "main.py", line 22, in save_clipboard_pic
AttributeError: 'list' object has no attribute 'save'
2025-06-28 00:08:57,274 - INFO - 检测到 Ctrl+C
2025-06-28 00:08:57,275 - ERROR - 保存剪切板图片失败
Traceback (most recent call last):
  File "main.py", line 22, in save_clipboard_pic
AttributeError: 'list' object has no attribute 'save'
2025-06-28 00:09:25,765 - INFO - 检测到 Ctrl+C
2025-06-28 00:09:25,765 - WARNING - 剪切板中不包含图片
2025-06-28 00:09:44,375 - INFO - OCR 服务已启动
2025-06-28 00:09:47,433 - INFO - 检测到 Ctrl+C
2025-06-28 00:09:47,435 - INFO - 剪切板中的图片已经保存
2025-06-28 00:09:47,435 - INFO - OCR识别任务已提交
2025-06-28 00:09:47,487 - INFO - 检测到 Ctrl+C
2025-06-28 00:09:47,488 - INFO - 识别成功，img_path: D:\2\WechatOCR\dist\img\~~~ocr.png, result_file: json\~~~ocr.png.json
2025-06-28 00:09:47,500 - INFO - 剪切板中的图片已经保存
2025-06-28 00:09:47,500 - INFO - OCR识别任务已提交
2025-06-28 00:09:47,554 - INFO - 识别成功，img_path: D:\2\WechatOCR\dist\img\~~~ocr.png, result_file: json\~~~ocr.png.json
2025-06-28 00:09:48,436 - INFO - 文本已保存到 text_save.txt
2025-06-28 00:09:48,445 - INFO - 已将文件内容复制到剪贴板。
2025-06-28 00:09:48,501 - INFO - 文本已保存到 text_save.txt
2025-06-28 00:09:48,558 - INFO - 已将文件内容复制到剪贴板。
2025-06-28 00:09:57,774 - INFO - 检测到 Ctrl+C
2025-06-28 00:09:57,774 - WARNING - 剪切板中不包含图片
2025-06-28 00:09:57,787 - INFO - 检测到 Ctrl+C
2025-06-28 00:09:57,787 - WARNING - 剪切板中不包含图片
2025-06-28 00:10:12,523 - INFO - 检测到 Ctrl+C
2025-06-28 00:10:12,523 - WARNING - 剪切板中不包含图片
2025-06-28 00:14:28,068 - INFO - 检测到 Ctrl+C
2025-06-28 00:14:28,068 - WARNING - 剪切板中不包含图片
2025-06-28 00:14:28,152 - INFO - 检测到 Ctrl+C
2025-06-28 00:14:28,152 - WARNING - 剪切板中不包含图片
2025-06-28 00:15:02,772 - INFO - 检测到 Ctrl+C
2025-06-28 00:15:02,772 - WARNING - 剪切板中不包含图片
2025-06-28 00:15:02,783 - INFO - 检测到 Ctrl+C
2025-06-28 00:15:02,783 - WARNING - 剪切板中不包含图片
2025-06-28 00:15:24,037 - INFO - 检测到 Ctrl+C
2025-06-28 00:15:24,037 - WARNING - 剪切板中不包含图片
2025-06-28 00:15:24,050 - INFO - 检测到 Ctrl+C
2025-06-28 00:15:24,050 - WARNING - 剪切板中不包含图片
2025-06-28 00:16:05,282 - INFO - 检测到 Ctrl+C
2025-06-28 00:16:05,282 - WARNING - 剪切板中不包含图片
2025-06-28 00:16:05,366 - INFO - 检测到 Ctrl+C
2025-06-28 00:16:05,366 - WARNING - 剪切板中不包含图片
2025-06-28 00:16:10,484 - INFO - 检测到 Ctrl+C
2025-06-28 00:16:10,484 - WARNING - 剪切板中不包含图片
2025-06-28 00:16:10,499 - INFO - 检测到 Ctrl+C
2025-06-28 00:16:10,499 - WARNING - 剪切板中不包含图片
2025-06-28 00:16:15,514 - INFO - 检测到 Ctrl+C
2025-06-28 00:16:15,515 - WARNING - 剪切板中不包含图片
2025-06-28 00:16:15,600 - INFO - 检测到 Ctrl+C
2025-06-28 00:16:15,600 - WARNING - 剪切板中不包含图片
2025-06-28 00:16:29,944 - INFO - 检测到 Ctrl+C
2025-06-28 00:16:29,944 - WARNING - 剪切板中不包含图片
2025-06-28 00:16:29,957 - INFO - 检测到 Ctrl+C
2025-06-28 00:16:29,957 - WARNING - 剪切板中不包含图片
2025-06-28 00:16:39,492 - INFO - 检测到 Ctrl+C
2025-06-28 00:16:39,492 - WARNING - 剪切板中不包含图片
2025-06-28 00:16:39,576 - INFO - 检测到 Ctrl+C
2025-06-28 00:16:39,576 - WARNING - 剪切板中不包含图片
2025-06-28 00:16:53,220 - INFO - 检测到 Ctrl+C
2025-06-28 00:16:53,220 - WARNING - 剪切板中不包含图片
2025-06-28 00:16:53,237 - INFO - 检测到 Ctrl+C
2025-06-28 00:16:53,237 - WARNING - 剪切板中不包含图片
2025-06-28 00:16:59,838 - INFO - 检测到 Ctrl+C
2025-06-28 00:16:59,838 - WARNING - 剪切板中不包含图片
2025-06-28 00:16:59,856 - INFO - 检测到 Ctrl+C
2025-06-28 00:16:59,856 - WARNING - 剪切板中不包含图片
2025-06-28 00:56:11,773 - INFO - OCR 服务已启动
2025-06-28 00:56:22,596 - INFO - 检测到 Ctrl+C
2025-06-28 00:56:22,613 - INFO - 剪切板中的图片已经保存
2025-06-28 00:56:22,613 - INFO - OCR识别任务已提交
2025-06-28 00:56:22,766 - INFO - 识别成功，img_path: D:\2\WechatOCR\dist\img\~~~ocr.png, result_file: json\~~~ocr.png.json
2025-06-28 00:56:23,615 - INFO - 文本已保存到 text_save.txt
2025-06-28 00:56:23,648 - INFO - 已将文件内容复制到剪贴板。
2025-06-28 00:56:35,670 - INFO - 检测到 Ctrl+C
2025-06-28 00:56:35,670 - WARNING - 剪切板中不包含图片
2025-06-28 00:56:51,193 - INFO - 检测到 Ctrl+C
2025-06-28 00:56:51,193 - WARNING - 剪切板中不包含图片
2025-06-28 00:57:25,655 - INFO - 检测到 Ctrl+C
2025-06-28 00:57:25,655 - WARNING - 剪切板中不包含图片
2025-06-28 00:57:34,971 - INFO - 检测到 Ctrl+C
2025-06-28 00:57:34,971 - WARNING - 剪切板中不包含图片
2025-06-28 00:58:14,437 - INFO - 检测到 Ctrl+C
2025-06-28 00:58:14,437 - WARNING - 剪切板中不包含图片
2025-06-28 00:58:41,994 - INFO - 检测到 Ctrl+C
2025-06-28 00:58:41,994 - WARNING - 剪切板中不包含图片
2025-06-28 00:59:35,098 - INFO - 检测到 Ctrl+C
2025-06-28 00:59:35,098 - WARNING - 剪切板中不包含图片
2025-06-28 01:00:12,067 - INFO - 检测到 Ctrl+C
2025-06-28 01:00:12,082 - INFO - 剪切板中的图片已经保存
2025-06-28 01:00:12,082 - INFO - OCR识别任务已提交
2025-06-28 01:00:12,394 - INFO - 识别成功，img_path: D:\2\WechatOCR\dist\img\~~~ocr.png, result_file: json\~~~ocr.png.json
2025-06-28 01:00:13,083 - INFO - 文本已保存到 text_save.txt
2025-06-28 01:00:13,087 - INFO - 已将文件内容复制到剪贴板。
2025-06-28 01:00:44,255 - INFO - 检测到 Ctrl+C
2025-06-28 01:00:44,257 - INFO - 剪切板中的图片已经保存
2025-06-28 01:00:44,257 - INFO - OCR识别任务已提交
2025-06-28 01:00:44,324 - INFO - 识别成功，img_path: D:\2\WechatOCR\dist\img\~~~ocr.png, result_file: json\~~~ocr.png.json
2025-06-28 01:00:45,258 - INFO - 文本已保存到 text_save.txt
2025-06-28 01:00:45,258 - INFO - 已将文件内容复制到剪贴板。
2025-06-28 01:00:58,791 - INFO - 检测到 Ctrl+C
2025-06-28 01:00:58,805 - INFO - 剪切板中的图片已经保存
2025-06-28 01:00:58,805 - INFO - OCR识别任务已提交
2025-06-28 01:00:59,086 - INFO - 识别成功，img_path: D:\2\WechatOCR\dist\img\~~~ocr.png, result_file: json\~~~ocr.png.json
2025-06-28 01:00:59,810 - INFO - 文本已保存到 text_save.txt
2025-06-28 01:00:59,813 - INFO - 已将文件内容复制到剪贴板。
2025-06-28 01:01:18,161 - INFO - 检测到 Ctrl+C
2025-06-28 01:01:18,664 - WARNING - 剪切板中不包含图片
2025-06-28 01:01:27,582 - INFO - 检测到 Ctrl+C
2025-06-28 01:01:27,582 - WARNING - 剪切板中不包含图片
2025-06-28 01:01:37,504 - INFO - 检测到 Ctrl+C
2025-06-28 01:01:37,505 - INFO - 剪切板中的图片已经保存
2025-06-28 01:01:37,505 - INFO - OCR识别任务已提交
2025-06-28 01:01:37,554 - INFO - 识别成功，img_path: D:\2\WechatOCR\dist\img\~~~ocr.png, result_file: json\~~~ocr.png.json
2025-06-28 01:01:38,506 - INFO - 文本已保存到 text_save.txt
2025-06-28 01:01:38,514 - INFO - 已将文件内容复制到剪贴板。
2025-06-28 01:01:54,243 - INFO - 检测到 Ctrl+C
2025-06-28 01:01:54,243 - WARNING - 剪切板中不包含图片
2025-06-28 01:01:57,050 - INFO - 检测到 Ctrl+C
2025-06-28 01:01:57,050 - WARNING - 剪切板中不包含图片
2025-06-28 01:02:54,362 - INFO - 检测到 Ctrl+C
2025-06-28 01:02:54,362 - WARNING - 剪切板中不包含图片
2025-06-28 01:02:55,164 - INFO - 检测到 Ctrl+C
2025-06-28 01:02:55,668 - WARNING - 剪切板中不包含图片
2025-06-28 01:03:20,122 - INFO - 检测到 Ctrl+C
2025-06-28 01:03:20,871 - INFO - 剪切板中的图片已经保存
2025-06-28 01:03:20,873 - INFO - OCR识别任务已提交
2025-06-28 01:03:20,971 - INFO - 识别成功，img_path: D:\2\WechatOCR\dist\img\~~~ocr.png, result_file: json\~~~ocr.png.json
2025-06-28 01:03:21,874 - INFO - 文本已保存到 text_save.txt
2025-06-28 01:03:21,887 - INFO - 已将文件内容复制到剪贴板。
2025-06-28 01:03:23,892 - INFO - 检测到 Ctrl+C
2025-06-28 01:03:23,892 - WARNING - 剪切板中不包含图片
2025-06-28 01:03:31,604 - INFO - 检测到 Ctrl+C
2025-06-28 01:03:31,604 - WARNING - 剪切板中不包含图片
2025-06-28 01:03:40,618 - INFO - 检测到 Ctrl+C
2025-06-28 01:03:40,618 - WARNING - 剪切板中不包含图片
2025-06-28 01:03:42,922 - INFO - 检测到 Ctrl+C
2025-06-28 01:03:42,922 - WARNING - 剪切板中不包含图片
2025-06-28 01:04:12,069 - INFO - 检测到 Ctrl+C
2025-06-28 01:04:12,069 - WARNING - 剪切板中不包含图片
2025-06-28 01:05:14,977 - INFO - 检测到 Ctrl+C
2025-06-28 01:05:14,977 - WARNING - 剪切板中不包含图片
2025-06-28 01:05:22,889 - INFO - 检测到 Ctrl+C
2025-06-28 01:05:22,908 - INFO - 剪切板中的图片已经保存
2025-06-28 01:05:22,908 - INFO - OCR识别任务已提交
2025-06-28 01:05:23,030 - INFO - 识别成功，img_path: D:\2\WechatOCR\dist\img\~~~ocr.png, result_file: json\~~~ocr.png.json
2025-06-28 01:05:23,909 - INFO - 文本已保存到 text_save.txt
2025-06-28 01:05:23,917 - INFO - 已将文件内容复制到剪贴板。
2025-06-28 12:27:36,443 - INFO - OCR 服务已启动
2025-06-28 12:27:43,455 - INFO - 检测到 Ctrl+C
2025-06-28 12:27:43,471 - INFO - 剪切板中的图片已经保存
2025-06-28 12:27:43,471 - INFO - OCR识别任务已提交
2025-06-28 12:27:43,638 - INFO - 识别成功，img_path: D:\2\WechatOCR\dist\img\~~~ocr.png, result_file: json\~~~ocr.png.json
2025-06-28 12:27:44,473 - INFO - 文本已保存到 text_save.txt
2025-06-28 12:27:44,506 - INFO - 已将文件内容复制到剪贴板。
2025-06-28 12:28:08,447 - INFO - 检测到 Ctrl+C
2025-06-28 12:28:08,447 - WARNING - 剪切板中不包含图片
2025-06-28 12:28:24,279 - INFO - 检测到 Ctrl+C
2025-06-28 12:28:24,279 - WARNING - 剪切板中不包含图片
2025-06-28 12:28:46,513 - INFO - 检测到 Ctrl+C
2025-06-28 12:28:46,513 - WARNING - 剪切板中不包含图片
2025-06-28 12:29:06,044 - INFO - 检测到 Ctrl+C
2025-06-28 12:29:06,044 - WARNING - 剪切板中不包含图片
2025-06-28 12:29:27,177 - INFO - 检测到 Ctrl+C
2025-06-28 12:29:27,177 - WARNING - 剪切板中不包含图片
2025-06-28 12:29:46,307 - INFO - 检测到 Ctrl+C
2025-06-28 12:29:46,307 - WARNING - 剪切板中不包含图片
2025-06-28 12:30:01,832 - INFO - 检测到 Ctrl+C
2025-06-28 12:30:01,832 - WARNING - 剪切板中不包含图片
2025-06-28 12:30:20,663 - INFO - 检测到 Ctrl+C
2025-06-28 12:30:20,667 - INFO - 剪切板中的图片已经保存
2025-06-28 12:30:20,667 - INFO - OCR识别任务已提交
2025-06-28 12:30:20,790 - INFO - 识别成功，img_path: D:\2\WechatOCR\dist\img\~~~ocr.png, result_file: json\~~~ocr.png.json
2025-06-28 12:30:21,669 - INFO - 文本已保存到 text_save.txt
2025-06-28 12:30:21,674 - INFO - 已将文件内容复制到剪贴板。
2025-06-28 12:31:12,556 - INFO - 检测到 Ctrl+C
2025-06-28 12:31:12,556 - WARNING - 剪切板中不包含图片
2025-06-28 12:31:27,686 - INFO - 检测到 Ctrl+C
2025-06-28 12:31:27,686 - WARNING - 剪切板中不包含图片
2025-06-28 12:31:28,689 - INFO - 检测到 Ctrl+C
2025-06-28 12:31:28,689 - WARNING - 剪切板中不包含图片
2025-06-28 12:32:10,950 - INFO - 检测到 Ctrl+C
2025-06-28 12:32:10,950 - WARNING - 剪切板中不包含图片
2025-06-28 12:32:27,479 - INFO - 检测到 Ctrl+C
2025-06-28 12:32:28,077 - INFO - 剪切板中的图片已经保存
2025-06-28 12:32:28,079 - INFO - OCR识别任务已提交
2025-06-28 12:32:28,161 - INFO - 识别成功，img_path: D:\2\WechatOCR\dist\img\~~~ocr.png, result_file: json\~~~ocr.png.json
2025-06-28 12:32:29,080 - INFO - 文本已保存到 text_save.txt
2025-06-28 12:32:29,092 - INFO - 已将文件内容复制到剪贴板。
2025-06-28 12:32:30,795 - INFO - 检测到 Ctrl+C
2025-06-28 12:32:30,795 - WARNING - 剪切板中不包含图片
2025-06-28 12:33:00,739 - INFO - 检测到 Ctrl+C
2025-06-28 12:33:00,739 - WARNING - 剪切板中不包含图片
2025-06-28 12:34:15,558 - INFO - 检测到 Ctrl+C
2025-06-28 12:34:15,558 - WARNING - 剪切板中不包含图片
2025-06-28 12:34:49,110 - INFO - 检测到 Ctrl+C
2025-06-28 12:34:49,155 - INFO - 剪切板中的图片已经保存
2025-06-28 12:34:49,155 - INFO - OCR识别任务已提交
2025-06-28 12:34:49,698 - INFO - 识别成功，img_path: D:\2\WechatOCR\dist\img\~~~ocr.png, result_file: json\~~~ocr.png.json
2025-06-28 12:34:50,156 - INFO - 文本已保存到 text_save.txt
2025-06-28 12:34:50,163 - INFO - 已将文件内容复制到剪贴板。
2025-06-28 12:34:51,766 - INFO - 检测到 Ctrl+C
2025-06-28 12:34:51,803 - INFO - 剪切板中的图片已经保存
2025-06-28 12:34:51,803 - INFO - OCR识别任务已提交
2025-06-28 12:34:52,326 - INFO - 识别成功，img_path: D:\2\WechatOCR\dist\img\~~~ocr.png, result_file: json\~~~ocr.png.json
2025-06-28 12:34:52,805 - INFO - 文本已保存到 text_save.txt
2025-06-28 12:34:52,811 - INFO - 已将文件内容复制到剪贴板。
2025-06-28 12:35:53,408 - INFO - 检测到 Ctrl+C
2025-06-28 12:35:53,408 - WARNING - 剪切板中不包含图片
2025-06-28 12:37:02,912 - INFO - 检测到 Ctrl+C
2025-06-28 12:37:02,973 - INFO - 剪切板中的图片已经保存
2025-06-28 12:37:02,973 - INFO - OCR识别任务已提交
2025-06-28 12:37:03,000 - INFO - 识别成功，img_path: D:\2\WechatOCR\dist\img\~~~ocr.png, result_file: json\~~~ocr.png.json
2025-06-28 12:37:03,974 - INFO - 文本已保存到 text_save.txt
2025-06-28 12:37:03,981 - INFO - 已将文件内容复制到剪贴板。
2025-06-28 12:44:13,921 - INFO - 检测到 Ctrl+C
2025-06-28 12:44:13,962 - INFO - 剪切板中的图片已经保存
2025-06-28 12:44:13,962 - INFO - OCR识别任务已提交
2025-06-28 12:44:13,996 - INFO - 识别成功，img_path: D:\2\WechatOCR\dist\img\~~~ocr.png, result_file: json\~~~ocr.png.json
2025-06-28 12:44:14,963 - INFO - 文本已保存到 text_save.txt
2025-06-28 12:44:14,970 - INFO - 已将文件内容复制到剪贴板。
2025-06-28 12:45:21,664 - INFO - 检测到 Ctrl+C
2025-06-28 12:45:21,664 - WARNING - 剪切板中不包含图片
2025-06-28 12:49:07,839 - INFO - 检测到 Ctrl+C
2025-06-28 12:49:07,839 - WARNING - 剪切板中不包含图片
2025-06-28 12:49:44,952 - INFO - 检测到 Ctrl+C
2025-06-28 12:49:44,952 - WARNING - 剪切板中不包含图片
2025-06-28 12:50:11,728 - INFO - 检测到 Ctrl+C
2025-06-28 12:50:11,728 - WARNING - 剪切板中不包含图片
2025-06-28 13:18:29,345 - INFO - 检测到 Ctrl+C
2025-06-28 13:18:29,345 - WARNING - 剪切板中不包含图片
2025-06-28 13:19:23,397 - INFO - 检测到 Ctrl+C
2025-06-28 13:19:23,397 - WARNING - 剪切板中不包含图片
2025-06-28 13:19:45,565 - INFO - 检测到 Ctrl+C
2025-06-28 13:19:45,565 - WARNING - 剪切板中不包含图片
2025-06-28 13:19:52,586 - INFO - 检测到 Ctrl+C
2025-06-28 13:19:53,101 - WARNING - 剪切板中不包含图片
2025-06-28 13:20:49,532 - INFO - 检测到 Ctrl+C
2025-06-28 13:20:50,080 - INFO - 剪切板中的图片已经保存
2025-06-28 13:20:50,083 - INFO - OCR识别任务已提交
2025-06-28 13:20:50,183 - INFO - 识别成功，img_path: D:\2\WechatOCR\dist\img\~~~ocr.png, result_file: json\~~~ocr.png.json
2025-06-28 13:20:51,084 - INFO - 文本已保存到 text_save.txt
2025-06-28 13:20:51,098 - INFO - 已将文件内容复制到剪贴板。
2025-06-28 13:40:59,399 - INFO - 检测到 Ctrl+C
2025-06-28 13:41:00,015 - INFO - 剪切板中的图片已经保存
2025-06-28 13:41:00,018 - INFO - OCR识别任务已提交
2025-06-28 13:41:00,121 - INFO - 识别成功，img_path: D:\2\WechatOCR\dist\img\~~~ocr.png, result_file: json\~~~ocr.png.json
2025-06-28 13:41:01,019 - INFO - 文本已保存到 text_save.txt
2025-06-28 13:41:01,034 - INFO - 已将文件内容复制到剪贴板。
2025-06-28 13:56:28,432 - INFO - 检测到 Ctrl+C
2025-06-28 13:56:28,947 - ERROR - 保存剪切板图片失败
Traceback (most recent call last):
  File "main.py", line 20, in save_clipboard_pic
  File "PIL\ImageGrab.py", line 119, in grabclipboard
OSError: failed to open clipboard
2025-06-28 13:58:01,005 - INFO - 检测到 Ctrl+C
2025-06-28 13:58:01,518 - INFO - 剪切板中的图片已经保存
2025-06-28 13:58:01,519 - INFO - OCR识别任务已提交
2025-06-28 13:58:01,617 - INFO - 识别成功，img_path: D:\2\WechatOCR\dist\img\~~~ocr.png, result_file: json\~~~ocr.png.json
2025-06-28 13:58:02,520 - INFO - 文本已保存到 text_save.txt
2025-06-28 13:58:02,529 - INFO - 已将文件内容复制到剪贴板。
2025-06-28 13:58:41,742 - INFO - 检测到 Ctrl+C
2025-06-28 13:58:41,742 - WARNING - 剪切板中不包含图片
2025-06-28 14:00:50,539 - INFO - 检测到 Ctrl+C
2025-06-28 14:00:50,539 - WARNING - 剪切板中不包含图片
2025-06-28 14:37:22,251 - INFO - 检测到 Ctrl+C
2025-06-28 14:37:22,669 - INFO - 剪切板中的图片已经保存
2025-06-28 14:37:22,669 - INFO - OCR识别任务已提交
2025-06-28 14:37:29,049 - INFO - 识别成功，img_path: D:\2\WechatOCR\dist\img\~~~ocr.png, result_file: json\~~~ocr.png.json
2025-06-28 14:37:29,184 - INFO - 文本已保存到 text_save.txt
2025-06-28 14:37:29,194 - INFO - 已将文件内容复制到剪贴板。
2025-06-28 14:38:54,961 - INFO - 检测到 Ctrl+C
2025-06-28 14:38:55,267 - INFO - 剪切板中的图片已经保存
2025-06-28 14:38:55,269 - INFO - OCR识别任务已提交
2025-06-28 14:39:03,070 - INFO - 识别成功，img_path: D:\2\WechatOCR\dist\img\~~~ocr.png, result_file: json\~~~ocr.png.json
2025-06-28 14:39:03,192 - INFO - 文本已保存到 text_save.txt
2025-06-28 14:39:03,201 - INFO - 已将文件内容复制到剪贴板。
2025-06-28 14:39:12,728 - INFO - 检测到 Ctrl+C
2025-06-28 14:39:12,728 - WARNING - 剪切板中不包含图片
2025-06-28 14:39:30,376 - INFO - 检测到 Ctrl+C
2025-06-28 14:39:30,376 - WARNING - 剪切板中不包含图片
2025-06-28 14:41:06,442 - INFO - 检测到 Ctrl+C
2025-06-28 14:41:06,442 - WARNING - 剪切板中不包含图片
2025-06-28 14:42:30,575 - INFO - 检测到 Ctrl+C
2025-06-28 14:42:30,575 - WARNING - 剪切板中不包含图片
2025-06-28 14:42:44,517 - INFO - 检测到 Ctrl+C
2025-06-28 14:42:44,517 - WARNING - 剪切板中不包含图片
2025-06-28 14:45:41,818 - INFO - 检测到 Ctrl+C
2025-06-28 14:45:41,818 - WARNING - 剪切板中不包含图片
2025-06-28 14:46:28,750 - INFO - 检测到 Ctrl+C
2025-06-28 14:46:28,750 - WARNING - 剪切板中不包含图片
2025-06-28 14:49:04,880 - INFO - 检测到 Ctrl+C
2025-06-28 14:49:04,880 - WARNING - 剪切板中不包含图片
2025-06-28 14:50:10,876 - INFO - 检测到 Ctrl+C
2025-06-28 14:50:10,876 - WARNING - 剪切板中不包含图片
2025-06-28 14:50:51,792 - INFO - 检测到 Ctrl+C
2025-06-28 14:50:51,792 - WARNING - 剪切板中不包含图片
2025-06-28 14:51:53,266 - INFO - 检测到 Ctrl+C
2025-06-28 14:51:53,266 - WARNING - 剪切板中不包含图片
2025-06-28 14:55:56,744 - INFO - 检测到 Ctrl+C
2025-06-28 14:55:56,744 - WARNING - 剪切板中不包含图片
2025-06-28 14:56:01,055 - INFO - 检测到 Ctrl+C
2025-06-28 14:56:01,055 - WARNING - 剪切板中不包含图片
2025-06-28 14:56:02,558 - INFO - 检测到 Ctrl+C
2025-06-28 14:56:02,558 - WARNING - 剪切板中不包含图片
2025-06-28 14:56:03,159 - INFO - 检测到 Ctrl+C
2025-06-28 14:56:03,159 - WARNING - 剪切板中不包含图片
2025-06-28 15:00:14,544 - INFO - 检测到 Ctrl+C
2025-06-28 15:00:15,053 - WARNING - 剪切板中不包含图片
2025-06-28 15:00:34,009 - INFO - 检测到 Ctrl+C
2025-06-28 15:00:34,009 - WARNING - 剪切板中不包含图片
2025-06-28 15:04:01,487 - INFO - 检测到 Ctrl+C
2025-06-28 15:04:01,487 - WARNING - 剪切板中不包含图片
2025-06-28 15:04:19,945 - INFO - 检测到 Ctrl+C
2025-06-28 15:04:19,945 - WARNING - 剪切板中不包含图片
2025-06-28 15:05:28,946 - INFO - 检测到 Ctrl+C
2025-06-28 15:05:28,946 - WARNING - 剪切板中不包含图片
2025-06-28 15:06:32,722 - INFO - 检测到 Ctrl+C
2025-06-28 15:06:32,862 - INFO - 剪切板中的图片已经保存
2025-06-28 15:06:32,862 - INFO - OCR识别任务已提交
2025-06-28 15:06:32,890 - INFO - 识别成功，img_path: D:\2\WechatOCR\dist\img\~~~ocr.png, result_file: json\~~~ocr.png.json
2025-06-28 15:06:33,863 - INFO - 文本已保存到 text_save.txt
2025-06-28 15:06:33,871 - INFO - 已将文件内容复制到剪贴板。
2025-06-28 15:07:35,349 - INFO - 检测到 Ctrl+C
2025-06-28 15:07:35,426 - INFO - 剪切板中的图片已经保存
2025-06-28 15:07:35,427 - INFO - OCR识别任务已提交
2025-06-28 15:07:35,451 - INFO - 识别成功，img_path: D:\2\WechatOCR\dist\img\~~~ocr.png, result_file: json\~~~ocr.png.json
2025-06-28 15:07:36,427 - INFO - 文本已保存到 text_save.txt
2025-06-28 15:07:36,435 - INFO - 已将文件内容复制到剪贴板。
2025-06-28 15:09:18,825 - INFO - 检测到 Ctrl+C
2025-06-28 15:09:18,825 - WARNING - 剪切板中不包含图片
2025-06-28 15:10:10,563 - INFO - 检测到 Ctrl+C
2025-06-28 15:10:11,070 - INFO - 剪切板中的图片已经保存
2025-06-28 15:10:11,073 - INFO - OCR识别任务已提交
2025-06-28 15:10:11,175 - INFO - 识别成功，img_path: D:\2\WechatOCR\dist\img\~~~ocr.png, result_file: json\~~~ocr.png.json
2025-06-28 15:10:12,074 - INFO - 文本已保存到 text_save.txt
2025-06-28 15:10:12,088 - INFO - 已将文件内容复制到剪贴板。
2025-06-28 15:10:19,009 - INFO - 检测到 Ctrl+C
2025-06-28 15:10:19,009 - WARNING - 剪切板中不包含图片
2025-06-28 15:11:03,937 - INFO - 检测到 Ctrl+C
2025-06-28 15:11:03,937 - WARNING - 剪切板中不包含图片
2025-06-28 15:12:02,596 - INFO - 检测到 Ctrl+C
2025-06-28 15:12:02,740 - INFO - 剪切板中的图片已经保存
2025-06-28 15:12:02,741 - INFO - OCR识别任务已提交
2025-06-28 15:12:02,765 - INFO - 识别成功，img_path: D:\2\WechatOCR\dist\img\~~~ocr.png, result_file: json\~~~ocr.png.json
2025-06-28 15:12:03,741 - INFO - 文本已保存到 text_save.txt
2025-06-28 15:12:03,751 - INFO - 已将文件内容复制到剪贴板。
2025-06-28 15:12:17,694 - INFO - 检测到 Ctrl+C
2025-06-28 15:12:17,694 - WARNING - 剪切板中不包含图片
2025-06-28 15:13:01,824 - INFO - 检测到 Ctrl+C
2025-06-28 15:13:01,961 - INFO - 剪切板中的图片已经保存
2025-06-28 15:13:01,961 - INFO - OCR识别任务已提交
2025-06-28 15:13:01,987 - INFO - 识别成功，img_path: D:\2\WechatOCR\dist\img\~~~ocr.png, result_file: json\~~~ocr.png.json
2025-06-28 15:13:02,961 - INFO - 文本已保存到 text_save.txt
2025-06-28 15:13:02,971 - INFO - 已将文件内容复制到剪贴板。
2025-06-28 15:13:13,403 - INFO - 检测到 Ctrl+C
2025-06-28 15:13:13,403 - WARNING - 剪切板中不包含图片
2025-06-28 15:13:27,949 - INFO - 检测到 Ctrl+C
2025-06-28 15:13:27,949 - WARNING - 剪切板中不包含图片
2025-06-28 15:13:47,610 - INFO - 检测到 Ctrl+C
2025-06-28 15:13:47,610 - WARNING - 剪切板中不包含图片
2025-06-28 15:17:53,218 - INFO - 检测到 Ctrl+C
2025-06-28 15:17:53,218 - WARNING - 剪切板中不包含图片
2025-06-28 15:17:55,324 - INFO - 检测到 Ctrl+C
2025-06-28 15:17:55,839 - WARNING - 剪切板中不包含图片
2025-06-28 15:20:52,248 - INFO - 检测到 Ctrl+C
2025-06-28 15:20:52,248 - WARNING - 剪切板中不包含图片
2025-06-28 15:21:38,185 - INFO - 检测到 Ctrl+C
2025-06-28 15:21:38,185 - WARNING - 剪切板中不包含图片
2025-06-28 15:24:57,592 - INFO - 检测到 Ctrl+C
2025-06-28 15:24:57,592 - WARNING - 剪切板中不包含图片
2025-06-28 15:26:42,561 - INFO - 检测到 Ctrl+C
2025-06-28 15:26:43,041 - INFO - 剪切板中的图片已经保存
2025-06-28 15:26:43,043 - INFO - OCR识别任务已提交
2025-06-28 15:26:43,140 - INFO - 识别成功，img_path: D:\2\WechatOCR\dist\img\~~~ocr.png, result_file: json\~~~ocr.png.json
2025-06-28 15:26:44,044 - INFO - 文本已保存到 text_save.txt
2025-06-28 15:26:44,058 - INFO - 已将文件内容复制到剪贴板。
2025-06-28 15:28:17,098 - INFO - 检测到 Ctrl+C
2025-06-28 15:28:17,285 - WARNING - 剪切板中不包含图片
2025-06-28 15:28:31,109 - INFO - 检测到 Ctrl+C
2025-06-28 15:28:31,109 - WARNING - 剪切板中不包含图片
2025-06-28 15:31:02,678 - INFO - 检测到 Ctrl+C
2025-06-28 15:31:02,857 - WARNING - 剪切板中不包含图片
2025-06-28 15:31:24,913 - INFO - 检测到 Ctrl+C
2025-06-28 15:31:25,135 - INFO - 剪切板中的图片已经保存
2025-06-28 15:31:25,137 - INFO - OCR识别任务已提交
2025-06-28 15:31:27,598 - INFO - 识别成功，img_path: D:\2\WechatOCR\dist\img\~~~ocr.png, result_file: json\~~~ocr.png.json
2025-06-28 15:31:27,723 - INFO - 文本已保存到 text_save.txt
2025-06-28 15:31:27,741 - INFO - 已将文件内容复制到剪贴板。
2025-06-28 15:32:40,243 - INFO - 检测到 Ctrl+C
2025-06-28 15:32:40,523 - INFO - 剪切板中的图片已经保存
2025-06-28 15:32:40,524 - INFO - OCR识别任务已提交
2025-06-28 15:32:41,587 - INFO - 识别成功，img_path: D:\2\WechatOCR\dist\img\~~~ocr.png, result_file: json\~~~ocr.png.json
2025-06-28 15:32:41,698 - INFO - 文本已保存到 text_save.txt
2025-06-28 15:32:41,716 - INFO - 已将文件内容复制到剪贴板。
2025-06-28 15:48:42,493 - INFO - 检测到 Esc，准备退出
2025-06-28 15:48:42,495 - INFO - OCR 服务已关闭
2025-06-28 15:48:42,496 - INFO - 程序退出
2025-06-28 23:46:07,469 - INFO - OCR 服务已启动
2025-06-28 23:46:10,480 - INFO - 检测到 Ctrl+C
2025-06-28 23:46:10,496 - INFO - 剪切板中的图片已经保存
2025-06-28 23:46:10,496 - INFO - OCR识别任务已提交
2025-06-28 23:46:10,578 - INFO - 识别成功，img_path: D:\2\WechatOCR\dist\img\~~~ocr.png, result_file: json\~~~ocr.png.json
2025-06-28 23:46:11,497 - INFO - 文本已保存到 text_save.txt
2025-06-28 23:46:11,551 - INFO - 已将文件内容复制到剪贴板。
2025-06-28 23:46:18,474 - INFO - 检测到 Ctrl+C
2025-06-28 23:46:18,474 - WARNING - 剪切板中不包含图片
2025-06-28 23:46:45,165 - INFO - 检测到 Ctrl+C
2025-06-28 23:46:45,165 - WARNING - 剪切板中不包含图片
2025-06-28 23:46:56,701 - INFO - 检测到 Ctrl+C
2025-06-28 23:46:56,701 - WARNING - 剪切板中不包含图片
2025-06-28 23:50:34,201 - INFO - 检测到 Ctrl+C
2025-06-28 23:50:34,201 - WARNING - 剪切板中不包含图片
2025-06-28 23:51:07,209 - INFO - 检测到 Ctrl+C
2025-06-28 23:51:07,209 - WARNING - 剪切板中不包含图片
2025-06-28 23:51:08,913 - INFO - 检测到 Ctrl+C
2025-06-28 23:51:08,914 - WARNING - 剪切板中不包含图片
2025-06-28 23:51:19,450 - INFO - 检测到 Ctrl+C
2025-06-28 23:51:19,450 - WARNING - 剪切板中不包含图片
2025-06-28 23:51:26,574 - INFO - 检测到 Ctrl+C
2025-06-28 23:51:26,574 - WARNING - 剪切板中不包含图片
2025-06-28 23:56:04,301 - INFO - 检测到 Ctrl+C
2025-06-28 23:56:04,302 - ERROR - 保存剪切板图片失败
Traceback (most recent call last):
  File "main.py", line 22, in save_clipboard_pic
AttributeError: 'list' object has no attribute 'save'
2025-06-28 23:59:42,420 - INFO - 检测到 Ctrl+C
2025-06-28 23:59:42,420 - ERROR - 保存剪切板图片失败
Traceback (most recent call last):
  File "main.py", line 22, in save_clipboard_pic
AttributeError: 'list' object has no attribute 'save'
2025-06-29 00:03:40,507 - INFO - 检测到 Ctrl+C
2025-06-29 00:03:40,559 - INFO - 剪切板中的图片已经保存
2025-06-29 00:03:40,560 - INFO - OCR识别任务已提交
2025-06-29 00:03:40,909 - INFO - 识别成功，img_path: D:\2\WechatOCR\dist\img\~~~ocr.png, result_file: json\~~~ocr.png.json
2025-06-29 00:03:41,561 - INFO - 文本已保存到 text_save.txt
2025-06-29 00:03:41,577 - INFO - 已将文件内容复制到剪贴板。
2025-06-29 00:04:05,761 - INFO - 检测到 Ctrl+C
2025-06-29 00:04:05,794 - INFO - 剪切板中的图片已经保存
2025-06-29 00:04:05,795 - INFO - OCR识别任务已提交
2025-06-29 00:04:05,979 - INFO - 识别成功，img_path: D:\2\WechatOCR\dist\img\~~~ocr.png, result_file: json\~~~ocr.png.json
2025-06-29 00:04:06,795 - INFO - 文本已保存到 text_save.txt
2025-06-29 00:04:06,813 - INFO - 已将文件内容复制到剪贴板。
2025-06-29 00:05:11,722 - INFO - 检测到 Esc，准备退出
2025-06-29 00:05:11,722 - INFO - OCR 服务已关闭
2025-06-29 00:05:11,723 - INFO - 程序退出
2025-06-29 23:31:05,122 - INFO - OCR 服务已启动
2025-06-29 23:31:18,429 - INFO - OCR 服务已启动
2025-06-29 23:31:21,800 - INFO - 检测到 Ctrl+C
2025-06-29 23:31:21,814 - INFO - 剪切板中的图片已经保存
2025-06-29 23:31:21,815 - INFO - OCR识别任务已提交
2025-06-29 23:31:21,846 - INFO - 检测到 Ctrl+C
2025-06-29 23:31:21,860 - INFO - 剪切板中的图片已经保存
2025-06-29 23:31:21,861 - INFO - OCR识别任务已提交
2025-06-29 23:31:21,930 - INFO - 识别成功，img_path: D:\2\WechatOCR\dist\img\~~~ocr.png, result_file: json\~~~ocr.png.json
2025-06-29 23:31:21,948 - INFO - 识别成功，img_path: D:\2\WechatOCR\dist\img\~~~ocr.png, result_file: json\~~~ocr.png.json
2025-06-29 23:31:22,815 - INFO - 文本已保存到 text_save.txt
2025-06-29 23:31:22,861 - INFO - 文本已保存到 text_save.txt
2025-06-29 23:31:22,879 - INFO - 已将文件内容复制到剪贴板。
2025-06-29 23:31:22,928 - INFO - 已将文件内容复制到剪贴板。
2025-06-29 23:31:31,314 - INFO - 检测到 Ctrl+C
2025-06-29 23:31:31,320 - INFO - 剪切板中的图片已经保存
2025-06-29 23:31:31,320 - INFO - OCR识别任务已提交
2025-06-29 23:31:31,356 - INFO - 检测到 Ctrl+C
2025-06-29 23:31:31,358 - INFO - 剪切板中的图片已经保存
2025-06-29 23:31:31,358 - INFO - OCR识别任务已提交
2025-06-29 23:31:31,408 - INFO - 识别成功，img_path: D:\2\WechatOCR\dist\img\~~~ocr.png, result_file: json\~~~ocr.png.json
2025-06-29 23:31:31,442 - INFO - 识别成功，img_path: D:\2\WechatOCR\dist\img\~~~ocr.png, result_file: json\~~~ocr.png.json
2025-06-29 23:31:32,321 - INFO - 文本已保存到 text_save.txt
2025-06-29 23:31:32,333 - INFO - 已将文件内容复制到剪贴板。
2025-06-29 23:31:32,359 - INFO - 文本已保存到 text_save.txt
2025-06-29 23:31:32,370 - INFO - 已将文件内容复制到剪贴板。
2025-06-29 23:31:41,870 - INFO - 检测到 Ctrl+C
2025-06-29 23:31:41,871 - INFO - 剪切板中的图片已经保存
2025-06-29 23:31:41,872 - INFO - OCR识别任务已提交
2025-06-29 23:31:41,907 - INFO - 检测到 Ctrl+C
2025-06-29 23:31:41,911 - INFO - 剪切板中的图片已经保存
2025-06-29 23:31:41,911 - INFO - OCR识别任务已提交
2025-06-29 23:31:41,967 - INFO - 识别成功，img_path: D:\2\WechatOCR\dist\img\~~~ocr.png, result_file: json\~~~ocr.png.json
2025-06-29 23:31:41,996 - INFO - 识别成功，img_path: D:\2\WechatOCR\dist\img\~~~ocr.png, result_file: json\~~~ocr.png.json
2025-06-29 23:31:42,872 - INFO - 文本已保存到 text_save.txt
2025-06-29 23:31:42,891 - INFO - 已将文件内容复制到剪贴板。
2025-06-29 23:31:42,912 - INFO - 文本已保存到 text_save.txt
2025-06-29 23:31:42,925 - INFO - 已将文件内容复制到剪贴板。
2025-06-29 23:32:02,364 - INFO - 检测到 Ctrl+C
2025-06-29 23:32:02,367 - INFO - 剪切板中的图片已经保存
2025-06-29 23:32:02,367 - INFO - OCR识别任务已提交
2025-06-29 23:32:02,399 - INFO - 检测到 Ctrl+C
2025-06-29 23:32:02,401 - INFO - 剪切板中的图片已经保存
2025-06-29 23:32:02,403 - INFO - OCR识别任务已提交
2025-06-29 23:32:02,429 - INFO - 识别成功，img_path: D:\2\WechatOCR\dist\img\~~~ocr.png, result_file: json\~~~ocr.png.json
2025-06-29 23:32:02,460 - INFO - 识别成功，img_path: D:\2\WechatOCR\dist\img\~~~ocr.png, result_file: json\~~~ocr.png.json
2025-06-29 23:32:03,368 - INFO - 文本已保存到 text_save.txt
2025-06-29 23:32:03,379 - INFO - 已将文件内容复制到剪贴板。
2025-06-29 23:32:03,404 - INFO - 文本已保存到 text_save.txt
2025-06-29 23:32:03,414 - INFO - 已将文件内容复制到剪贴板。
2025-06-29 23:32:22,251 - INFO - 检测到 Ctrl+C
2025-06-29 23:32:22,251 - WARNING - 剪切板中不包含图片
2025-06-29 23:32:22,285 - INFO - 检测到 Ctrl+C
2025-06-29 23:32:22,285 - WARNING - 剪切板中不包含图片
2025-06-29 23:34:16,619 - INFO - 检测到 Ctrl+C
2025-06-29 23:34:16,619 - WARNING - 剪切板中不包含图片
2025-06-29 23:34:16,678 - INFO - 检测到 Ctrl+C
2025-06-29 23:34:16,678 - WARNING - 剪切板中不包含图片
2025-06-29 23:36:32,504 - INFO - 检测到 Ctrl+C
2025-06-29 23:36:32,504 - WARNING - 剪切板中不包含图片
2025-06-29 23:36:32,569 - INFO - 检测到 Ctrl+C
2025-06-29 23:36:32,569 - WARNING - 剪切板中不包含图片
2025-06-29 23:37:46,271 - INFO - 检测到 Ctrl+C
2025-06-29 23:37:46,272 - WARNING - 剪切板中不包含图片
2025-06-29 23:37:46,332 - INFO - 检测到 Ctrl+C
2025-06-29 23:37:46,332 - WARNING - 剪切板中不包含图片
2025-06-29 23:38:37,020 - INFO - 检测到 Ctrl+C
2025-06-29 23:38:37,021 - WARNING - 剪切板中不包含图片
2025-06-29 23:38:37,080 - INFO - 检测到 Ctrl+C
2025-06-29 23:38:37,080 - WARNING - 剪切板中不包含图片
2025-06-29 23:38:42,803 - INFO - 检测到 Ctrl+C
2025-06-29 23:38:42,803 - WARNING - 剪切板中不包含图片
2025-06-29 23:38:42,842 - INFO - 检测到 Ctrl+C
2025-06-29 23:38:42,842 - WARNING - 剪切板中不包含图片
2025-06-29 23:39:03,883 - INFO - 检测到 Ctrl+C
2025-06-29 23:39:03,883 - WARNING - 剪切板中不包含图片
2025-06-29 23:39:03,914 - INFO - 检测到 Ctrl+C
2025-06-29 23:39:03,914 - WARNING - 剪切板中不包含图片
2025-06-29 23:42:04,057 - INFO - 检测到 Esc，准备退出
2025-06-29 23:42:04,058 - INFO - OCR 服务已关闭
2025-06-29 23:42:04,058 - INFO - 程序退出
2025-06-29 23:42:04,080 - INFO - 检测到 Esc，准备退出
2025-06-29 23:42:04,080 - INFO - OCR 服务已关闭
2025-06-29 23:42:04,081 - INFO - 程序退出
2025-07-01 23:42:39,024 - INFO - OCR 服务已启动
2025-07-01 23:42:45,952 - INFO - 检测到 Ctrl+C
2025-07-01 23:42:45,966 - INFO - 剪切板中的图片已经保存
2025-07-01 23:42:45,966 - INFO - OCR识别任务已提交
2025-07-01 23:42:46,040 - INFO - 识别成功，img_path: D:\2\WechatOCR\dist\img\~~~ocr.png, result_file: json\~~~ocr.png.json
2025-07-01 23:42:46,967 - INFO - 文本已保存到 text_save.txt
2025-07-01 23:42:47,012 - INFO - 已将文件内容复制到剪贴板。
2025-07-01 23:42:57,848 - INFO - 检测到 Ctrl+C
2025-07-01 23:42:57,849 - INFO - 剪切板中的图片已经保存
2025-07-01 23:42:57,849 - INFO - OCR识别任务已提交
2025-07-01 23:42:57,900 - INFO - 识别成功，img_path: D:\2\WechatOCR\dist\img\~~~ocr.png, result_file: json\~~~ocr.png.json
2025-07-01 23:42:58,850 - INFO - 文本已保存到 text_save.txt
2025-07-01 23:42:58,857 - INFO - 已将文件内容复制到剪贴板。
2025-07-01 23:43:04,876 - INFO - 检测到 Ctrl+C
2025-07-01 23:43:04,877 - INFO - 剪切板中的图片已经保存
2025-07-01 23:43:04,877 - INFO - OCR识别任务已提交
2025-07-01 23:43:04,936 - INFO - 识别成功，img_path: D:\2\WechatOCR\dist\img\~~~ocr.png, result_file: json\~~~ocr.png.json
2025-07-01 23:43:05,878 - INFO - 文本已保存到 text_save.txt
2025-07-01 23:43:05,888 - INFO - 已将文件内容复制到剪贴板。
2025-07-01 23:43:58,158 - INFO - 检测到 Ctrl+C
2025-07-01 23:43:58,158 - WARNING - 剪切板中不包含图片
2025-07-01 23:44:11,798 - INFO - 检测到 Ctrl+C
2025-07-01 23:44:11,799 - INFO - 剪切板中的图片已经保存
2025-07-01 23:44:11,799 - INFO - OCR识别任务已提交
2025-07-01 23:44:11,838 - INFO - 识别成功，img_path: D:\2\WechatOCR\dist\img\~~~ocr.png, result_file: json\~~~ocr.png.json
2025-07-01 23:44:12,800 - INFO - 文本已保存到 text_save.txt
2025-07-01 23:44:12,807 - INFO - 已将文件内容复制到剪贴板。
2025-07-01 23:44:29,966 - INFO - 检测到 Ctrl+C
2025-07-01 23:44:29,966 - ERROR - 保存剪切板图片失败
Traceback (most recent call last):
  File "main.py", line 22, in save_clipboard_pic
AttributeError: 'list' object has no attribute 'save'
2025-07-01 23:44:36,485 - INFO - 检测到 Ctrl+C
2025-07-01 23:44:36,485 - WARNING - 剪切板中不包含图片
2025-07-01 23:46:13,915 - INFO - 检测到 Ctrl+C
2025-07-01 23:46:13,915 - WARNING - 剪切板中不包含图片
2025-07-01 23:47:20,227 - INFO - 检测到 Ctrl+C
2025-07-01 23:47:20,227 - WARNING - 剪切板中不包含图片
2025-07-01 23:50:13,502 - INFO - 检测到 Ctrl+C
2025-07-01 23:50:13,502 - WARNING - 剪切板中不包含图片
2025-07-01 23:50:41,899 - INFO - 检测到 Ctrl+C
2025-07-01 23:50:41,899 - WARNING - 剪切板中不包含图片
2025-07-01 23:50:43,203 - INFO - 检测到 Ctrl+C
2025-07-01 23:50:43,203 - WARNING - 剪切板中不包含图片
2025-07-01 23:50:47,215 - INFO - 检测到 Ctrl+C
2025-07-01 23:50:47,215 - WARNING - 剪切板中不包含图片
2025-07-01 23:53:28,595 - INFO - 检测到 Ctrl+C
2025-07-01 23:53:28,640 - INFO - 剪切板中的图片已经保存
2025-07-01 23:53:28,641 - INFO - OCR识别任务已提交
2025-07-01 23:53:28,979 - INFO - 识别成功，img_path: D:\2\WechatOCR\dist\img\~~~ocr.png, result_file: json\~~~ocr.png.json
2025-07-01 23:53:29,642 - INFO - 文本已保存到 text_save.txt
2025-07-01 23:53:29,651 - INFO - 已将文件内容复制到剪贴板。
2025-07-01 23:53:30,151 - INFO - 检测到 Esc，准备退出
2025-07-01 23:53:30,152 - INFO - OCR 服务已关闭
2025-07-01 23:53:30,152 - INFO - 程序退出
2025-07-02 23:30:42,235 - INFO - OCR 服务已启动
2025-07-02 23:30:46,049 - INFO - 检测到 Ctrl+C
2025-07-02 23:30:46,064 - INFO - 剪切板中的图片已经保存
2025-07-02 23:30:46,064 - INFO - OCR识别任务已提交
2025-07-02 23:30:46,150 - INFO - 识别成功，img_path: D:\2\WechatOCR\dist\img\~~~ocr.png, result_file: json\~~~ocr.png.json
2025-07-02 23:30:47,065 - INFO - 文本已保存到 text_save.txt
2025-07-02 23:30:47,115 - INFO - 已将文件内容复制到剪贴板。
2025-07-02 23:31:12,999 - INFO - 检测到 Ctrl+C
2025-07-02 23:31:12,999 - WARNING - 剪切板中不包含图片
2025-07-02 23:33:06,675 - INFO - 检测到 Ctrl+C
2025-07-02 23:33:06,675 - WARNING - 剪切板中不包含图片
2025-07-02 23:33:39,282 - INFO - 检测到 Ctrl+C
2025-07-02 23:33:39,282 - WARNING - 剪切板中不包含图片
2025-07-02 23:33:44,198 - INFO - 检测到 Ctrl+C
2025-07-02 23:33:44,198 - WARNING - 剪切板中不包含图片
2025-07-02 23:34:46,003 - INFO - 检测到 Ctrl+C
2025-07-02 23:34:46,004 - WARNING - 剪切板中不包含图片
2025-07-02 23:34:59,247 - INFO - 检测到 Ctrl+C
2025-07-02 23:34:59,247 - WARNING - 剪切板中不包含图片
2025-07-02 23:35:38,485 - INFO - 检测到 Ctrl+C
2025-07-02 23:35:38,576 - INFO - 剪切板中的图片已经保存
2025-07-02 23:35:38,577 - INFO - OCR识别任务已提交
2025-07-02 23:35:39,467 - INFO - 识别成功，img_path: D:\2\WechatOCR\dist\img\~~~ocr.png, result_file: json\~~~ocr.png.json
2025-07-02 23:35:39,579 - INFO - 文本已保存到 text_save.txt
2025-07-02 23:35:39,596 - INFO - 已将文件内容复制到剪贴板。
2025-07-02 23:35:40,096 - INFO - 检测到 Esc，准备退出
2025-07-02 23:35:40,097 - INFO - OCR 服务已关闭
2025-07-02 23:35:40,098 - INFO - 程序退出
2025-07-03 21:30:36,061 - INFO - OCR 服务已启动
2025-07-03 21:30:42,584 - INFO - 检测到 Ctrl+C
2025-07-03 21:30:42,600 - INFO - 剪切板中的图片已经保存
2025-07-03 21:30:42,601 - INFO - OCR识别任务已提交
2025-07-03 21:30:42,712 - INFO - 识别成功，img_path: D:\2\WechatOCR\dist\img\~~~ocr.png, result_file: json\~~~ocr.png.json
2025-07-03 21:30:43,602 - INFO - 文本已保存到 text_save.txt
2025-07-03 21:30:43,645 - INFO - 已将文件内容复制到剪贴板。
2025-07-03 21:48:04,624 - INFO - 检测到 Ctrl+C
2025-07-03 21:48:04,624 - WARNING - 剪切板中不包含图片
2025-07-03 21:54:23,616 - INFO - 检测到 Ctrl+C
2025-07-03 21:54:23,619 - INFO - 剪切板中的图片已经保存
2025-07-03 21:54:23,619 - INFO - OCR识别任务已提交
2025-07-03 21:54:23,691 - INFO - 识别成功，img_path: D:\2\WechatOCR\dist\img\~~~ocr.png, result_file: json\~~~ocr.png.json
2025-07-03 21:54:24,620 - INFO - 文本已保存到 text_save.txt
2025-07-03 21:54:24,631 - INFO - 已将文件内容复制到剪贴板。
2025-07-03 21:54:25,132 - INFO - 检测到 Esc，准备退出
2025-07-03 21:54:25,133 - INFO - OCR 服务已关闭
2025-07-03 21:54:25,133 - INFO - 程序退出
2025-07-03 21:57:53,619 - INFO - OCR 服务已启动
2025-07-03 21:57:57,335 - INFO - 检测到 Ctrl+C
2025-07-03 21:57:57,351 - INFO - 剪切板中的图片已经保存
2025-07-03 21:57:57,352 - INFO - OCR识别任务已提交
2025-07-03 21:57:57,440 - INFO - 识别成功，img_path: D:\2\WechatOCR\dist\img\~~~ocr.png, result_file: json\~~~ocr.png.json
2025-07-03 21:57:58,353 - INFO - 文本已保存到 text_save.txt
2025-07-03 21:57:58,396 - INFO - 已将文件内容复制到剪贴板。
2025-07-03 22:05:41,925 - INFO - 检测到 Ctrl+C
2025-07-03 22:05:41,925 - WARNING - 剪切板中不包含图片
2025-07-03 22:10:35,446 - INFO - 检测到 Ctrl+C
2025-07-03 22:10:35,447 - ERROR - 保存剪切板图片失败
Traceback (most recent call last):
  File "main.py", line 22, in save_clipboard_pic
AttributeError: 'list' object has no attribute 'save'
2025-07-03 22:10:36,048 - INFO - 检测到 Ctrl+C
2025-07-03 22:10:36,048 - ERROR - 保存剪切板图片失败
Traceback (most recent call last):
  File "main.py", line 22, in save_clipboard_pic
AttributeError: 'list' object has no attribute 'save'
2025-07-03 22:15:19,933 - INFO - 检测到 Esc，准备退出
2025-07-03 22:15:19,934 - INFO - OCR 服务已关闭
2025-07-03 22:15:19,934 - INFO - 程序退出
2025-07-03 23:37:17,550 - INFO - OCR 服务已启动
2025-07-03 23:37:31,608 - INFO - 检测到 Ctrl+C
2025-07-03 23:37:31,623 - INFO - 剪切板中的图片已经保存
2025-07-03 23:37:31,623 - INFO - OCR识别任务已提交
2025-07-03 23:37:31,716 - INFO - 识别成功，img_path: D:\2\WechatOCR\dist\img\~~~ocr.png, result_file: json\~~~ocr.png.json
2025-07-03 23:37:32,624 - INFO - 文本已保存到 text_save.txt
2025-07-03 23:37:32,682 - INFO - 已将文件内容复制到剪贴板。
2025-07-03 23:43:01,925 - INFO - OCR 服务已启动
2025-07-03 23:43:12,736 - INFO - 检测到 Ctrl+C
2025-07-03 23:43:12,737 - INFO - 剪切板中的图片已经保存
2025-07-03 23:43:12,737 - INFO - OCR识别任务已提交
2025-07-03 23:43:12,767 - INFO - 检测到 Ctrl+C
2025-07-03 23:43:12,779 - INFO - 剪切板中的图片已经保存
2025-07-03 23:43:12,779 - INFO - OCR识别任务已提交
2025-07-03 23:43:12,787 - INFO - 识别成功，img_path: D:\2\WechatOCR\dist\img\~~~ocr.png, result_file: json\~~~ocr.png.json
2025-07-03 23:43:12,829 - INFO - 识别成功，img_path: D:\2\WechatOCR\dist\img\~~~ocr.png, result_file: json\~~~ocr.png.json
2025-07-03 23:43:13,738 - INFO - 文本已保存到 text_save.txt
2025-07-03 23:43:13,758 - INFO - 已将文件内容复制到剪贴板。
2025-07-03 23:43:13,780 - INFO - 文本已保存到 text_save.txt
2025-07-03 23:43:13,843 - INFO - 已将文件内容复制到剪贴板。
2025-07-03 23:54:33,425 - INFO - 检测到 Ctrl+C
2025-07-03 23:54:33,425 - WARNING - 剪切板中不包含图片
2025-07-03 23:54:33,433 - INFO - 检测到 Ctrl+C
2025-07-03 23:54:33,433 - WARNING - 剪切板中不包含图片
2025-07-04 00:01:11,328 - INFO - 检测到 Ctrl+C
2025-07-04 00:01:11,328 - WARNING - 剪切板中不包含图片
2025-07-04 00:01:11,328 - WARNING - 剪切板中不包含图片
2025-07-04 00:01:21,669 - INFO - 检测到 Ctrl+C
2025-07-04 00:01:21,669 - WARNING - 剪切板中不包含图片
2025-07-04 00:01:21,669 - WARNING - 剪切板中不包含图片
2025-07-04 00:01:25,983 - INFO - 检测到 Ctrl+C
2025-07-04 00:01:25,983 - WARNING - 剪切板中不包含图片
2025-07-04 00:01:25,983 - WARNING - 剪切板中不包含图片
2025-07-04 00:02:00,110 - INFO - 检测到 Ctrl+C
2025-07-04 00:02:00,610 - WARNING - 剪切板中不包含图片
2025-07-04 00:05:28,221 - INFO - 检测到 Ctrl+C
2025-07-04 00:05:28,221 - WARNING - 剪切板中不包含图片
2025-07-04 00:05:28,221 - INFO - 检测到 Ctrl+C
2025-07-04 00:05:28,221 - WARNING - 剪切板中不包含图片
2025-07-04 00:05:42,881 - INFO - 检测到 Ctrl+C
2025-07-04 00:05:42,881 - WARNING - 剪切板中不包含图片
2025-07-04 00:05:42,881 - WARNING - 剪切板中不包含图片
2025-07-04 00:05:44,085 - INFO - 检测到 Ctrl+C
2025-07-04 00:05:44,085 - WARNING - 剪切板中不包含图片
2025-07-04 00:05:45,489 - INFO - 检测到 Ctrl+C
2025-07-04 00:05:45,489 - WARNING - 剪切板中不包含图片
2025-07-04 00:05:45,490 - INFO - 检测到 Ctrl+C
2025-07-04 00:05:45,490 - WARNING - 剪切板中不包含图片
2025-07-04 00:06:42,812 - INFO - 检测到 Ctrl+C
2025-07-04 00:06:42,812 - WARNING - 剪切板中不包含图片
2025-07-04 00:06:42,830 - INFO - 剪切板中的图片已经保存
2025-07-04 00:06:42,831 - INFO - OCR识别任务已提交
2025-07-04 00:06:42,954 - INFO - 识别成功，img_path: D:\2\WechatOCR\dist\img\~~~ocr.png, result_file: json\~~~ocr.png.json
2025-07-04 00:06:43,514 - INFO - 检测到 Esc，准备退出
2025-07-04 00:06:43,514 - INFO - OCR 服务已关闭
2025-07-04 00:06:43,515 - INFO - 程序退出
2025-07-04 00:06:43,832 - INFO - 文本已保存到 text_save.txt
2025-07-04 00:06:43,857 - INFO - 已将文件内容复制到剪贴板。
2025-07-04 00:07:35,562 - INFO - 检测到 Ctrl+C
2025-07-04 00:07:35,580 - INFO - 剪切板中的图片已经保存
2025-07-04 00:07:35,581 - INFO - OCR识别任务已提交
2025-07-04 00:07:35,707 - INFO - 识别成功，img_path: D:\2\WechatOCR\dist\img\~~~ocr.png, result_file: json\~~~ocr.png.json
2025-07-04 00:07:36,582 - INFO - 文本已保存到 text_save.txt
2025-07-04 00:07:36,602 - INFO - 已将文件内容复制到剪贴板。
2025-07-04 00:07:46,435 - INFO - 检测到 Esc，准备退出
2025-07-04 00:07:46,436 - INFO - OCR 服务已关闭
2025-07-04 00:07:46,436 - INFO - 程序退出
2025-07-04 23:12:29,026 - INFO - OCR 服务已启动
2025-07-04 23:12:34,039 - INFO - 检测到 Ctrl+C
2025-07-04 23:12:34,049 - INFO - 剪切板中的图片已经保存
2025-07-04 23:12:34,049 - INFO - OCR识别任务已提交
2025-07-04 23:12:34,143 - INFO - 识别成功，img_path: D:\2\WechatOCR\dist\img\~~~ocr.png, result_file: json\~~~ocr.png.json
2025-07-04 23:12:35,050 - INFO - 文本已保存到 text_save.txt
2025-07-04 23:12:35,099 - INFO - 已将文件内容复制到剪贴板。
2025-07-04 23:13:27,695 - INFO - 检测到 Ctrl+C
2025-07-04 23:13:27,696 - INFO - 剪切板中的图片已经保存
2025-07-04 23:13:27,696 - INFO - OCR识别任务已提交
2025-07-04 23:13:27,758 - INFO - 识别成功，img_path: D:\2\WechatOCR\dist\img\~~~ocr.png, result_file: json\~~~ocr.png.json
2025-07-04 23:13:28,697 - INFO - 文本已保存到 text_save.txt
2025-07-04 23:13:28,705 - INFO - 已将文件内容复制到剪贴板。
2025-07-04 23:17:51,871 - INFO - 检测到 Ctrl+C
2025-07-04 23:17:51,871 - WARNING - 剪切板中不包含图片
2025-07-04 23:17:59,192 - INFO - 检测到 Ctrl+C
2025-07-04 23:17:59,192 - WARNING - 剪切板中不包含图片
2025-07-04 23:46:59,852 - INFO - 检测到 Ctrl+C
2025-07-04 23:46:59,857 - INFO - 剪切板中的图片已经保存
2025-07-04 23:46:59,860 - INFO - OCR识别任务已提交
2025-07-04 23:46:59,923 - INFO - 识别成功，img_path: D:\2\WechatOCR\dist\img\~~~ocr.png, result_file: json\~~~ocr.png.json
2025-07-04 23:47:00,861 - INFO - 文本已保存到 text_save.txt
2025-07-04 23:47:00,868 - INFO - 已将文件内容复制到剪贴板。
2025-07-04 23:51:32,661 - INFO - 检测到 Ctrl+C
2025-07-04 23:51:32,661 - WARNING - 剪切板中不包含图片
2025-07-04 23:51:33,427 - INFO - OCR 服务已启动
2025-07-04 23:51:46,804 - INFO - OCR 服务已启动
2025-07-04 23:51:49,485 - INFO - 检测到 Ctrl+C
2025-07-04 23:51:49,500 - INFO - 剪切板中的图片已经保存
2025-07-04 23:51:49,500 - INFO - OCR识别任务已提交
2025-07-04 23:51:49,512 - INFO - 检测到 Ctrl+C
2025-07-04 23:51:49,512 - INFO - 检测到 Ctrl+C
2025-07-04 23:51:49,514 - INFO - 剪切板中的图片已经保存
2025-07-04 23:51:49,515 - INFO - OCR识别任务已提交
2025-07-04 23:51:49,529 - INFO - 剪切板中的图片已经保存
2025-07-04 23:51:49,530 - INFO - OCR识别任务已提交
2025-07-04 23:51:49,561 - INFO - 识别成功，img_path: D:\2\WechatOCR\dist\img\~~~ocr.png, result_file: json\~~~ocr.png.json
2025-07-04 23:51:49,569 - INFO - 识别成功，img_path: D:\2\WechatOCR\dist\img\~~~ocr.png, result_file: json\~~~ocr.png.json
2025-07-04 23:51:49,579 - INFO - 识别成功，img_path: D:\2\WechatOCR\dist\img\~~~ocr.png, result_file: json\~~~ocr.png.json
2025-07-04 23:51:50,501 - INFO - 文本已保存到 text_save.txt
2025-07-04 23:51:50,516 - INFO - 文本已保存到 text_save.txt
2025-07-04 23:51:50,526 - INFO - 已将文件内容复制到剪贴板。
2025-07-04 23:51:50,530 - INFO - 文本已保存到 text_save.txt
2025-07-04 23:51:50,547 - INFO - 已将文件内容复制到剪贴板。
2025-07-04 23:51:50,572 - INFO - 已将文件内容复制到剪贴板。
2025-07-04 23:52:13,248 - INFO - 检测到 Ctrl+C
2025-07-04 23:52:13,248 - WARNING - 剪切板中不包含图片
2025-07-04 23:52:13,250 - INFO - 剪切板中的图片已经保存
2025-07-04 23:52:13,250 - INFO - OCR识别任务已提交
2025-07-04 23:52:13,296 - INFO - 识别成功，img_path: D:\2\WechatOCR\dist\img\~~~ocr.png, result_file: json\~~~ocr.png.json
2025-07-04 23:52:13,312 - INFO - 检测到 Ctrl+C
2025-07-04 23:52:13,312 - INFO - 剪切板中的图片已经保存
2025-07-04 23:52:13,313 - INFO - OCR识别任务已提交
2025-07-04 23:52:13,358 - INFO - 识别成功，img_path: D:\2\WechatOCR\dist\img\~~~ocr.png, result_file: json\~~~ocr.png.json
2025-07-04 23:52:14,251 - INFO - 文本已保存到 text_save.txt
2025-07-04 23:52:14,260 - INFO - 已将文件内容复制到剪贴板。
2025-07-04 23:52:14,314 - INFO - 文本已保存到 text_save.txt
2025-07-04 23:52:14,322 - INFO - 已将文件内容复制到剪贴板。
2025-07-04 23:52:39,554 - INFO - 检测到 Ctrl+C
2025-07-04 23:52:39,554 - INFO - 检测到 Ctrl+C
2025-07-04 23:52:39,554 - WARNING - 剪切板中不包含图片
2025-07-04 23:52:39,555 - INFO - 剪切板中的图片已经保存
2025-07-04 23:52:39,556 - INFO - OCR识别任务已提交
2025-07-04 23:52:39,602 - INFO - 识别成功，img_path: D:\2\WechatOCR\dist\img\~~~ocr.png, result_file: json\~~~ocr.png.json
2025-07-04 23:52:39,620 - INFO - 检测到 Ctrl+C
2025-07-04 23:52:39,621 - INFO - 剪切板中的图片已经保存
2025-07-04 23:52:39,621 - INFO - OCR识别任务已提交
2025-07-04 23:52:39,660 - INFO - 识别成功，img_path: D:\2\WechatOCR\dist\img\~~~ocr.png, result_file: json\~~~ocr.png.json
2025-07-04 23:52:40,557 - INFO - 文本已保存到 text_save.txt
2025-07-04 23:52:40,565 - INFO - 已将文件内容复制到剪贴板。
2025-07-04 23:52:40,621 - INFO - 文本已保存到 text_save.txt
2025-07-04 23:52:40,630 - INFO - 已将文件内容复制到剪贴板。
2025-07-04 23:52:58,500 - INFO - 检测到 Ctrl+C
2025-07-04 23:52:58,500 - WARNING - 剪切板中不包含图片
2025-07-04 23:52:58,522 - INFO - 检测到 Ctrl+C
2025-07-04 23:52:58,522 - WARNING - 剪切板中不包含图片
2025-07-04 23:52:58,530 - INFO - 检测到 Ctrl+C
2025-07-04 23:52:58,530 - WARNING - 剪切板中不包含图片
2025-07-04 23:55:09,497 - INFO - 检测到 Ctrl+C
2025-07-04 23:55:09,497 - WARNING - 剪切板中不包含图片
2025-07-04 23:55:09,510 - INFO - 检测到 Ctrl+C
2025-07-04 23:55:09,510 - WARNING - 剪切板中不包含图片
2025-07-04 23:55:09,581 - INFO - 检测到 Ctrl+C
2025-07-04 23:55:09,581 - WARNING - 剪切板中不包含图片
2025-07-04 23:57:37,662 - INFO - 检测到 Ctrl+C
2025-07-04 23:57:37,662 - WARNING - 剪切板中不包含图片
2025-07-04 23:57:37,669 - INFO - 检测到 Ctrl+C
2025-07-04 23:57:37,669 - WARNING - 剪切板中不包含图片
2025-07-04 23:57:37,700 - INFO - 检测到 Ctrl+C
2025-07-04 23:57:37,700 - WARNING - 剪切板中不包含图片
2025-07-05 00:01:41,885 - INFO - 检测到 Ctrl+C
2025-07-05 00:01:41,885 - WARNING - 剪切板中不包含图片
2025-07-05 00:01:41,970 - INFO - 检测到 Ctrl+C
2025-07-05 00:01:41,970 - WARNING - 剪切板中不包含图片
2025-07-05 00:01:41,981 - INFO - 检测到 Ctrl+C
2025-07-05 00:01:41,981 - WARNING - 剪切板中不包含图片
2025-07-05 00:05:12,632 - INFO - 检测到 Ctrl+C
2025-07-05 00:05:12,632 - WARNING - 剪切板中不包含图片
2025-07-05 00:05:12,638 - INFO - 检测到 Ctrl+C
2025-07-05 00:05:12,638 - WARNING - 剪切板中不包含图片
2025-07-05 00:05:12,666 - INFO - 检测到 Ctrl+C
2025-07-05 00:05:12,666 - WARNING - 剪切板中不包含图片
2025-07-05 00:05:17,948 - INFO - 检测到 Ctrl+C
2025-07-05 00:05:17,949 - WARNING - 剪切板中不包含图片
2025-07-05 00:05:17,955 - INFO - 检测到 Ctrl+C
2025-07-05 00:05:17,955 - WARNING - 剪切板中不包含图片
2025-07-05 00:05:17,982 - INFO - 检测到 Ctrl+C
2025-07-05 00:05:17,982 - WARNING - 剪切板中不包含图片
2025-07-05 00:05:36,809 - INFO - 检测到 Ctrl+C
2025-07-05 00:05:36,809 - WARNING - 剪切板中不包含图片
2025-07-05 00:05:36,815 - INFO - 检测到 Ctrl+C
2025-07-05 00:05:36,815 - WARNING - 剪切板中不包含图片
2025-07-05 00:05:36,842 - INFO - 检测到 Ctrl+C
2025-07-05 00:05:36,842 - WARNING - 剪切板中不包含图片
2025-07-05 00:06:06,811 - INFO - 检测到 Ctrl+C
2025-07-05 00:06:06,811 - INFO - 检测到 Ctrl+C
2025-07-05 00:06:06,811 - WARNING - 剪切板中不包含图片
2025-07-05 00:06:06,811 - WARNING - 剪切板中不包含图片
2025-07-05 00:06:06,839 - INFO - 检测到 Ctrl+C
2025-07-05 00:06:06,839 - WARNING - 剪切板中不包含图片
2025-07-05 00:06:15,468 - INFO - 检测到 Ctrl+C
2025-07-05 00:06:15,468 - WARNING - 剪切板中不包含图片
2025-07-05 00:06:15,468 - WARNING - 剪切板中不包含图片
2025-07-05 00:06:15,493 - INFO - 检测到 Ctrl+C
2025-07-05 00:06:15,493 - WARNING - 剪切板中不包含图片
2025-07-05 00:09:13,656 - INFO - 检测到 Ctrl+C
2025-07-05 00:09:13,656 - WARNING - 剪切板中不包含图片
2025-07-05 00:12:42,729 - INFO - 检测到 Ctrl+C
2025-07-05 00:12:42,729 - WARNING - 剪切板中不包含图片
2025-07-05 00:12:42,752 - INFO - 检测到 Ctrl+C
2025-07-05 00:12:42,752 - WARNING - 剪切板中不包含图片
2025-07-05 00:12:42,757 - INFO - 检测到 Ctrl+C
2025-07-05 00:12:42,757 - WARNING - 剪切板中不包含图片
2025-07-05 00:14:08,949 - INFO - 检测到 Ctrl+C
2025-07-05 00:14:08,949 - INFO - 检测到 Ctrl+C
2025-07-05 00:14:08,949 - WARNING - 剪切板中不包含图片
2025-07-05 00:14:08,952 - ERROR - 保存剪切板图片失败
Traceback (most recent call last):
  File "main.py", line 22, in save_clipboard_pic
AttributeError: 'list' object has no attribute 'save'
2025-07-05 00:14:09,023 - INFO - 检测到 Ctrl+C
2025-07-05 00:14:09,026 - ERROR - 保存剪切板图片失败
Traceback (most recent call last):
  File "main.py", line 22, in save_clipboard_pic
AttributeError: 'list' object has no attribute 'save'
2025-07-05 00:19:28,988 - INFO - 检测到 Ctrl+C
2025-07-05 00:19:29,015 - INFO - 检测到 Ctrl+C
2025-07-05 00:19:29,015 - WARNING - 剪切板中不包含图片
2025-07-05 00:19:29,015 - WARNING - 剪切板中不包含图片
2025-07-05 00:19:29,488 - WARNING - 剪切板中不包含图片
2025-07-05 00:21:06,120 - INFO - 检测到 Ctrl+C
2025-07-05 00:21:06,122 - ERROR - 保存剪切板图片失败
Traceback (most recent call last):
  File "main.py", line 22, in save_clipboard_pic
AttributeError: 'list' object has no attribute 'save'
2025-07-05 00:21:06,157 - INFO - 检测到 Ctrl+C
2025-07-05 00:21:06,157 - WARNING - 剪切板中不包含图片
2025-07-05 00:21:06,158 - ERROR - 保存剪切板图片失败
Traceback (most recent call last):
  File "main.py", line 22, in save_clipboard_pic
AttributeError: 'list' object has no attribute 'save'
2025-07-05 00:21:42,925 - INFO - 检测到 Ctrl+C
2025-07-05 00:21:42,926 - ERROR - 保存剪切板图片失败
Traceback (most recent call last):
  File "main.py", line 22, in save_clipboard_pic
AttributeError: 'list' object has no attribute 'save'
2025-07-05 00:21:42,954 - INFO - 检测到 Ctrl+C
2025-07-05 00:21:42,954 - ERROR - 保存剪切板图片失败
Traceback (most recent call last):
  File "main.py", line 22, in save_clipboard_pic
AttributeError: 'list' object has no attribute 'save'
2025-07-05 00:21:42,957 - INFO - 检测到 Ctrl+C
2025-07-05 00:21:42,958 - ERROR - 保存剪切板图片失败
Traceback (most recent call last):
  File "main.py", line 22, in save_clipboard_pic
AttributeError: 'list' object has no attribute 'save'
2025-07-05 00:21:47,138 - INFO - 检测到 Ctrl+C
2025-07-05 00:21:47,138 - ERROR - 保存剪切板图片失败
Traceback (most recent call last):
  File "main.py", line 22, in save_clipboard_pic
AttributeError: 'list' object has no attribute 'save'
2025-07-05 00:21:47,167 - INFO - 检测到 Ctrl+C
2025-07-05 00:21:47,167 - ERROR - 保存剪切板图片失败
Traceback (most recent call last):
  File "main.py", line 22, in save_clipboard_pic
AttributeError: 'list' object has no attribute 'save'
2025-07-05 00:21:47,170 - INFO - 检测到 Ctrl+C
2025-07-05 00:21:47,170 - ERROR - 保存剪切板图片失败
Traceback (most recent call last):
  File "main.py", line 22, in save_clipboard_pic
AttributeError: 'list' object has no attribute 'save'
2025-07-05 00:31:44,614 - INFO - 检测到 Ctrl+C
2025-07-05 00:31:44,614 - WARNING - 剪切板中不包含图片
2025-07-05 00:31:46,117 - INFO - 检测到 Ctrl+C
2025-07-05 00:31:46,117 - WARNING - 剪切板中不包含图片
2025-07-05 00:44:31,181 - INFO - 检测到 Ctrl+C
2025-07-05 00:44:31,181 - WARNING - 剪切板中不包含图片
2025-07-05 00:44:31,181 - WARNING - 剪切板中不包含图片
2025-07-05 00:44:31,182 - INFO - 检测到 Ctrl+C
2025-07-05 00:44:31,182 - WARNING - 剪切板中不包含图片
2025-07-05 00:44:35,290 - INFO - 检测到 Ctrl+C
2025-07-05 00:44:35,290 - WARNING - 剪切板中不包含图片
2025-07-08 00:47:17,821 - INFO - OCR 服务已启动
2025-07-08 00:47:24,542 - INFO - 检测到 Ctrl+C
2025-07-08 00:47:24,554 - INFO - 剪切板中的图片已经保存
2025-07-08 00:47:24,554 - INFO - OCR识别任务已提交
2025-07-08 00:47:24,631 - INFO - 识别成功，img_path: D:\2\WechatOCR\dist\img\~~~ocr.png, result_file: json\~~~ocr.png.json
2025-07-08 00:47:25,555 - INFO - 文本已保存到 text_save.txt
2025-07-08 00:47:25,596 - INFO - 已将文件内容复制到剪贴板。
2025-07-08 00:48:06,327 - INFO - 检测到 Ctrl+C
2025-07-08 00:48:06,327 - INFO - 剪切板中的图片已经保存
2025-07-08 00:48:06,328 - INFO - OCR识别任务已提交
2025-07-08 00:48:06,377 - INFO - 识别成功，img_path: D:\2\WechatOCR\dist\img\~~~ocr.png, result_file: json\~~~ocr.png.json
2025-07-08 00:48:07,329 - INFO - 文本已保存到 text_save.txt
2025-07-08 00:48:07,339 - INFO - 已将文件内容复制到剪贴板。
2025-07-08 00:48:27,806 - INFO - 检测到 Ctrl+C
2025-07-08 00:48:27,807 - INFO - 剪切板中的图片已经保存
2025-07-08 00:48:27,807 - INFO - OCR识别任务已提交
2025-07-08 00:48:27,857 - INFO - 识别成功，img_path: D:\2\WechatOCR\dist\img\~~~ocr.png, result_file: json\~~~ocr.png.json
2025-07-08 00:48:28,808 - INFO - 文本已保存到 text_save.txt
2025-07-08 00:48:28,815 - INFO - 已将文件内容复制到剪贴板。
2025-07-08 00:49:06,905 - INFO - 检测到 Ctrl+C
2025-07-08 00:49:06,905 - INFO - 剪切板中的图片已经保存
2025-07-08 00:49:06,906 - INFO - OCR识别任务已提交
2025-07-08 00:49:06,968 - INFO - 识别成功，img_path: D:\2\WechatOCR\dist\img\~~~ocr.png, result_file: json\~~~ocr.png.json
2025-07-08 00:49:07,907 - INFO - 文本已保存到 text_save.txt
2025-07-08 00:49:07,914 - INFO - 已将文件内容复制到剪贴板。
2025-07-08 00:49:21,543 - INFO - 检测到 Ctrl+C
2025-07-08 00:49:21,543 - INFO - 剪切板中的图片已经保存
2025-07-08 00:49:21,544 - INFO - OCR识别任务已提交
2025-07-08 00:49:21,599 - INFO - 识别成功，img_path: D:\2\WechatOCR\dist\img\~~~ocr.png, result_file: json\~~~ocr.png.json
2025-07-08 00:49:22,545 - INFO - 文本已保存到 text_save.txt
2025-07-08 00:49:22,551 - INFO - 已将文件内容复制到剪贴板。
2025-07-08 00:49:39,185 - INFO - 检测到 Ctrl+C
2025-07-08 00:49:39,185 - INFO - 剪切板中的图片已经保存
2025-07-08 00:49:39,186 - INFO - OCR识别任务已提交
2025-07-08 00:49:39,278 - INFO - 识别成功，img_path: D:\2\WechatOCR\dist\img\~~~ocr.png, result_file: json\~~~ocr.png.json
2025-07-08 00:49:40,186 - INFO - 文本已保存到 text_save.txt
2025-07-08 00:49:40,193 - INFO - 已将文件内容复制到剪贴板。
2025-07-08 00:50:14,374 - INFO - 检测到 Esc，准备退出
2025-07-08 00:50:14,375 - INFO - OCR 服务已关闭
2025-07-08 00:50:14,375 - INFO - 程序退出
2025-07-08 00:51:19,589 - INFO - OCR 服务已启动
2025-07-08 00:51:22,496 - INFO - 检测到 Ctrl+C
2025-07-08 00:51:22,506 - INFO - 剪切板中的图片已经保存
2025-07-08 00:51:22,506 - INFO - OCR识别任务已提交
2025-07-08 00:51:22,560 - INFO - 识别成功，img_path: D:\2\WechatOCR\dist\img\~~~ocr.png, result_file: json\~~~ocr.png.json
2025-07-08 00:51:23,508 - INFO - 文本已保存到 text_save.txt
2025-07-08 00:51:23,544 - INFO - 已将文件内容复制到剪贴板。
2025-07-08 00:51:29,557 - INFO - 检测到 Ctrl+C
2025-07-08 00:51:29,559 - INFO - 剪切板中的图片已经保存
2025-07-08 00:51:29,559 - INFO - OCR识别任务已提交
2025-07-08 00:51:29,616 - INFO - 识别成功，img_path: D:\2\WechatOCR\dist\img\~~~ocr.png, result_file: json\~~~ocr.png.json
2025-07-08 00:51:30,560 - INFO - 文本已保存到 text_save.txt
2025-07-08 00:51:30,567 - INFO - 已将文件内容复制到剪贴板。
2025-07-08 00:52:14,376 - INFO - 检测到 Ctrl+C
2025-07-08 00:52:14,888 - INFO - 剪切板中的图片已经保存
2025-07-08 00:52:14,888 - INFO - OCR识别任务已提交
2025-07-08 00:52:14,926 - INFO - 识别成功，img_path: D:\2\WechatOCR\dist\img\~~~ocr.png, result_file: json\~~~ocr.png.json
2025-07-08 00:52:15,889 - INFO - 文本已保存到 text_save.txt
2025-07-08 00:52:15,895 - INFO - 已将文件内容复制到剪贴板。
2025-07-08 00:53:07,305 - INFO - 检测到 Ctrl+C
2025-07-08 00:53:07,305 - INFO - 剪切板中的图片已经保存
2025-07-08 00:53:07,306 - INFO - OCR识别任务已提交
2025-07-08 00:53:07,360 - INFO - 识别成功，img_path: D:\2\WechatOCR\dist\img\~~~ocr.png, result_file: json\~~~ocr.png.json
2025-07-08 00:53:08,306 - INFO - 文本已保存到 text_save.txt
2025-07-08 00:53:08,313 - INFO - 已将文件内容复制到剪贴板。
2025-07-08 00:53:28,058 - INFO - 检测到 Ctrl+C
2025-07-08 00:53:28,058 - INFO - 剪切板中的图片已经保存
2025-07-08 00:53:28,059 - INFO - OCR识别任务已提交
2025-07-08 00:53:28,104 - INFO - 识别成功，img_path: D:\2\WechatOCR\dist\img\~~~ocr.png, result_file: json\~~~ocr.png.json
2025-07-08 00:53:29,059 - INFO - 文本已保存到 text_save.txt
2025-07-08 00:53:29,066 - INFO - 已将文件内容复制到剪贴板。
2025-07-08 00:53:46,705 - INFO - 检测到 Ctrl+C
2025-07-08 00:53:46,706 - INFO - 剪切板中的图片已经保存
2025-07-08 00:53:46,706 - INFO - OCR识别任务已提交
2025-07-08 00:53:46,744 - INFO - 识别成功，img_path: D:\2\WechatOCR\dist\img\~~~ocr.png, result_file: json\~~~ocr.png.json
2025-07-08 00:53:47,707 - INFO - 文本已保存到 text_save.txt
2025-07-08 00:53:47,713 - INFO - 已将文件内容复制到剪贴板。
2025-07-08 00:54:05,451 - INFO - 检测到 Ctrl+C
2025-07-08 00:54:05,453 - INFO - 剪切板中的图片已经保存
2025-07-08 00:54:05,453 - INFO - OCR识别任务已提交
2025-07-08 00:54:05,501 - INFO - 识别成功，img_path: D:\2\WechatOCR\dist\img\~~~ocr.png, result_file: json\~~~ocr.png.json
2025-07-08 00:54:06,454 - INFO - 文本已保存到 text_save.txt
2025-07-08 00:54:06,461 - INFO - 已将文件内容复制到剪贴板。
2025-07-08 00:55:48,032 - INFO - 检测到 Ctrl+C
2025-07-08 00:55:48,032 - WARNING - 剪切板中不包含图片
2025-07-08 00:56:01,778 - INFO - 检测到 Ctrl+C
2025-07-08 00:56:01,778 - WARNING - 剪切板中不包含图片
2025-07-08 00:56:44,511 - INFO - 检测到 Ctrl+C
2025-07-08 00:56:44,511 - WARNING - 剪切板中不包含图片
2025-07-08 00:57:02,045 - INFO - 检测到 Ctrl+C
2025-07-08 00:57:02,045 - WARNING - 剪切板中不包含图片
2025-07-08 00:57:34,128 - INFO - 检测到 Ctrl+C
2025-07-08 00:57:34,128 - WARNING - 剪切板中不包含图片
2025-07-08 00:58:10,331 - INFO - 检测到 Ctrl+C
2025-07-08 00:58:10,331 - WARNING - 剪切板中不包含图片
2025-07-08 01:00:15,389 - INFO - 检测到 Ctrl+C
2025-07-08 01:00:15,389 - ERROR - 保存剪切板图片失败
Traceback (most recent call last):
  File "main.py", line 22, in save_clipboard_pic
AttributeError: 'list' object has no attribute 'save'
2025-07-08 01:00:27,418 - INFO - 检测到 Ctrl+C
2025-07-08 01:00:27,419 - ERROR - 保存剪切板图片失败
Traceback (most recent call last):
  File "main.py", line 22, in save_clipboard_pic
AttributeError: 'list' object has no attribute 'save'
2025-07-08 01:04:40,531 - INFO - 检测到 Ctrl+C
2025-07-08 01:04:40,531 - ERROR - 保存剪切板图片失败
Traceback (most recent call last):
  File "main.py", line 22, in save_clipboard_pic
AttributeError: 'list' object has no attribute 'save'
2025-07-08 01:05:48,350 - INFO - 检测到 Ctrl+C
2025-07-08 01:05:48,350 - ERROR - 保存剪切板图片失败
Traceback (most recent call last):
  File "main.py", line 22, in save_clipboard_pic
AttributeError: 'list' object has no attribute 'save'
2025-07-08 01:05:52,362 - INFO - 检测到 Ctrl+C
2025-07-08 01:05:52,362 - ERROR - 保存剪切板图片失败
Traceback (most recent call last):
  File "main.py", line 22, in save_clipboard_pic
AttributeError: 'list' object has no attribute 'save'
2025-07-08 01:06:30,880 - INFO - 检测到 Ctrl+C
2025-07-08 01:06:30,880 - ERROR - 保存剪切板图片失败
Traceback (most recent call last):
  File "main.py", line 22, in save_clipboard_pic
AttributeError: 'list' object has no attribute 'save'
2025-07-08 01:06:32,082 - INFO - 检测到 Ctrl+C
2025-07-08 01:06:32,082 - ERROR - 保存剪切板图片失败
Traceback (most recent call last):
  File "main.py", line 22, in save_clipboard_pic
AttributeError: 'list' object has no attribute 'save'
2025-07-08 01:07:08,259 - INFO - 检测到 Ctrl+C
2025-07-08 01:07:08,261 - INFO - 剪切板中的图片已经保存
2025-07-08 01:07:08,261 - INFO - OCR识别任务已提交
2025-07-08 01:07:08,308 - INFO - 识别成功，img_path: D:\2\WechatOCR\dist\img\~~~ocr.png, result_file: json\~~~ocr.png.json
2025-07-08 01:07:09,262 - INFO - 文本已保存到 text_save.txt
2025-07-08 01:07:09,268 - INFO - 已将文件内容复制到剪贴板。
2025-07-08 01:09:33,758 - INFO - 检测到 Ctrl+C
2025-07-08 01:09:33,758 - WARNING - 剪切板中不包含图片
2025-07-08 01:12:10,418 - INFO - 检测到 Ctrl+C
2025-07-08 01:12:10,418 - WARNING - 剪切板中不包含图片
2025-07-08 01:13:10,954 - INFO - 检测到 Ctrl+C
2025-07-08 01:13:10,954 - WARNING - 剪切板中不包含图片
2025-07-08 01:13:37,018 - INFO - 检测到 Ctrl+C
2025-07-08 01:13:37,018 - WARNING - 剪切板中不包含图片
2025-07-10 23:30:41,287 - INFO - OCR 服务已启动
2025-07-10 23:30:51,121 - INFO - 检测到 Ctrl+C
2025-07-10 23:30:51,133 - INFO - 剪切板中的图片已经保存
2025-07-10 23:30:51,133 - INFO - OCR识别任务已提交
2025-07-10 23:30:51,205 - INFO - 识别成功，img_path: D:\2\WechatOCR\dist\img\~~~ocr.png, result_file: json\~~~ocr.png.json
2025-07-10 23:30:52,134 - INFO - 文本已保存到 text_save.txt
2025-07-10 23:30:52,171 - INFO - 已将文件内容复制到剪贴板。
2025-07-10 23:30:59,093 - INFO - 检测到 Ctrl+C
2025-07-10 23:30:59,093 - INFO - 剪切板中的图片已经保存
2025-07-10 23:30:59,094 - INFO - OCR识别任务已提交
2025-07-10 23:30:59,165 - INFO - 识别成功，img_path: D:\2\WechatOCR\dist\img\~~~ocr.png, result_file: json\~~~ocr.png.json
2025-07-10 23:31:00,095 - INFO - 文本已保存到 text_save.txt
2025-07-10 23:31:00,102 - INFO - 已将文件内容复制到剪贴板。
2025-07-10 23:31:07,325 - INFO - 检测到 Ctrl+C
2025-07-10 23:31:07,327 - INFO - 剪切板中的图片已经保存
2025-07-10 23:31:07,327 - INFO - OCR识别任务已提交
2025-07-10 23:31:07,418 - INFO - 识别成功，img_path: D:\2\WechatOCR\dist\img\~~~ocr.png, result_file: json\~~~ocr.png.json
2025-07-10 23:31:08,328 - INFO - 文本已保存到 text_save.txt
2025-07-10 23:31:08,335 - INFO - 已将文件内容复制到剪贴板。
2025-07-10 23:31:13,049 - INFO - 检测到 Ctrl+C
2025-07-10 23:31:13,050 - INFO - 剪切板中的图片已经保存
2025-07-10 23:31:13,050 - INFO - OCR识别任务已提交
2025-07-10 23:31:13,124 - INFO - 识别成功，img_path: D:\2\WechatOCR\dist\img\~~~ocr.png, result_file: json\~~~ocr.png.json
2025-07-10 23:31:14,051 - INFO - 文本已保存到 text_save.txt
2025-07-10 23:31:14,057 - INFO - 已将文件内容复制到剪贴板。
2025-07-10 23:31:18,771 - INFO - 检测到 Ctrl+C
2025-07-10 23:31:18,773 - INFO - 剪切板中的图片已经保存
2025-07-10 23:31:18,773 - INFO - OCR识别任务已提交
2025-07-10 23:31:18,848 - INFO - 识别成功，img_path: D:\2\WechatOCR\dist\img\~~~ocr.png, result_file: json\~~~ocr.png.json
2025-07-10 23:31:19,774 - INFO - 文本已保存到 text_save.txt
2025-07-10 23:31:19,780 - INFO - 已将文件内容复制到剪贴板。
2025-07-10 23:31:26,101 - INFO - 检测到 Ctrl+C
2025-07-10 23:31:26,104 - ERROR - 保存剪切板图片失败
Traceback (most recent call last):
  File "main.py", line 22, in save_clipboard_pic
AttributeError: 'list' object has no attribute 'save'
2025-07-10 23:31:55,814 - INFO - 检测到 Ctrl+C
2025-07-10 23:31:55,814 - WARNING - 剪切板中不包含图片
2025-07-10 23:32:28,922 - INFO - 检测到 Ctrl+C
2025-07-10 23:32:28,922 - WARNING - 剪切板中不包含图片
2025-07-10 23:32:32,432 - INFO - 检测到 Ctrl+C
2025-07-10 23:32:32,432 - WARNING - 剪切板中不包含图片
2025-07-10 23:32:38,449 - INFO - 检测到 Ctrl+C
2025-07-10 23:32:38,449 - WARNING - 剪切板中不包含图片
2025-07-10 23:33:08,449 - INFO - 检测到 Ctrl+C
2025-07-10 23:33:08,449 - WARNING - 剪切板中不包含图片
2025-07-10 23:33:29,316 - INFO - 检测到 Ctrl+C
2025-07-10 23:33:29,316 - WARNING - 剪切板中不包含图片
2025-07-10 23:35:23,304 - INFO - 检测到 Ctrl+C
2025-07-10 23:35:23,305 - INFO - 剪切板中的图片已经保存
2025-07-10 23:35:23,306 - INFO - OCR识别任务已提交
2025-07-10 23:35:23,375 - INFO - 识别成功，img_path: D:\2\WechatOCR\dist\img\~~~ocr.png, result_file: json\~~~ocr.png.json
2025-07-10 23:35:24,306 - INFO - 文本已保存到 text_save.txt
2025-07-10 23:35:24,319 - INFO - 已将文件内容复制到剪贴板。
2025-07-10 23:35:38,888 - INFO - 检测到 Ctrl+C
2025-07-10 23:35:38,888 - WARNING - 剪切板中不包含图片
2025-07-10 23:39:44,863 - INFO - 检测到 Ctrl+C
2025-07-10 23:39:44,864 - INFO - 剪切板中的图片已经保存
2025-07-10 23:39:44,864 - INFO - OCR识别任务已提交
2025-07-10 23:39:44,909 - INFO - 识别成功，img_path: D:\2\WechatOCR\dist\img\~~~ocr.png, result_file: json\~~~ocr.png.json
2025-07-10 23:39:45,865 - INFO - 文本已保存到 text_save.txt
2025-07-10 23:39:45,871 - INFO - 已将文件内容复制到剪贴板。
2025-07-10 23:43:33,915 - INFO - 检测到 Ctrl+C
2025-07-10 23:43:33,915 - WARNING - 剪切板中不包含图片
2025-07-10 23:43:38,029 - INFO - 检测到 Ctrl+C
2025-07-10 23:43:38,029 - WARNING - 剪切板中不包含图片
2025-07-10 23:43:55,675 - INFO - 检测到 Ctrl+C
2025-07-10 23:43:55,675 - WARNING - 剪切板中不包含图片
2025-07-10 23:46:00,245 - INFO - 检测到 Ctrl+C
2025-07-10 23:46:00,246 - WARNING - 剪切板中不包含图片
2025-07-10 23:46:43,642 - INFO - 检测到 Ctrl+C
2025-07-10 23:46:43,642 - WARNING - 剪切板中不包含图片
2025-07-10 23:48:16,148 - INFO - 检测到 Ctrl+C
2025-07-10 23:48:16,148 - WARNING - 剪切板中不包含图片
2025-07-10 23:48:18,054 - INFO - 检测到 Ctrl+C
2025-07-10 23:48:18,054 - WARNING - 剪切板中不包含图片
2025-07-10 23:48:58,308 - INFO - 检测到 Ctrl+C
2025-07-10 23:48:58,308 - WARNING - 剪切板中不包含图片
2025-07-10 23:49:00,314 - INFO - 检测到 Ctrl+C
2025-07-10 23:49:00,314 - WARNING - 剪切板中不包含图片
2025-07-10 23:49:02,419 - INFO - 检测到 Ctrl+C
2025-07-10 23:49:02,419 - WARNING - 剪切板中不包含图片
2025-07-10 23:51:12,934 - INFO - 检测到 Ctrl+C
2025-07-10 23:51:12,935 - WARNING - 剪切板中不包含图片
2025-07-10 23:53:11,294 - INFO - 检测到 Ctrl+C
2025-07-10 23:53:11,294 - WARNING - 剪切板中不包含图片
2025-07-10 23:56:12,680 - INFO - 检测到 Ctrl+C
2025-07-10 23:56:12,680 - WARNING - 剪切板中不包含图片
2025-07-10 23:59:43,963 - INFO - 检测到 Ctrl+C
2025-07-10 23:59:43,963 - WARNING - 剪切板中不包含图片
2025-07-10 23:59:47,676 - INFO - 检测到 Ctrl+C
2025-07-10 23:59:47,676 - WARNING - 剪切板中不包含图片
2025-07-10 23:59:51,086 - INFO - 检测到 Ctrl+C
2025-07-10 23:59:51,086 - WARNING - 剪切板中不包含图片
2025-07-11 00:07:22,429 - INFO - 检测到 Ctrl+C
2025-07-11 00:07:22,430 - WARNING - 剪切板中不包含图片
2025-07-11 00:08:10,407 - INFO - 检测到 Ctrl+C
2025-07-11 00:08:10,407 - WARNING - 剪切板中不包含图片
2025-07-11 00:08:28,362 - INFO - 检测到 Ctrl+C
2025-07-11 00:08:28,362 - WARNING - 剪切板中不包含图片
2025-07-11 00:09:02,581 - INFO - 检测到 Ctrl+C
2025-07-11 00:09:02,581 - WARNING - 剪切板中不包含图片
2025-07-11 00:09:20,148 - INFO - 检测到 Ctrl+C
2025-07-11 00:09:20,148 - WARNING - 剪切板中不包含图片
2025-07-11 00:10:09,804 - INFO - 检测到 Ctrl+C
2025-07-11 00:10:09,805 - WARNING - 剪切板中不包含图片
2025-07-11 00:10:23,657 - INFO - 检测到 Ctrl+C
2025-07-11 00:10:23,657 - WARNING - 剪切板中不包含图片
2025-07-11 00:11:18,977 - INFO - 检测到 Ctrl+C
2025-07-11 00:11:18,977 - WARNING - 剪切板中不包含图片
2025-07-11 00:11:29,813 - INFO - 检测到 Ctrl+C
2025-07-11 00:11:29,813 - WARNING - 剪切板中不包含图片
2025-07-11 00:12:08,436 - INFO - 检测到 Ctrl+C
2025-07-11 00:12:08,436 - WARNING - 剪切板中不包含图片
2025-07-11 00:12:12,550 - INFO - 检测到 Ctrl+C
2025-07-11 00:12:12,550 - WARNING - 剪切板中不包含图片
2025-07-11 00:15:59,341 - INFO - 检测到 Ctrl+C
2025-07-11 00:15:59,341 - WARNING - 剪切板中不包含图片
2025-07-11 00:17:53,354 - INFO - 检测到 Esc，准备退出
2025-07-11 00:17:53,357 - INFO - OCR 服务已关闭
2025-07-11 00:17:53,358 - INFO - 程序退出
2025-07-11 00:17:55,615 - INFO - OCR 服务已启动
2025-07-11 00:18:04,850 - INFO - 检测到 Ctrl+C
2025-07-11 00:18:04,874 - INFO - 剪切板中的图片已经保存
2025-07-11 00:18:04,875 - INFO - OCR识别任务已提交
2025-07-11 00:18:05,359 - INFO - 识别成功，img_path: D:\2\WechatOCR\dist\img\~~~ocr.png, result_file: json\~~~ocr.png.json
2025-07-11 00:18:05,876 - INFO - 文本已保存到 text_save.txt
2025-07-11 00:18:05,952 - INFO - 已将文件内容复制到剪贴板。
2025-07-11 00:18:26,438 - INFO - 检测到 Ctrl+C
2025-07-11 00:18:26,438 - WARNING - 剪切板中不包含图片
2025-07-11 00:22:08,307 - INFO - 检测到 Ctrl+C
2025-07-11 00:22:08,323 - INFO - 剪切板中的图片已经保存
2025-07-11 00:22:08,324 - INFO - OCR识别任务已提交
2025-07-11 00:22:08,680 - INFO - 识别成功，img_path: D:\2\WechatOCR\dist\img\~~~ocr.png, result_file: json\~~~ocr.png.json
2025-07-11 00:22:09,325 - INFO - 文本已保存到 text_save.txt
2025-07-11 00:22:09,334 - INFO - 已将文件内容复制到剪贴板。
2025-07-11 00:25:41,397 - INFO - 检测到 Ctrl+C
2025-07-11 00:25:41,398 - ERROR - 保存剪切板图片失败
Traceback (most recent call last):
  File "main.py", line 22, in save_clipboard_pic
AttributeError: 'list' object has no attribute 'save'
2025-07-11 00:45:56,261 - INFO - 检测到 Ctrl+C
2025-07-11 00:45:56,261 - ERROR - 保存剪切板图片失败
Traceback (most recent call last):
  File "main.py", line 22, in save_clipboard_pic
AttributeError: 'list' object has no attribute 'save'
2025-07-11 00:48:41,261 - INFO - 检测到 Ctrl+C
2025-07-11 00:48:41,261 - ERROR - 保存剪切板图片失败
Traceback (most recent call last):
  File "main.py", line 22, in save_clipboard_pic
AttributeError: 'list' object has no attribute 'save'
2025-07-11 00:49:24,284 - INFO - 检测到 Ctrl+C
2025-07-11 00:49:24,284 - ERROR - 保存剪切板图片失败
Traceback (most recent call last):
  File "main.py", line 22, in save_clipboard_pic
AttributeError: 'list' object has no attribute 'save'
2025-07-11 00:51:05,953 - INFO - 检测到 Ctrl+C
2025-07-11 00:51:05,954 - ERROR - 保存剪切板图片失败
Traceback (most recent call last):
  File "main.py", line 22, in save_clipboard_pic
AttributeError: 'list' object has no attribute 'save'
2025-07-11 00:53:07,927 - INFO - 检测到 Ctrl+C
2025-07-11 00:53:07,927 - WARNING - 剪切板中不包含图片
2025-07-11 00:54:06,394 - INFO - 检测到 Ctrl+C
2025-07-11 00:54:06,394 - WARNING - 剪切板中不包含图片
2025-07-11 00:54:37,378 - INFO - 检测到 Ctrl+C
2025-07-11 00:54:37,378 - ERROR - 保存剪切板图片失败
Traceback (most recent call last):
  File "main.py", line 22, in save_clipboard_pic
AttributeError: 'list' object has no attribute 'save'
2025-07-11 00:55:52,215 - INFO - 检测到 Ctrl+C
2025-07-11 00:55:52,215 - ERROR - 保存剪切板图片失败
Traceback (most recent call last):
  File "main.py", line 22, in save_clipboard_pic
AttributeError: 'list' object has no attribute 'save'
2025-07-11 00:57:40,242 - INFO - 检测到 Ctrl+C
2025-07-11 00:57:40,242 - WARNING - 剪切板中不包含图片
2025-07-11 01:03:19,265 - INFO - 检测到 Ctrl+C
2025-07-11 01:03:19,265 - WARNING - 剪切板中不包含图片
2025-07-11 23:27:46,592 - INFO - OCR 服务已启动
2025-07-11 23:27:49,800 - INFO - 检测到 Ctrl+C
2025-07-11 23:27:49,811 - INFO - 剪切板中的图片已经保存
2025-07-11 23:27:49,812 - INFO - OCR识别任务已提交
2025-07-11 23:27:49,917 - INFO - 识别成功，img_path: D:\2\WechatOCR\dist\img\~~~ocr.png, result_file: json\~~~ocr.png.json
2025-07-11 23:27:50,812 - INFO - 文本已保存到 text_save.txt
2025-07-11 23:27:50,846 - INFO - 已将文件内容复制到剪贴板。
2025-07-11 23:28:14,396 - INFO - 检测到 Ctrl+C
2025-07-11 23:28:14,397 - INFO - 剪切板中的图片已经保存
2025-07-11 23:28:14,397 - INFO - OCR识别任务已提交
2025-07-11 23:28:14,455 - INFO - 识别成功，img_path: D:\2\WechatOCR\dist\img\~~~ocr.png, result_file: json\~~~ocr.png.json
2025-07-11 23:28:15,398 - INFO - 文本已保存到 text_save.txt
2025-07-11 23:28:15,405 - INFO - 已将文件内容复制到剪贴板。
2025-07-11 23:28:28,131 - INFO - 检测到 Ctrl+C
2025-07-11 23:28:28,132 - INFO - 剪切板中的图片已经保存
2025-07-11 23:28:28,132 - INFO - OCR识别任务已提交
2025-07-11 23:28:28,212 - INFO - 识别成功，img_path: D:\2\WechatOCR\dist\img\~~~ocr.png, result_file: json\~~~ocr.png.json
2025-07-11 23:28:29,133 - INFO - 文本已保存到 text_save.txt
2025-07-11 23:28:29,140 - INFO - 已将文件内容复制到剪贴板。
2025-07-11 23:28:33,951 - INFO - 检测到 Ctrl+C
2025-07-11 23:28:33,952 - INFO - 剪切板中的图片已经保存
2025-07-11 23:28:33,952 - INFO - OCR识别任务已提交
2025-07-11 23:28:34,031 - INFO - 识别成功，img_path: D:\2\WechatOCR\dist\img\~~~ocr.png, result_file: json\~~~ocr.png.json
2025-07-11 23:28:34,953 - INFO - 文本已保存到 text_save.txt
2025-07-11 23:28:34,960 - INFO - 已将文件内容复制到剪贴板。
2025-07-11 23:28:48,996 - INFO - 检测到 Ctrl+C
2025-07-11 23:28:48,997 - INFO - 剪切板中的图片已经保存
2025-07-11 23:28:48,997 - INFO - OCR识别任务已提交
2025-07-11 23:28:49,082 - INFO - 识别成功，img_path: D:\2\WechatOCR\dist\img\~~~ocr.png, result_file: json\~~~ocr.png.json
2025-07-11 23:28:49,998 - INFO - 文本已保存到 text_save.txt
2025-07-11 23:28:50,005 - INFO - 已将文件内容复制到剪贴板。
2025-07-11 23:28:57,920 - INFO - 检测到 Ctrl+C
2025-07-11 23:28:57,921 - INFO - 剪切板中的图片已经保存
2025-07-11 23:28:57,921 - INFO - OCR识别任务已提交
2025-07-11 23:28:58,002 - INFO - 识别成功，img_path: D:\2\WechatOCR\dist\img\~~~ocr.png, result_file: json\~~~ocr.png.json
2025-07-11 23:28:58,922 - INFO - 文本已保存到 text_save.txt
2025-07-11 23:28:58,929 - INFO - 已将文件内容复制到剪贴板。
2025-07-11 23:29:22,089 - INFO - 检测到 Ctrl+C
2025-07-11 23:29:22,090 - INFO - 剪切板中的图片已经保存
2025-07-11 23:29:22,091 - INFO - OCR识别任务已提交
2025-07-11 23:29:22,159 - INFO - 识别成功，img_path: D:\2\WechatOCR\dist\img\~~~ocr.png, result_file: json\~~~ocr.png.json
2025-07-11 23:29:23,092 - INFO - 文本已保存到 text_save.txt
2025-07-11 23:29:23,100 - INFO - 已将文件内容复制到剪贴板。
2025-07-11 23:30:32,177 - INFO - 检测到 Ctrl+C
2025-07-11 23:30:32,177 - WARNING - 剪切板中不包含图片
2025-07-11 23:30:38,590 - INFO - 检测到 Ctrl+C
2025-07-11 23:30:38,590 - WARNING - 剪切板中不包含图片
2025-07-11 23:30:57,740 - INFO - 检测到 Ctrl+C
2025-07-11 23:30:57,742 - INFO - 剪切板中的图片已经保存
2025-07-11 23:30:57,742 - INFO - OCR识别任务已提交
2025-07-11 23:30:57,828 - INFO - 识别成功，img_path: D:\2\WechatOCR\dist\img\~~~ocr.png, result_file: json\~~~ocr.png.json
2025-07-11 23:30:58,743 - INFO - 文本已保存到 text_save.txt
2025-07-11 23:30:58,751 - INFO - 已将文件内容复制到剪贴板。
2025-07-11 23:31:08,172 - INFO - 检测到 Ctrl+C
2025-07-11 23:31:08,172 - WARNING - 剪切板中不包含图片
2025-07-11 23:49:25,048 - INFO - OCR 服务已启动
2025-07-11 23:49:28,159 - INFO - 检测到 Ctrl+C
2025-07-11 23:49:28,174 - INFO - 剪切板中的图片已经保存
2025-07-11 23:49:28,174 - INFO - OCR识别任务已提交
2025-07-11 23:49:28,218 - INFO - 检测到 Ctrl+C
2025-07-11 23:49:28,219 - INFO - 剪切板中的图片已经保存
2025-07-11 23:49:28,220 - INFO - OCR识别任务已提交
2025-07-11 23:49:28,242 - INFO - 识别成功，img_path: D:\2\WechatOCR\dist\img\~~~ocr.png, result_file: json\~~~ocr.png.json
2025-07-11 23:49:28,284 - INFO - 识别成功，img_path: D:\2\WechatOCR\dist\img\~~~ocr.png, result_file: json\~~~ocr.png.json
2025-07-11 23:49:29,175 - INFO - 文本已保存到 text_save.txt
2025-07-11 23:49:29,217 - INFO - 已将文件内容复制到剪贴板。
2025-07-11 23:49:29,221 - INFO - 文本已保存到 text_save.txt
2025-07-11 23:49:29,229 - INFO - 已将文件内容复制到剪贴板。
2025-07-11 23:49:50,592 - INFO - 检测到 Ctrl+C
2025-07-11 23:49:50,593 - INFO - 剪切板中的图片已经保存
2025-07-11 23:49:50,593 - INFO - OCR识别任务已提交
2025-07-11 23:49:50,608 - INFO - 检测到 Ctrl+C
2025-07-11 23:49:50,609 - INFO - 剪切板中的图片已经保存
2025-07-11 23:49:50,611 - INFO - OCR识别任务已提交
2025-07-11 23:49:50,640 - INFO - 识别成功，img_path: D:\2\WechatOCR\dist\img\~~~ocr.png, result_file: json\~~~ocr.png.json
2025-07-11 23:49:50,658 - INFO - 识别成功，img_path: D:\2\WechatOCR\dist\img\~~~ocr.png, result_file: json\~~~ocr.png.json
2025-07-11 23:49:51,593 - INFO - 文本已保存到 text_save.txt
2025-07-11 23:49:51,603 - INFO - 已将文件内容复制到剪贴板。
2025-07-11 23:49:51,611 - INFO - 文本已保存到 text_save.txt
2025-07-11 23:49:51,620 - INFO - 已将文件内容复制到剪贴板。
2025-07-11 23:50:09,738 - INFO - 检测到 Ctrl+C
2025-07-11 23:50:09,738 - INFO - 检测到 Ctrl+C
2025-07-11 23:50:09,738 - WARNING - 剪切板中不包含图片
2025-07-11 23:50:09,739 - INFO - 剪切板中的图片已经保存
2025-07-11 23:50:09,739 - INFO - OCR识别任务已提交
2025-07-11 23:50:09,816 - INFO - 识别成功，img_path: D:\2\WechatOCR\dist\img\~~~ocr.png, result_file: json\~~~ocr.png.json
2025-07-11 23:50:10,741 - INFO - 文本已保存到 text_save.txt
2025-07-11 23:50:10,751 - INFO - 已将文件内容复制到剪贴板。
2025-07-11 23:50:34,590 - INFO - 检测到 Ctrl+C
2025-07-11 23:50:34,591 - INFO - 剪切板中的图片已经保存
2025-07-11 23:50:34,591 - INFO - OCR识别任务已提交
2025-07-11 23:50:34,658 - INFO - 识别成功，img_path: D:\2\WechatOCR\dist\img\~~~ocr.png, result_file: json\~~~ocr.png.json
2025-07-11 23:50:34,664 - INFO - 检测到 Ctrl+C
2025-07-11 23:50:34,664 - INFO - 剪切板中的图片已经保存
2025-07-11 23:50:34,665 - INFO - OCR识别任务已提交
2025-07-11 23:50:34,730 - INFO - 识别成功，img_path: D:\2\WechatOCR\dist\img\~~~ocr.png, result_file: json\~~~ocr.png.json
2025-07-11 23:50:35,592 - INFO - 文本已保存到 text_save.txt
2025-07-11 23:50:35,601 - INFO - 已将文件内容复制到剪贴板。
2025-07-11 23:50:35,666 - INFO - 文本已保存到 text_save.txt
2025-07-11 23:50:35,679 - INFO - 已将文件内容复制到剪贴板。
2025-07-11 23:51:13,344 - INFO - 检测到 Ctrl+C
2025-07-11 23:51:13,345 - INFO - 剪切板中的图片已经保存
2025-07-11 23:51:13,345 - INFO - OCR识别任务已提交
2025-07-11 23:51:13,401 - INFO - 检测到 Ctrl+C
2025-07-11 23:51:13,402 - INFO - 剪切板中的图片已经保存
2025-07-11 23:51:13,402 - INFO - OCR识别任务已提交
2025-07-11 23:51:13,405 - INFO - 识别成功，img_path: D:\2\WechatOCR\dist\img\~~~ocr.png, result_file: json\~~~ocr.png.json
2025-07-11 23:51:13,469 - INFO - 识别成功，img_path: D:\2\WechatOCR\dist\img\~~~ocr.png, result_file: json\~~~ocr.png.json
2025-07-11 23:51:14,346 - INFO - 文本已保存到 text_save.txt
2025-07-11 23:51:14,353 - INFO - 已将文件内容复制到剪贴板。
2025-07-11 23:51:14,402 - INFO - 文本已保存到 text_save.txt
2025-07-11 23:51:14,413 - INFO - 已将文件内容复制到剪贴板。
2025-07-11 23:51:23,284 - INFO - 检测到 Ctrl+C
2025-07-11 23:51:23,284 - WARNING - 剪切板中不包含图片
2025-07-11 23:51:23,347 - INFO - 检测到 Ctrl+C
2025-07-11 23:51:23,347 - WARNING - 剪切板中不包含图片
2025-07-11 23:53:59,016 - INFO - 检测到 Ctrl+C
2025-07-11 23:53:59,052 - INFO - 检测到 Ctrl+C
2025-07-11 23:53:59,053 - WARNING - 剪切板中不包含图片
2025-07-11 23:53:59,517 - WARNING - 剪切板中不包含图片
2025-07-11 23:54:13,365 - INFO - 检测到 Ctrl+C
2025-07-11 23:54:13,365 - WARNING - 剪切板中不包含图片
2025-07-11 23:54:44,538 - INFO - 检测到 Ctrl+C
2025-07-11 23:54:44,538 - WARNING - 剪切板中不包含图片
2025-07-11 23:54:45,200 - INFO - 检测到 Ctrl+C
2025-07-11 23:54:45,239 - INFO - 检测到 Ctrl+C
2025-07-11 23:54:45,239 - WARNING - 剪切板中不包含图片
2025-07-11 23:54:45,701 - WARNING - 剪切板中不包含图片
2025-07-11 23:56:32,317 - INFO - 检测到 Ctrl+C
2025-07-11 23:56:32,317 - WARNING - 剪切板中不包含图片
2025-07-11 23:56:32,323 - INFO - 检测到 Ctrl+C
2025-07-11 23:56:32,323 - WARNING - 剪切板中不包含图片
2025-07-11 23:57:14,183 - INFO - 检测到 Ctrl+C
2025-07-11 23:57:14,183 - WARNING - 剪切板中不包含图片
2025-07-11 23:57:14,183 - WARNING - 剪切板中不包含图片
2025-07-12 00:02:15,809 - INFO - 检测到 Ctrl+C
2025-07-12 00:02:15,809 - WARNING - 剪切板中不包含图片
2025-07-12 00:02:17,517 - INFO - 检测到 Ctrl+C
2025-07-12 00:02:17,517 - INFO - 检测到 Ctrl+C
2025-07-12 00:02:17,517 - WARNING - 剪切板中不包含图片
2025-07-12 00:02:17,518 - WARNING - 剪切板中不包含图片
2025-07-12 00:02:54,875 - INFO - 检测到 Ctrl+C
2025-07-12 00:02:54,875 - INFO - 检测到 Ctrl+C
2025-07-12 00:02:54,875 - WARNING - 剪切板中不包含图片
2025-07-12 00:02:54,875 - WARNING - 剪切板中不包含图片
2025-07-12 00:03:51,106 - INFO - 检测到 Ctrl+C
2025-07-12 00:03:51,106 - INFO - 检测到 Ctrl+C
2025-07-12 00:03:51,106 - WARNING - 剪切板中不包含图片
2025-07-12 00:03:51,106 - WARNING - 剪切板中不包含图片
2025-07-12 00:12:04,919 - INFO - 检测到 Ctrl+C
2025-07-12 00:12:04,919 - WARNING - 剪切板中不包含图片
2025-07-12 00:12:04,948 - INFO - 剪切板中的图片已经保存
2025-07-12 00:12:04,949 - INFO - OCR识别任务已提交
2025-07-12 00:12:05,469 - INFO - 识别成功，img_path: D:\2\WechatOCR\dist\img\~~~ocr.png, result_file: json\~~~ocr.png.json
2025-07-12 00:12:05,950 - INFO - 文本已保存到 text_save.txt
2025-07-12 00:12:05,959 - INFO - 已将文件内容复制到剪贴板。
2025-07-12 00:12:24,456 - INFO - 检测到 Ctrl+C
2025-07-12 00:12:24,456 - WARNING - 剪切板中不包含图片
2025-07-12 00:12:24,486 - INFO - 检测到 Ctrl+C
2025-07-12 00:12:24,486 - WARNING - 剪切板中不包含图片
2025-07-12 00:12:31,209 - INFO - 检测到 Ctrl+C
2025-07-12 00:12:31,209 - WARNING - 剪切板中不包含图片
2025-07-12 00:17:17,654 - INFO - 检测到 Ctrl+C
2025-07-12 00:17:17,654 - WARNING - 剪切板中不包含图片
2025-07-12 00:17:17,655 - WARNING - 剪切板中不包含图片
2025-07-12 00:21:30,212 - INFO - 检测到 Ctrl+C
2025-07-12 00:21:30,212 - WARNING - 剪切板中不包含图片
2025-07-12 00:21:30,214 - ERROR - 保存剪切板图片失败
Traceback (most recent call last):
  File "main.py", line 22, in save_clipboard_pic
AttributeError: 'list' object has no attribute 'save'
2025-07-12 00:26:54,137 - INFO - 检测到 Ctrl+C
2025-07-12 00:26:54,137 - INFO - 检测到 Ctrl+C
2025-07-12 00:26:54,638 - WARNING - 剪切板中不包含图片
2025-07-12 00:26:54,649 - INFO - 剪切板中的图片已经保存
2025-07-12 00:26:54,651 - INFO - OCR识别任务已提交
2025-07-12 00:26:55,093 - INFO - 识别成功，img_path: D:\2\WechatOCR\dist\img\~~~ocr.png, result_file: json\~~~ocr.png.json
2025-07-12 00:26:55,652 - INFO - 文本已保存到 text_save.txt
2025-07-12 00:26:55,660 - INFO - 已将文件内容复制到剪贴板。
2025-07-12 23:44:59,763 - INFO - OCR 服务已启动
2025-07-12 23:45:11,415 - INFO - OCR 服务已启动
2025-07-12 23:45:23,290 - INFO - OCR 服务已启动
2025-07-12 23:45:23,700 - INFO - OCR 服务已启动
2025-07-12 23:45:27,036 - INFO - OCR 服务已启动
2025-07-12 23:45:29,344 - INFO - 检测到 Ctrl+C
2025-07-12 23:45:29,354 - INFO - 剪切板中的图片已经保存
2025-07-12 23:45:29,354 - INFO - OCR识别任务已提交
2025-07-12 23:45:29,413 - INFO - 检测到 Ctrl+C
2025-07-12 23:45:29,423 - INFO - 检测到 Ctrl+C
2025-07-12 23:45:29,427 - INFO - 剪切板中的图片已经保存
2025-07-12 23:45:29,427 - INFO - OCR识别任务已提交
2025-07-12 23:45:29,436 - INFO - 剪切板中的图片已经保存
2025-07-12 23:45:29,437 - INFO - OCR识别任务已提交
2025-07-12 23:45:29,460 - INFO - 识别成功，img_path: D:\2\WechatOCR\dist\img\~~~ocr.png, result_file: json\~~~ocr.png.json
2025-07-12 23:45:29,522 - INFO - 识别成功，img_path: D:\2\WechatOCR\dist\img\~~~ocr.png, result_file: json\~~~ocr.png.json
2025-07-12 23:45:29,530 - INFO - 识别成功，img_path: D:\2\WechatOCR\dist\img\~~~ocr.png, result_file: json\~~~ocr.png.json
2025-07-12 23:45:30,356 - INFO - 文本已保存到 text_save.txt
2025-07-12 23:45:30,397 - INFO - 已将文件内容复制到剪贴板。
2025-07-12 23:45:30,428 - INFO - 文本已保存到 text_save.txt
2025-07-12 23:45:30,438 - INFO - 文本已保存到 text_save.txt
2025-07-12 23:45:30,479 - INFO - 已将文件内容复制到剪贴板。
2025-07-12 23:45:30,483 - INFO - 已将文件内容复制到剪贴板。
2025-07-12 23:46:32,315 - INFO - 检测到 Ctrl+C
2025-07-12 23:46:32,398 - INFO - 检测到 Ctrl+C
2025-07-12 23:46:32,398 - INFO - 检测到 Ctrl+C
2025-07-12 23:46:32,398 - INFO - 检测到 Ctrl+C
2025-07-12 23:46:32,398 - WARNING - 剪切板中不包含图片
2025-07-12 23:46:32,399 - WARNING - 剪切板中不包含图片
2025-07-12 23:46:32,399 - WARNING - 剪切板中不包含图片
2025-07-12 23:46:32,399 - WARNING - 剪切板中不包含图片
2025-07-12 23:46:32,817 - WARNING - 剪切板中不包含图片
2025-07-12 23:46:40,943 - INFO - 检测到 Ctrl+C
2025-07-12 23:46:40,943 - WARNING - 剪切板中不包含图片
2025-07-12 23:47:18,278 - INFO - 检测到 Ctrl+C
2025-07-12 23:47:18,279 - WARNING - 剪切板中不包含图片
2025-07-12 23:47:18,279 - WARNING - 剪切板中不包含图片
2025-07-12 23:47:18,279 - WARNING - 剪切板中不包含图片
2025-07-12 23:47:18,279 - WARNING - 剪切板中不包含图片
2025-07-12 23:47:18,290 - INFO - 剪切板中的图片已经保存
2025-07-12 23:47:18,291 - INFO - OCR识别任务已提交
2025-07-12 23:47:18,468 - INFO - 识别成功，img_path: D:\2\WechatOCR\dist\img\~~~ocr.png, result_file: json\~~~ocr.png.json
2025-07-12 23:47:19,292 - INFO - 文本已保存到 text_save.txt
2025-07-12 23:47:19,336 - INFO - 已将文件内容复制到剪贴板。
2025-07-12 23:47:25,000 - INFO - 检测到 Ctrl+C
2025-07-12 23:47:25,000 - INFO - 检测到 Ctrl+C
2025-07-12 23:47:25,000 - INFO - 检测到 Ctrl+C
2025-07-12 23:47:25,000 - WARNING - 剪切板中不包含图片
2025-07-12 23:47:25,000 - WARNING - 剪切板中不包含图片
2025-07-12 23:47:25,000 - WARNING - 剪切板中不包含图片
2025-07-12 23:47:25,002 - INFO - 剪切板中的图片已经保存
2025-07-12 23:47:25,002 - INFO - OCR识别任务已提交
2025-07-12 23:47:25,054 - INFO - 检测到 Ctrl+C
2025-07-12 23:47:25,056 - INFO - 剪切板中的图片已经保存
2025-07-12 23:47:25,056 - INFO - OCR识别任务已提交
2025-07-12 23:47:25,161 - INFO - 识别成功，img_path: D:\2\WechatOCR\dist\img\~~~ocr.png, result_file: json\~~~ocr.png.json
2025-07-12 23:47:25,222 - INFO - 识别成功，img_path: D:\2\WechatOCR\dist\img\~~~ocr.png, result_file: json\~~~ocr.png.json
2025-07-12 23:47:26,002 - INFO - 文本已保存到 text_save.txt
2025-07-12 23:47:26,016 - INFO - 已将文件内容复制到剪贴板。
2025-07-12 23:47:26,058 - INFO - 文本已保存到 text_save.txt
2025-07-12 23:47:26,071 - INFO - 已将文件内容复制到剪贴板。
2025-07-12 23:47:43,167 - INFO - 检测到 Ctrl+C
2025-07-12 23:47:43,167 - INFO - 检测到 Ctrl+C
2025-07-12 23:47:43,169 - WARNING - 剪切板中不包含图片
2025-07-12 23:47:43,173 - INFO - 剪切板中的图片已经保存
2025-07-12 23:47:43,173 - INFO - OCR识别任务已提交
2025-07-12 23:47:43,187 - INFO - 检测到 Ctrl+C
2025-07-12 23:47:43,189 - INFO - 剪切板中的图片已经保存
2025-07-12 23:47:43,189 - INFO - OCR识别任务已提交
2025-07-12 23:47:43,267 - INFO - 识别成功，img_path: D:\2\WechatOCR\dist\img\~~~ocr.png, result_file: json\~~~ocr.png.json
2025-07-12 23:47:43,283 - INFO - 识别成功，img_path: D:\2\WechatOCR\dist\img\~~~ocr.png, result_file: json\~~~ocr.png.json
2025-07-12 23:47:44,174 - INFO - 文本已保存到 text_save.txt
2025-07-12 23:47:44,184 - INFO - 已将文件内容复制到剪贴板。
2025-07-12 23:47:44,190 - INFO - 文本已保存到 text_save.txt
2025-07-12 23:47:44,205 - INFO - 已将文件内容复制到剪贴板。
2025-07-12 23:47:49,391 - INFO - 检测到 Ctrl+C
2025-07-12 23:47:49,392 - INFO - 剪切板中的图片已经保存
2025-07-12 23:47:49,393 - INFO - OCR识别任务已提交
2025-07-12 23:47:49,402 - INFO - 检测到 Ctrl+C
2025-07-12 23:47:49,408 - INFO - 剪切板中的图片已经保存
2025-07-12 23:47:49,409 - INFO - OCR识别任务已提交
2025-07-12 23:47:49,425 - INFO - 检测到 Ctrl+C
2025-07-12 23:47:49,426 - INFO - 剪切板中的图片已经保存
2025-07-12 23:47:49,426 - INFO - OCR识别任务已提交
2025-07-12 23:47:49,464 - INFO - 检测到 Ctrl+C
2025-07-12 23:47:49,467 - INFO - 剪切板中的图片已经保存
2025-07-12 23:47:49,467 - INFO - OCR识别任务已提交
2025-07-12 23:47:49,475 - INFO - 识别成功，img_path: D:\2\WechatOCR\dist\img\~~~ocr.png, result_file: json\~~~ocr.png.json
2025-07-12 23:47:49,503 - INFO - 识别成功，img_path: D:\2\WechatOCR\dist\img\~~~ocr.png, result_file: json\~~~ocr.png.json
2025-07-12 23:47:49,515 - INFO - 识别成功，img_path: D:\2\WechatOCR\dist\img\~~~ocr.png, result_file: json\~~~ocr.png.json
2025-07-12 23:47:49,548 - INFO - 识别成功，img_path: D:\2\WechatOCR\dist\img\~~~ocr.png, result_file: json\~~~ocr.png.json
2025-07-12 23:47:50,394 - INFO - 文本已保存到 text_save.txt
2025-07-12 23:47:50,405 - INFO - 已将文件内容复制到剪贴板。
2025-07-12 23:47:50,410 - INFO - 文本已保存到 text_save.txt
2025-07-12 23:47:50,422 - INFO - 已将文件内容复制到剪贴板。
2025-07-12 23:47:50,427 - INFO - 文本已保存到 text_save.txt
2025-07-12 23:47:50,438 - INFO - 已将文件内容复制到剪贴板。
2025-07-12 23:47:50,468 - INFO - 文本已保存到 text_save.txt
2025-07-12 23:47:50,478 - INFO - 已将文件内容复制到剪贴板。
2025-07-12 23:47:55,197 - INFO - 检测到 Ctrl+C
2025-07-12 23:47:55,199 - INFO - 剪切板中的图片已经保存
2025-07-12 23:47:55,200 - INFO - OCR识别任务已提交
2025-07-12 23:47:55,211 - INFO - 检测到 Ctrl+C
2025-07-12 23:47:55,220 - INFO - 检测到 Ctrl+C
2025-07-12 23:47:55,222 - INFO - 剪切板中的图片已经保存
2025-07-12 23:47:55,223 - INFO - OCR识别任务已提交
2025-07-12 23:47:55,227 - INFO - 剪切板中的图片已经保存
2025-07-12 23:47:55,228 - INFO - OCR识别任务已提交
2025-07-12 23:47:55,281 - INFO - 识别成功，img_path: D:\2\WechatOCR\dist\img\~~~ocr.png, result_file: json\~~~ocr.png.json
2025-07-12 23:47:55,305 - INFO - 识别成功，img_path: D:\2\WechatOCR\dist\img\~~~ocr.png, result_file: json\~~~ocr.png.json
2025-07-12 23:47:55,319 - INFO - 识别成功，img_path: D:\2\WechatOCR\dist\img\~~~ocr.png, result_file: json\~~~ocr.png.json
2025-07-12 23:47:56,201 - INFO - 文本已保存到 text_save.txt
2025-07-12 23:47:56,212 - INFO - 已将文件内容复制到剪贴板。
2025-07-12 23:47:56,224 - INFO - 文本已保存到 text_save.txt
2025-07-12 23:47:56,228 - INFO - 文本已保存到 text_save.txt
2025-07-12 23:47:56,241 - INFO - 已将文件内容复制到剪贴板。
2025-07-12 23:47:56,274 - INFO - 已将文件内容复制到剪贴板。
2025-07-12 23:48:01,560 - INFO - 检测到 Ctrl+C
2025-07-12 23:48:01,560 - WARNING - 剪切板中不包含图片
2025-07-12 23:48:01,578 - INFO - 检测到 Ctrl+C
2025-07-12 23:48:01,585 - INFO - 剪切板中的图片已经保存
2025-07-12 23:48:01,585 - INFO - OCR识别任务已提交
2025-07-12 23:48:01,592 - INFO - 检测到 Ctrl+C
2025-07-12 23:48:01,594 - INFO - 剪切板中的图片已经保存
2025-07-12 23:48:01,595 - INFO - OCR识别任务已提交
2025-07-12 23:48:01,629 - INFO - 检测到 Ctrl+C
2025-07-12 23:48:01,631 - INFO - 剪切板中的图片已经保存
2025-07-12 23:48:01,631 - INFO - OCR识别任务已提交
2025-07-12 23:48:01,658 - INFO - 识别成功，img_path: D:\2\WechatOCR\dist\img\~~~ocr.png, result_file: json\~~~ocr.png.json
2025-07-12 23:48:01,668 - INFO - 识别成功，img_path: D:\2\WechatOCR\dist\img\~~~ocr.png, result_file: json\~~~ocr.png.json
2025-07-12 23:48:01,706 - INFO - 识别成功，img_path: D:\2\WechatOCR\dist\img\~~~ocr.png, result_file: json\~~~ocr.png.json
2025-07-12 23:48:02,587 - INFO - 文本已保存到 text_save.txt
2025-07-12 23:48:02,595 - INFO - 文本已保存到 text_save.txt
2025-07-12 23:48:02,598 - INFO - 已将文件内容复制到剪贴板。
2025-07-12 23:48:02,610 - INFO - 已将文件内容复制到剪贴板。
2025-07-12 23:48:02,632 - INFO - 文本已保存到 text_save.txt
2025-07-12 23:48:02,643 - INFO - 已将文件内容复制到剪贴板。
2025-07-12 23:48:07,487 - INFO - 检测到 Ctrl+C
2025-07-12 23:48:07,489 - WARNING - 剪切板中不包含图片
2025-07-12 23:48:07,514 - INFO - 检测到 Ctrl+C
2025-07-12 23:48:07,517 - INFO - 剪切板中的图片已经保存
2025-07-12 23:48:07,517 - INFO - OCR识别任务已提交
2025-07-12 23:48:07,527 - INFO - 检测到 Ctrl+C
2025-07-12 23:48:07,528 - INFO - 剪切板中的图片已经保存
2025-07-12 23:48:07,528 - INFO - OCR识别任务已提交
2025-07-12 23:48:07,560 - INFO - 检测到 Ctrl+C
2025-07-12 23:48:07,561 - INFO - 剪切板中的图片已经保存
2025-07-12 23:48:07,562 - INFO - OCR识别任务已提交
2025-07-12 23:48:07,604 - INFO - 识别成功，img_path: D:\2\WechatOCR\dist\img\~~~ocr.png, result_file: json\~~~ocr.png.json
2025-07-12 23:48:07,617 - INFO - 识别成功，img_path: D:\2\WechatOCR\dist\img\~~~ocr.png, result_file: json\~~~ocr.png.json
2025-07-12 23:48:07,648 - INFO - 识别成功，img_path: D:\2\WechatOCR\dist\img\~~~ocr.png, result_file: json\~~~ocr.png.json
2025-07-12 23:48:08,518 - INFO - 文本已保存到 text_save.txt
2025-07-12 23:48:08,527 - INFO - 已将文件内容复制到剪贴板。
2025-07-12 23:48:08,529 - INFO - 文本已保存到 text_save.txt
2025-07-12 23:48:08,544 - INFO - 已将文件内容复制到剪贴板。
2025-07-12 23:48:08,563 - INFO - 文本已保存到 text_save.txt
2025-07-12 23:48:08,573 - INFO - 已将文件内容复制到剪贴板。
2025-07-12 23:49:10,152 - INFO - 检测到 Ctrl+C
2025-07-12 23:49:10,152 - WARNING - 剪切板中不包含图片
2025-07-12 23:49:10,184 - INFO - 检测到 Ctrl+C
2025-07-12 23:49:10,214 - INFO - 检测到 Ctrl+C
2025-07-12 23:49:10,214 - WARNING - 剪切板中不包含图片
2025-07-12 23:49:10,215 - INFO - 检测到 Ctrl+C
2025-07-12 23:49:10,215 - WARNING - 剪切板中不包含图片
2025-07-12 23:49:10,235 - INFO - 检测到 Ctrl+C
2025-07-12 23:49:10,235 - WARNING - 剪切板中不包含图片
2025-07-12 23:49:10,686 - WARNING - 剪切板中不包含图片
2025-07-12 23:52:22,395 - INFO - 检测到 Ctrl+C
2025-07-12 23:52:22,401 - INFO - 检测到 Ctrl+C
2025-07-12 23:52:22,408 - INFO - 检测到 Ctrl+C
2025-07-12 23:52:22,410 - WARNING - 剪切板中不包含图片
2025-07-12 23:52:22,446 - INFO - 检测到 Ctrl+C
2025-07-12 23:52:22,446 - WARNING - 剪切板中不包含图片
2025-07-12 23:52:22,447 - WARNING - 剪切板中不包含图片
2025-07-12 23:52:22,896 - WARNING - 剪切板中不包含图片
2025-07-12 23:52:22,903 - WARNING - 剪切板中不包含图片
2025-07-12 23:54:52,121 - INFO - 检测到 Ctrl+C
2025-07-12 23:54:52,121 - WARNING - 剪切板中不包含图片
2025-07-12 23:54:56,364 - INFO - 检测到 Ctrl+C
2025-07-12 23:54:56,364 - WARNING - 剪切板中不包含图片
2025-07-12 23:55:57,352 - INFO - 检测到 Ctrl+C
2025-07-12 23:55:57,352 - WARNING - 剪切板中不包含图片
2025-07-13 00:00:53,947 - INFO - 检测到 Ctrl+C
2025-07-13 00:00:53,947 - INFO - 检测到 Ctrl+C
2025-07-13 00:00:53,947 - WARNING - 剪切板中不包含图片
2025-07-13 00:00:53,947 - WARNING - 剪切板中不包含图片
2025-07-13 00:00:53,947 - WARNING - 剪切板中不包含图片
2025-07-13 00:00:53,948 - INFO - 检测到 Ctrl+C
2025-07-13 00:00:53,948 - INFO - 检测到 Ctrl+C
2025-07-13 00:00:53,948 - WARNING - 剪切板中不包含图片
2025-07-13 00:00:53,948 - WARNING - 剪切板中不包含图片
2025-07-13 00:04:47,406 - INFO - 检测到 Ctrl+C
2025-07-13 00:04:47,406 - INFO - 检测到 Ctrl+C
2025-07-13 00:04:47,406 - INFO - 检测到 Ctrl+C
2025-07-13 00:04:47,406 - WARNING - 剪切板中不包含图片
2025-07-13 00:04:47,407 - WARNING - 剪切板中不包含图片
2025-07-13 00:04:47,406 - WARNING - 剪切板中不包含图片
2025-07-13 00:04:47,407 - WARNING - 剪切板中不包含图片
2025-07-13 00:05:07,410 - INFO - 检测到 Ctrl+C
2025-07-13 00:05:07,410 - WARNING - 剪切板中不包含图片
2025-07-13 00:05:16,143 - INFO - 检测到 Ctrl+C
2025-07-13 00:05:16,143 - WARNING - 剪切板中不包含图片
2025-07-13 00:05:28,886 - INFO - 检测到 Ctrl+C
2025-07-13 00:05:28,887 - INFO - 剪切板中的图片已经保存
2025-07-13 00:05:28,888 - INFO - OCR识别任务已提交
2025-07-13 00:05:28,908 - INFO - 检测到 Ctrl+C
2025-07-13 00:05:28,909 - WARNING - 剪切板中不包含图片
2025-07-13 00:05:28,909 - WARNING - 剪切板中不包含图片
2025-07-13 00:05:28,909 - WARNING - 剪切板中不包含图片
2025-07-13 00:05:28,910 - INFO - 剪切板中的图片已经保存
2025-07-13 00:05:28,910 - INFO - OCR识别任务已提交
2025-07-13 00:05:28,958 - INFO - 识别成功，img_path: D:\2\WechatOCR\dist\img\~~~ocr.png, result_file: json\~~~ocr.png.json
2025-07-13 00:05:28,979 - INFO - 识别成功，img_path: D:\2\WechatOCR\dist\img\~~~ocr.png, result_file: json\~~~ocr.png.json
2025-07-13 00:05:29,889 - INFO - 文本已保存到 text_save.txt
2025-07-13 00:05:29,901 - INFO - 已将文件内容复制到剪贴板。
2025-07-13 00:05:29,911 - INFO - 文本已保存到 text_save.txt
2025-07-13 00:05:29,922 - INFO - 已将文件内容复制到剪贴板。
2025-07-13 00:05:49,577 - INFO - 检测到 Ctrl+C
2025-07-13 00:05:49,579 - INFO - 剪切板中的图片已经保存
2025-07-13 00:05:49,579 - INFO - OCR识别任务已提交
2025-07-13 00:05:49,589 - INFO - 检测到 Ctrl+C
2025-07-13 00:05:49,589 - INFO - 检测到 Ctrl+C
2025-07-13 00:05:49,590 - WARNING - 剪切板中不包含图片
2025-07-13 00:05:49,590 - WARNING - 剪切板中不包含图片
2025-07-13 00:05:49,591 - INFO - 剪切板中的图片已经保存
2025-07-13 00:05:49,591 - INFO - OCR识别任务已提交
2025-07-13 00:05:49,610 - INFO - 检测到 Ctrl+C
2025-07-13 00:05:49,617 - INFO - 剪切板中的图片已经保存
2025-07-13 00:05:49,618 - INFO - OCR识别任务已提交
2025-07-13 00:05:49,670 - INFO - 识别成功，img_path: D:\2\WechatOCR\dist\img\~~~ocr.png, result_file: json\~~~ocr.png.json
2025-07-13 00:05:49,682 - INFO - 识别成功，img_path: D:\2\WechatOCR\dist\img\~~~ocr.png, result_file: json\~~~ocr.png.json
2025-07-13 00:05:49,696 - INFO - 识别成功，img_path: D:\2\WechatOCR\dist\img\~~~ocr.png, result_file: json\~~~ocr.png.json
2025-07-13 00:05:50,580 - INFO - 文本已保存到 text_save.txt
2025-07-13 00:05:50,592 - INFO - 文本已保存到 text_save.txt
2025-07-13 00:05:50,594 - INFO - 已将文件内容复制到剪贴板。
2025-07-13 00:05:50,605 - INFO - 已将文件内容复制到剪贴板。
2025-07-13 00:05:50,619 - INFO - 文本已保存到 text_save.txt
2025-07-13 00:05:50,630 - INFO - 已将文件内容复制到剪贴板。
2025-07-13 00:06:09,362 - INFO - 检测到 Ctrl+C
2025-07-13 00:06:09,363 - WARNING - 剪切板中不包含图片
2025-07-13 00:06:09,377 - INFO - 检测到 Ctrl+C
2025-07-13 00:06:09,385 - INFO - 剪切板中的图片已经保存
2025-07-13 00:06:09,385 - INFO - OCR识别任务已提交
2025-07-13 00:06:09,421 - INFO - 检测到 Ctrl+C
2025-07-13 00:06:09,422 - INFO - 剪切板中的图片已经保存
2025-07-13 00:06:09,423 - INFO - OCR识别任务已提交
2025-07-13 00:06:09,456 - INFO - 识别成功，img_path: D:\2\WechatOCR\dist\img\~~~ocr.png, result_file: json\~~~ocr.png.json
2025-07-13 00:06:09,463 - INFO - 检测到 Ctrl+C
2025-07-13 00:06:09,463 - WARNING - 剪切板中不包含图片
2025-07-13 00:06:09,465 - INFO - 剪切板中的图片已经保存
2025-07-13 00:06:09,466 - INFO - OCR识别任务已提交
2025-07-13 00:06:09,498 - INFO - 识别成功，img_path: D:\2\WechatOCR\dist\img\~~~ocr.png, result_file: json\~~~ocr.png.json
2025-07-13 00:06:09,534 - INFO - 识别成功，img_path: D:\2\WechatOCR\dist\img\~~~ocr.png, result_file: json\~~~ocr.png.json
2025-07-13 00:06:10,386 - INFO - 文本已保存到 text_save.txt
2025-07-13 00:06:10,400 - INFO - 已将文件内容复制到剪贴板。
2025-07-13 00:06:10,423 - INFO - 文本已保存到 text_save.txt
2025-07-13 00:06:10,437 - INFO - 已将文件内容复制到剪贴板。
2025-07-13 00:06:10,466 - INFO - 文本已保存到 text_save.txt
2025-07-13 00:06:10,478 - INFO - 已将文件内容复制到剪贴板。
2025-07-13 00:07:55,090 - INFO - 检测到 Ctrl+C
2025-07-13 00:07:55,090 - WARNING - 剪切板中不包含图片
2025-07-13 00:10:10,137 - INFO - 检测到 Ctrl+C
2025-07-13 00:10:10,137 - INFO - 检测到 Ctrl+C
2025-07-13 00:10:10,138 - WARNING - 剪切板中不包含图片
2025-07-13 00:10:10,138 - WARNING - 剪切板中不包含图片
2025-07-13 00:10:10,166 - INFO - 检测到 Ctrl+C
2025-07-13 00:10:10,166 - INFO - 检测到 Ctrl+C
2025-07-13 00:10:10,166 - WARNING - 剪切板中不包含图片
2025-07-13 00:10:10,166 - WARNING - 剪切板中不包含图片
2025-07-13 00:10:10,166 - WARNING - 剪切板中不包含图片
2025-07-13 00:10:19,024 - INFO - 检测到 Ctrl+C
2025-07-13 00:10:19,024 - WARNING - 剪切板中不包含图片
2025-07-13 00:10:33,552 - INFO - 检测到 Ctrl+C
2025-07-13 00:10:33,552 - INFO - 检测到 Ctrl+C
2025-07-13 00:10:33,552 - WARNING - 剪切板中不包含图片
2025-07-13 00:10:33,552 - WARNING - 剪切板中不包含图片
2025-07-13 00:10:33,602 - INFO - 检测到 Ctrl+C
2025-07-13 00:10:33,602 - INFO - 检测到 Ctrl+C
2025-07-13 00:10:33,602 - WARNING - 剪切板中不包含图片
2025-07-13 00:10:33,602 - WARNING - 剪切板中不包含图片
2025-07-13 00:10:33,602 - WARNING - 剪切板中不包含图片
2025-07-13 00:10:38,219 - INFO - 检测到 Ctrl+C
2025-07-13 00:10:38,219 - INFO - 检测到 Ctrl+C
2025-07-13 00:10:38,219 - WARNING - 剪切板中不包含图片
2025-07-13 00:10:38,219 - WARNING - 剪切板中不包含图片
2025-07-13 00:10:38,270 - INFO - 检测到 Ctrl+C
2025-07-13 00:10:38,270 - WARNING - 剪切板中不包含图片
2025-07-13 00:10:38,272 - INFO - 检测到 Ctrl+C
2025-07-13 00:10:38,272 - WARNING - 剪切板中不包含图片
2025-07-13 00:12:34,176 - INFO - 检测到 Ctrl+C
2025-07-13 00:12:34,176 - WARNING - 剪切板中不包含图片
2025-07-13 00:12:34,176 - WARNING - 剪切板中不包含图片
2025-07-13 00:12:34,177 - WARNING - 剪切板中不包含图片
2025-07-13 00:12:34,234 - INFO - 检测到 Ctrl+C
2025-07-13 00:12:34,234 - WARNING - 剪切板中不包含图片
2025-07-13 00:12:34,234 - WARNING - 剪切板中不包含图片
2025-07-13 00:18:32,762 - INFO - 检测到 Ctrl+C
2025-07-13 00:18:32,763 - INFO - 检测到 Ctrl+C
2025-07-13 00:18:32,763 - WARNING - 剪切板中不包含图片
2025-07-13 00:18:32,764 - WARNING - 剪切板中不包含图片
2025-07-13 00:18:32,767 - INFO - 检测到 Ctrl+C
2025-07-13 00:18:32,767 - INFO - 检测到 Ctrl+C
2025-07-13 00:18:32,769 - WARNING - 剪切板中不包含图片
2025-07-13 00:18:32,769 - WARNING - 剪切板中不包含图片
2025-07-13 00:18:32,770 - WARNING - 剪切板中不包含图片
2025-07-13 00:19:40,618 - INFO - 检测到 Ctrl+C
2025-07-13 00:19:40,620 - WARNING - 剪切板中不包含图片
2025-07-13 00:20:31,303 - INFO - 检测到 Ctrl+C
2025-07-13 00:20:31,303 - WARNING - 剪切板中不包含图片
2025-07-13 00:21:37,736 - INFO - 检测到 Ctrl+C
2025-07-13 00:21:37,802 - INFO - 检测到 Ctrl+C
2025-07-13 00:21:37,802 - WARNING - 剪切板中不包含图片
2025-07-13 00:21:37,802 - WARNING - 剪切板中不包含图片
2025-07-13 00:21:38,237 - WARNING - 剪切板中不包含图片
2025-07-13 00:21:38,237 - WARNING - 剪切板中不包含图片
2025-07-13 00:22:53,765 - INFO - 检测到 Ctrl+C
2025-07-13 00:22:53,766 - WARNING - 剪切板中不包含图片
2025-07-13 00:22:53,777 - INFO - 检测到 Ctrl+C
2025-07-13 00:22:53,778 - WARNING - 剪切板中不包含图片
2025-07-13 00:22:53,788 - INFO - 检测到 Ctrl+C
2025-07-13 00:22:53,788 - INFO - 检测到 Ctrl+C
2025-07-13 00:22:53,788 - INFO - 检测到 Ctrl+C
2025-07-13 00:22:53,788 - WARNING - 剪切板中不包含图片
2025-07-13 00:22:53,788 - WARNING - 剪切板中不包含图片
2025-07-13 00:22:53,789 - WARNING - 剪切板中不包含图片
2025-07-13 00:23:10,156 - INFO - 检测到 Ctrl+C
2025-07-13 00:23:10,156 - INFO - 检测到 Ctrl+C
2025-07-13 00:23:10,156 - INFO - 检测到 Ctrl+C
2025-07-13 00:23:10,156 - WARNING - 剪切板中不包含图片
2025-07-13 00:23:10,156 - WARNING - 剪切板中不包含图片
2025-07-13 00:23:10,156 - WARNING - 剪切板中不包含图片
2025-07-13 00:23:10,237 - INFO - 检测到 Ctrl+C
2025-07-13 00:23:10,237 - WARNING - 剪切板中不包含图片
2025-07-13 00:23:10,240 - INFO - 检测到 Ctrl+C
2025-07-13 00:23:10,240 - WARNING - 剪切板中不包含图片
2025-07-13 00:23:25,991 - INFO - 检测到 Ctrl+C
2025-07-13 00:23:25,991 - WARNING - 剪切板中不包含图片
2025-07-13 00:23:34,019 - INFO - 检测到 Ctrl+C
2025-07-13 00:23:34,019 - WARNING - 剪切板中不包含图片
2025-07-13 00:24:53,069 - INFO - 检测到 Ctrl+C
2025-07-13 00:24:53,069 - WARNING - 剪切板中不包含图片
2025-07-13 00:25:32,997 - INFO - 检测到 Ctrl+C
2025-07-13 00:25:32,997 - WARNING - 剪切板中不包含图片
2025-07-13 00:25:33,028 - INFO - 检测到 Ctrl+C
2025-07-13 00:25:33,028 - INFO - 检测到 Ctrl+C
2025-07-13 00:25:33,028 - WARNING - 剪切板中不包含图片
2025-07-13 00:25:33,028 - WARNING - 剪切板中不包含图片
2025-07-13 00:25:33,029 - INFO - 检测到 Ctrl+C
2025-07-13 00:25:33,029 - WARNING - 剪切板中不包含图片
2025-07-13 00:26:03,504 - INFO - 检测到 Ctrl+C
2025-07-13 00:26:03,505 - WARNING - 剪切板中不包含图片
2025-07-13 00:26:03,505 - WARNING - 剪切板中不包含图片
2025-07-13 00:26:03,528 - INFO - 检测到 Ctrl+C
2025-07-13 00:26:03,528 - INFO - 检测到 Ctrl+C
2025-07-13 00:26:03,528 - WARNING - 剪切板中不包含图片
2025-07-13 00:26:03,528 - WARNING - 剪切板中不包含图片
2025-07-13 00:26:03,529 - WARNING - 剪切板中不包含图片
2025-07-13 00:26:21,565 - INFO - 检测到 Ctrl+C
2025-07-13 00:26:21,565 - INFO - 检测到 Ctrl+C
2025-07-13 00:26:21,565 - WARNING - 剪切板中不包含图片
2025-07-13 00:26:21,566 - WARNING - 剪切板中不包含图片
2025-07-13 00:26:21,588 - INFO - 检测到 Ctrl+C
2025-07-13 00:26:21,588 - WARNING - 剪切板中不包含图片
2025-07-13 00:26:21,588 - WARNING - 剪切板中不包含图片
2025-07-13 00:26:21,588 - WARNING - 剪切板中不包含图片
2025-07-13 00:30:28,016 - INFO - 检测到 Ctrl+C
2025-07-13 00:30:28,016 - WARNING - 剪切板中不包含图片
2025-07-13 00:30:28,016 - WARNING - 剪切板中不包含图片
2025-07-13 00:30:28,016 - INFO - 检测到 Ctrl+C
2025-07-13 00:30:28,016 - WARNING - 剪切板中不包含图片
2025-07-13 00:30:28,016 - WARNING - 剪切板中不包含图片
2025-07-13 00:30:28,022 - INFO - 检测到 Ctrl+C
2025-07-13 00:30:28,022 - WARNING - 剪切板中不包含图片
2025-07-13 00:32:23,316 - INFO - 检测到 Ctrl+C
2025-07-13 00:32:23,316 - WARNING - 剪切板中不包含图片
2025-07-13 00:32:23,317 - WARNING - 剪切板中不包含图片
2025-07-13 00:32:23,322 - INFO - 检测到 Ctrl+C
2025-07-13 00:32:23,323 - WARNING - 剪切板中不包含图片
2025-07-13 00:32:23,323 - WARNING - 剪切板中不包含图片
2025-07-13 00:32:23,323 - WARNING - 剪切板中不包含图片
2025-07-13 00:33:44,815 - INFO - 检测到 Ctrl+C
2025-07-13 00:33:44,815 - INFO - 检测到 Ctrl+C
2025-07-13 00:33:44,815 - WARNING - 剪切板中不包含图片
2025-07-13 00:33:44,815 - WARNING - 剪切板中不包含图片
2025-07-13 00:33:44,815 - WARNING - 剪切板中不包含图片
2025-07-13 00:33:44,816 - WARNING - 剪切板中不包含图片
2025-07-13 00:34:30,298 - INFO - 检测到 Ctrl+C
2025-07-13 00:34:30,298 - INFO - 检测到 Ctrl+C
2025-07-13 00:34:30,298 - INFO - 检测到 Ctrl+C
2025-07-13 00:34:30,298 - WARNING - 剪切板中不包含图片
2025-07-13 00:34:30,298 - WARNING - 剪切板中不包含图片
2025-07-13 00:34:30,298 - WARNING - 剪切板中不包含图片
2025-07-13 00:34:30,298 - WARNING - 剪切板中不包含图片
2025-07-13 00:34:30,299 - WARNING - 剪切板中不包含图片
2025-07-13 00:34:58,102 - INFO - 检测到 Ctrl+C
2025-07-13 00:34:58,102 - INFO - 检测到 Ctrl+C
2025-07-13 00:34:58,102 - WARNING - 剪切板中不包含图片
2025-07-13 00:34:58,102 - WARNING - 剪切板中不包含图片
2025-07-13 00:34:58,102 - WARNING - 剪切板中不包含图片
2025-07-13 00:34:58,103 - WARNING - 剪切板中不包含图片
2025-07-13 00:35:10,657 - INFO - 检测到 Ctrl+C
2025-07-13 00:35:10,657 - INFO - 检测到 Ctrl+C
2025-07-13 00:35:10,657 - WARNING - 剪切板中不包含图片
2025-07-13 00:35:10,657 - WARNING - 剪切板中不包含图片
2025-07-13 00:35:10,657 - WARNING - 剪切板中不包含图片
2025-07-13 00:35:10,657 - WARNING - 剪切板中不包含图片
2025-07-13 00:35:10,657 - WARNING - 剪切板中不包含图片
2025-07-13 00:35:40,665 - INFO - 检测到 Ctrl+C
2025-07-13 00:35:40,666 - WARNING - 剪切板中不包含图片
2025-07-13 00:36:39,303 - INFO - 检测到 Ctrl+C
2025-07-13 00:36:39,304 - WARNING - 剪切板中不包含图片
2025-07-13 00:36:39,304 - WARNING - 剪切板中不包含图片
2025-07-13 00:36:39,304 - WARNING - 剪切板中不包含图片
2025-07-13 00:36:39,308 - WARNING - 剪切板中不包含图片
2025-07-13 00:37:39,445 - INFO - 检测到 Ctrl+C
2025-07-13 00:37:39,445 - INFO - 检测到 Ctrl+C
2025-07-13 00:37:39,445 - WARNING - 剪切板中不包含图片
2025-07-13 00:37:39,445 - WARNING - 剪切板中不包含图片
2025-07-13 00:37:39,445 - WARNING - 剪切板中不包含图片
2025-07-13 00:37:39,445 - WARNING - 剪切板中不包含图片
2025-07-13 00:37:39,445 - WARNING - 剪切板中不包含图片
2025-07-13 00:38:17,795 - INFO - 检测到 Ctrl+C
2025-07-13 00:38:17,795 - INFO - 检测到 Ctrl+C
2025-07-13 00:38:17,795 - INFO - 检测到 Ctrl+C
2025-07-13 00:38:17,795 - WARNING - 剪切板中不包含图片
2025-07-13 00:38:17,795 - WARNING - 剪切板中不包含图片
2025-07-13 00:38:17,795 - WARNING - 剪切板中不包含图片
2025-07-13 00:38:17,795 - WARNING - 剪切板中不包含图片
2025-07-13 00:38:57,735 - INFO - 检测到 Ctrl+C
2025-07-13 00:38:57,735 - WARNING - 剪切板中不包含图片
2025-07-13 00:38:57,735 - WARNING - 剪切板中不包含图片
2025-07-13 00:38:57,735 - WARNING - 剪切板中不包含图片
2025-07-13 00:38:57,736 - INFO - 检测到 Ctrl+C
2025-07-13 00:38:57,736 - WARNING - 剪切板中不包含图片
2025-07-13 00:38:57,737 - WARNING - 剪切板中不包含图片
2025-07-13 00:40:40,629 - INFO - 检测到 Ctrl+C
2025-07-13 00:40:40,630 - WARNING - 剪切板中不包含图片
2025-07-13 00:40:40,630 - WARNING - 剪切板中不包含图片
2025-07-13 00:40:40,630 - WARNING - 剪切板中不包含图片
2025-07-13 00:40:40,630 - WARNING - 剪切板中不包含图片
2025-07-13 00:40:40,630 - WARNING - 剪切板中不包含图片
2025-07-13 00:40:56,785 - INFO - 检测到 Ctrl+C
2025-07-13 00:40:56,785 - INFO - 检测到 Ctrl+C
2025-07-13 00:40:56,786 - WARNING - 剪切板中不包含图片
2025-07-13 00:40:56,786 - WARNING - 剪切板中不包含图片
2025-07-13 00:40:56,787 - WARNING - 剪切板中不包含图片
2025-07-13 00:41:49,893 - INFO - 检测到 Ctrl+C
2025-07-13 00:41:49,894 - WARNING - 剪切板中不包含图片
2025-07-13 00:41:49,894 - WARNING - 剪切板中不包含图片
2025-07-13 00:41:49,895 - WARNING - 剪切板中不包含图片
2025-07-13 00:41:49,919 - INFO - 检测到 Ctrl+C
2025-07-13 00:41:49,919 - WARNING - 剪切板中不包含图片
2025-07-13 00:41:49,920 - WARNING - 剪切板中不包含图片
2025-07-13 00:44:54,891 - INFO - 检测到 Ctrl+C
2025-07-13 00:44:54,901 - ERROR - 保存剪切板图片失败
Traceback (most recent call last):
  File "main.py", line 22, in save_clipboard_pic
AttributeError: 'list' object has no attribute 'save'
2025-07-13 00:45:49,406 - INFO - 检测到 Ctrl+C
2025-07-13 00:45:49,407 - WARNING - 剪切板中不包含图片
2025-07-13 00:46:07,177 - INFO - 检测到 Ctrl+C
2025-07-13 00:46:07,177 - INFO - 检测到 Ctrl+C
2025-07-13 00:46:07,177 - WARNING - 剪切板中不包含图片
2025-07-13 00:46:07,183 - INFO - 检测到 Ctrl+C
2025-07-13 00:46:07,186 - INFO - 检测到 Ctrl+C
2025-07-13 00:46:07,187 - WARNING - 剪切板中不包含图片
2025-07-13 00:46:07,196 - INFO - 剪切板中的图片已经保存
2025-07-13 00:46:07,199 - INFO - 剪切板中的图片已经保存
2025-07-13 00:46:07,201 - INFO - 剪切板中的图片已经保存
2025-07-13 00:46:07,202 - INFO - OCR识别任务已提交
2025-07-13 00:46:07,203 - INFO - OCR识别任务已提交
2025-07-13 00:46:07,204 - INFO - OCR识别任务已提交
2025-07-13 00:46:07,518 - INFO - 识别成功，img_path: D:\2\WechatOCR\dist\img\~~~ocr.png, result_file: json\~~~ocr.png.json
2025-07-13 00:46:07,519 - INFO - 识别成功，img_path: D:\2\WechatOCR\dist\img\~~~ocr.png, result_file: json\~~~ocr.png.json
2025-07-13 00:46:07,542 - INFO - 识别成功，img_path: D:\2\WechatOCR\dist\img\~~~ocr.png, result_file: json\~~~ocr.png.json
2025-07-13 00:46:08,203 - INFO - 文本已保存到 text_save.txt
2025-07-13 00:46:08,205 - INFO - 文本已保存到 text_save.txt
2025-07-13 00:46:08,205 - INFO - 文本已保存到 text_save.txt
2025-07-13 00:46:08,227 - INFO - 已将文件内容复制到剪贴板。
2025-07-13 00:46:08,237 - INFO - 已将文件内容复制到剪贴板。
2025-07-13 00:46:08,247 - INFO - 已将文件内容复制到剪贴板。
2025-07-13 00:48:00,820 - INFO - 检测到 Ctrl+C
2025-07-13 00:48:00,821 - WARNING - 剪切板中不包含图片
2025-07-13 00:48:00,860 - INFO - 检测到 Ctrl+C
2025-07-13 00:48:00,860 - WARNING - 剪切板中不包含图片
2025-07-13 00:48:00,874 - INFO - 检测到 Ctrl+C
2025-07-13 00:48:00,874 - INFO - 检测到 Ctrl+C
2025-07-13 00:48:00,874 - WARNING - 剪切板中不包含图片
2025-07-13 00:48:00,874 - WARNING - 剪切板中不包含图片
2025-07-13 00:48:00,920 - INFO - 检测到 Ctrl+C
2025-07-13 00:48:00,920 - WARNING - 剪切板中不包含图片
2025-07-13 00:48:08,772 - INFO - OCR 服务已启动
2025-07-13 00:48:19,793 - INFO - 检测到 Ctrl+C
2025-07-13 00:48:19,793 - WARNING - 剪切板中不包含图片
2025-07-13 00:48:19,808 - INFO - 剪切板中的图片已经保存
2025-07-13 00:48:19,811 - INFO - OCR识别任务已提交
2025-07-13 00:48:19,816 - INFO - 检测到 Ctrl+C
2025-07-13 00:48:19,832 - INFO - 检测到 Ctrl+C
2025-07-13 00:48:19,834 - INFO - 剪切板中的图片已经保存
2025-07-13 00:48:19,835 - INFO - OCR识别任务已提交
2025-07-13 00:48:19,837 - INFO - 剪切板中的图片已经保存
2025-07-13 00:48:19,838 - INFO - OCR识别任务已提交
2025-07-13 00:48:19,845 - INFO - 检测到 Ctrl+C
2025-07-13 00:48:19,847 - WARNING - 剪切板中不包含图片
2025-07-13 00:48:19,857 - INFO - 剪切板中的图片已经保存
2025-07-13 00:48:19,858 - INFO - OCR识别任务已提交
2025-07-13 00:48:20,050 - INFO - 识别成功，img_path: D:\2\WechatOCR\dist\img\~~~ocr.png, result_file: json\~~~ocr.png.json
2025-07-13 00:48:20,051 - INFO - 识别成功，img_path: D:\2\WechatOCR\dist\img\~~~ocr.png, result_file: json\~~~ocr.png.json
2025-07-13 00:48:20,068 - INFO - 识别成功，img_path: D:\2\WechatOCR\dist\img\~~~ocr.png, result_file: json\~~~ocr.png.json
2025-07-13 00:48:20,071 - INFO - 识别成功，img_path: D:\2\WechatOCR\dist\img\~~~ocr.png, result_file: json\~~~ocr.png.json
2025-07-13 00:48:20,812 - INFO - 文本已保存到 text_save.txt
2025-07-13 00:48:20,834 - INFO - 已将文件内容复制到剪贴板。
2025-07-13 00:48:20,836 - INFO - 文本已保存到 text_save.txt
2025-07-13 00:48:20,839 - INFO - 文本已保存到 text_save.txt
2025-07-13 00:48:20,859 - INFO - 文本已保存到 text_save.txt
2025-07-13 00:48:20,876 - INFO - 已将文件内容复制到剪贴板。
2025-07-13 00:48:20,888 - INFO - 已将文件内容复制到剪贴板。
2025-07-13 00:48:20,919 - INFO - 已将文件内容复制到剪贴板。
2025-07-13 00:50:36,360 - INFO - 检测到 Ctrl+C
2025-07-13 00:50:36,360 - WARNING - 剪切板中不包含图片
2025-07-13 00:50:36,373 - INFO - 检测到 Ctrl+C
2025-07-13 00:50:36,382 - ERROR - 保存剪切板图片失败
Traceback (most recent call last):
  File "main.py", line 22, in save_clipboard_pic
AttributeError: 'list' object has no attribute 'save'
2025-07-13 00:50:36,398 - INFO - 检测到 Ctrl+C
2025-07-13 00:50:36,398 - INFO - 检测到 Ctrl+C
2025-07-13 00:50:36,398 - WARNING - 剪切板中不包含图片
2025-07-13 00:50:36,429 - INFO - 检测到 Ctrl+C
2025-07-13 00:50:36,430 - INFO - 检测到 Ctrl+C
2025-07-13 00:50:36,431 - ERROR - 保存剪切板图片失败
Traceback (most recent call last):
  File "main.py", line 22, in save_clipboard_pic
AttributeError: 'list' object has no attribute 'save'
2025-07-13 00:50:36,445 - ERROR - 保存剪切板图片失败
Traceback (most recent call last):
  File "main.py", line 22, in save_clipboard_pic
AttributeError: 'list' object has no attribute 'save'
2025-07-13 00:50:36,472 - ERROR - 保存剪切板图片失败
Traceback (most recent call last):
  File "main.py", line 22, in save_clipboard_pic
AttributeError: 'list' object has no attribute 'save'
2025-07-13 00:53:10,323 - INFO - 检测到 Ctrl+C
2025-07-13 00:53:10,325 - WARNING - 剪切板中不包含图片
2025-07-13 00:53:10,325 - WARNING - 剪切板中不包含图片
2025-07-13 00:53:10,346 - INFO - 检测到 Ctrl+C
2025-07-13 00:53:10,347 - WARNING - 剪切板中不包含图片
2025-07-13 00:53:10,347 - WARNING - 剪切板中不包含图片
2025-07-13 00:53:10,347 - WARNING - 剪切板中不包含图片
2025-07-13 00:53:10,375 - INFO - 检测到 Ctrl+C
2025-07-13 00:53:10,378 - WARNING - 剪切板中不包含图片
2025-07-13 00:54:05,522 - INFO - 检测到 Ctrl+C
2025-07-13 00:54:05,523 - WARNING - 剪切板中不包含图片
2025-07-13 00:54:05,524 - WARNING - 剪切板中不包含图片
2025-07-13 00:54:05,542 - INFO - 检测到 Ctrl+C
2025-07-13 00:54:05,542 - WARNING - 剪切板中不包含图片
2025-07-13 00:54:05,542 - WARNING - 剪切板中不包含图片
2025-07-13 00:54:05,543 - WARNING - 剪切板中不包含图片
2025-07-13 00:54:05,581 - INFO - 检测到 Ctrl+C
2025-07-13 00:54:05,581 - WARNING - 剪切板中不包含图片
2025-07-13 00:54:16,057 - INFO - 检测到 Ctrl+C
2025-07-13 00:54:16,057 - WARNING - 剪切板中不包含图片
2025-07-13 00:54:16,060 - INFO - 检测到 Ctrl+C
2025-07-13 00:54:16,062 - WARNING - 剪切板中不包含图片
2025-07-13 00:54:16,076 - INFO - 检测到 Ctrl+C
2025-07-13 00:54:16,076 - WARNING - 剪切板中不包含图片
2025-07-13 00:54:16,078 - WARNING - 剪切板中不包含图片
2025-07-13 00:54:16,078 - INFO - 检测到 Ctrl+C
2025-07-13 00:54:16,078 - WARNING - 剪切板中不包含图片
2025-07-13 00:54:16,118 - INFO - 检测到 Ctrl+C
2025-07-13 00:54:16,118 - WARNING - 剪切板中不包含图片
2025-07-13 00:55:04,787 - INFO - 检测到 Ctrl+C
2025-07-13 00:55:04,823 - INFO - 检测到 Ctrl+C
2025-07-13 00:55:04,824 - WARNING - 剪切板中不包含图片
2025-07-13 00:55:04,828 - INFO - 检测到 Ctrl+C
2025-07-13 00:55:04,829 - WARNING - 剪切板中不包含图片
2025-07-13 00:55:04,849 - INFO - 检测到 Ctrl+C
2025-07-13 00:55:04,850 - WARNING - 剪切板中不包含图片
2025-07-13 00:55:04,851 - INFO - 检测到 Ctrl+C
2025-07-13 00:55:04,851 - INFO - 检测到 Ctrl+C
2025-07-13 00:55:04,851 - WARNING - 剪切板中不包含图片
2025-07-13 00:55:04,851 - WARNING - 剪切板中不包含图片
2025-07-13 00:55:05,289 - WARNING - 剪切板中不包含图片
2025-07-13 00:55:20,896 - INFO - 检测到 Ctrl+C
2025-07-13 00:55:20,896 - INFO - 检测到 Ctrl+C
2025-07-13 00:55:20,896 - WARNING - 剪切板中不包含图片
2025-07-13 00:55:20,896 - WARNING - 剪切板中不包含图片
2025-07-13 00:55:20,905 - INFO - 检测到 Ctrl+C
2025-07-13 00:55:20,905 - WARNING - 剪切板中不包含图片
2025-07-13 00:55:20,906 - INFO - 检测到 Ctrl+C
2025-07-13 00:55:20,906 - INFO - 检测到 Ctrl+C
2025-07-13 00:55:20,906 - WARNING - 剪切板中不包含图片
2025-07-13 00:55:20,906 - WARNING - 剪切板中不包含图片
2025-07-13 00:55:20,938 - INFO - 检测到 Ctrl+C
2025-07-13 00:55:20,938 - WARNING - 剪切板中不包含图片
2025-07-13 00:56:09,945 - INFO - 检测到 Ctrl+C
2025-07-13 00:56:09,949 - WARNING - 剪切板中不包含图片
2025-07-13 00:56:10,010 - INFO - 检测到 Ctrl+C
2025-07-13 00:56:10,010 - WARNING - 剪切板中不包含图片
2025-07-13 00:56:10,010 - WARNING - 剪切板中不包含图片
2025-07-13 00:56:10,010 - WARNING - 剪切板中不包含图片
2025-07-13 00:56:10,010 - WARNING - 剪切板中不包含图片
2025-07-13 00:56:10,018 - INFO - 检测到 Ctrl+C
2025-07-13 00:56:10,020 - WARNING - 剪切板中不包含图片
2025-07-13 00:56:16,439 - INFO - 检测到 Ctrl+C
2025-07-13 00:56:16,439 - INFO - 检测到 Ctrl+C
2025-07-13 00:56:16,439 - WARNING - 剪切板中不包含图片
2025-07-13 00:56:16,439 - WARNING - 剪切板中不包含图片
2025-07-13 00:56:16,439 - WARNING - 剪切板中不包含图片
2025-07-13 00:56:16,442 - WARNING - 剪切板中不包含图片
2025-07-13 00:56:16,446 - INFO - 检测到 Ctrl+C
2025-07-13 00:56:16,449 - WARNING - 剪切板中不包含图片
2025-07-13 00:56:16,474 - INFO - 检测到 Ctrl+C
2025-07-13 00:56:16,475 - WARNING - 剪切板中不包含图片
2025-07-13 00:56:34,012 - INFO - 检测到 Ctrl+C
2025-07-13 00:56:34,040 - INFO - 检测到 Ctrl+C
2025-07-13 00:56:34,040 - WARNING - 剪切板中不包含图片
2025-07-13 00:56:34,104 - INFO - 检测到 Ctrl+C
2025-07-13 00:56:34,104 - WARNING - 剪切板中不包含图片
2025-07-13 00:56:34,104 - WARNING - 剪切板中不包含图片
2025-07-13 00:56:34,108 - INFO - 检测到 Ctrl+C
2025-07-13 00:56:34,108 - WARNING - 剪切板中不包含图片
2025-07-13 00:56:34,513 - WARNING - 剪切板中不包含图片
2025-07-13 00:56:54,498 - INFO - 检测到 Ctrl+C
2025-07-13 00:56:54,498 - WARNING - 剪切板中不包含图片
2025-07-13 00:56:54,499 - WARNING - 剪切板中不包含图片
2025-07-13 00:56:54,511 - INFO - 检测到 Ctrl+C
2025-07-13 00:56:54,512 - WARNING - 剪切板中不包含图片
2025-07-13 00:56:54,577 - INFO - 检测到 Ctrl+C
2025-07-13 00:56:54,577 - INFO - 检测到 Ctrl+C
2025-07-13 00:56:54,577 - WARNING - 剪切板中不包含图片
2025-07-13 00:56:54,577 - WARNING - 剪切板中不包含图片
2025-07-13 00:56:54,577 - WARNING - 剪切板中不包含图片
2025-07-13 00:59:08,486 - INFO - 检测到 Ctrl+C
2025-07-13 00:59:08,486 - INFO - 检测到 Ctrl+C
2025-07-13 00:59:08,486 - WARNING - 剪切板中不包含图片
2025-07-13 00:59:08,486 - WARNING - 剪切板中不包含图片
2025-07-13 00:59:08,486 - WARNING - 剪切板中不包含图片
2025-07-13 00:59:08,535 - INFO - 检测到 Ctrl+C
2025-07-13 00:59:08,535 - INFO - 检测到 Ctrl+C
2025-07-13 00:59:08,535 - WARNING - 剪切板中不包含图片
2025-07-13 00:59:08,535 - WARNING - 剪切板中不包含图片
2025-07-13 01:00:49,425 - INFO - 检测到 Ctrl+C
2025-07-13 01:00:49,429 - WARNING - 剪切板中不包含图片
2025-07-13 01:00:49,447 - INFO - 检测到 Ctrl+C
2025-07-13 01:00:49,448 - WARNING - 剪切板中不包含图片
2025-07-13 01:00:49,476 - INFO - 检测到 Ctrl+C
2025-07-13 01:00:49,476 - INFO - 检测到 Ctrl+C
2025-07-13 01:00:49,476 - WARNING - 剪切板中不包含图片
2025-07-13 01:00:49,476 - WARNING - 剪切板中不包含图片
2025-07-13 01:00:49,476 - WARNING - 剪切板中不包含图片
2025-07-13 01:00:49,500 - INFO - 检测到 Ctrl+C
2025-07-13 01:00:49,500 - WARNING - 剪切板中不包含图片
2025-07-13 01:01:09,616 - INFO - 检测到 Ctrl+C
2025-07-13 01:01:09,616 - WARNING - 剪切板中不包含图片
2025-07-13 01:04:26,604 - INFO - 检测到 Ctrl+C
2025-07-13 01:04:26,604 - WARNING - 剪切板中不包含图片
2025-07-13 01:04:26,642 - INFO - 检测到 Ctrl+C
2025-07-13 01:04:26,642 - INFO - 检测到 Ctrl+C
2025-07-13 01:04:26,642 - WARNING - 剪切板中不包含图片
2025-07-13 01:04:26,642 - WARNING - 剪切板中不包含图片
2025-07-13 01:04:26,644 - WARNING - 剪切板中不包含图片
2025-07-13 01:04:26,662 - INFO - 检测到 Ctrl+C
2025-07-13 01:04:26,662 - WARNING - 剪切板中不包含图片
2025-07-13 01:04:37,482 - INFO - 检测到 Ctrl+C
2025-07-13 01:04:37,483 - WARNING - 剪切板中不包含图片
2025-07-13 01:04:37,484 - INFO - 检测到 Ctrl+C
2025-07-13 01:04:37,484 - WARNING - 剪切板中不包含图片
2025-07-13 01:04:37,485 - WARNING - 剪切板中不包含图片
2025-07-13 01:04:37,501 - INFO - 检测到 Ctrl+C
2025-07-13 01:04:37,502 - WARNING - 剪切板中不包含图片
2025-07-13 01:04:37,542 - INFO - 检测到 Ctrl+C
2025-07-13 01:04:37,542 - WARNING - 剪切板中不包含图片
2025-07-13 01:04:37,544 - INFO - 检测到 Ctrl+C
2025-07-13 01:04:37,545 - WARNING - 剪切板中不包含图片
2025-07-13 01:07:25,996 - INFO - 检测到 Ctrl+C
2025-07-13 01:07:25,996 - INFO - 检测到 Ctrl+C
2025-07-13 01:07:25,996 - WARNING - 剪切板中不包含图片
2025-07-13 01:07:25,996 - WARNING - 剪切板中不包含图片
2025-07-13 01:07:26,025 - INFO - 检测到 Ctrl+C
2025-07-13 01:07:26,025 - WARNING - 剪切板中不包含图片
2025-07-13 01:07:26,025 - WARNING - 剪切板中不包含图片
2025-07-13 01:07:26,025 - WARNING - 剪切板中不包含图片
2025-07-13 01:07:26,061 - INFO - 检测到 Ctrl+C
2025-07-13 01:07:26,061 - WARNING - 剪切板中不包含图片
2025-07-13 01:09:59,946 - INFO - 检测到 Ctrl+C
2025-07-13 01:09:59,949 - WARNING - 剪切板中不包含图片
2025-07-13 01:09:59,964 - INFO - 检测到 Ctrl+C
2025-07-13 01:09:59,965 - WARNING - 剪切板中不包含图片
2025-07-13 01:10:00,007 - INFO - 检测到 Ctrl+C
2025-07-13 01:10:00,007 - INFO - 检测到 Ctrl+C
2025-07-13 01:10:00,007 - WARNING - 剪切板中不包含图片
2025-07-13 01:10:00,007 - WARNING - 剪切板中不包含图片
2025-07-13 01:10:00,007 - WARNING - 剪切板中不包含图片
2025-07-13 01:10:00,029 - INFO - 检测到 Ctrl+C
2025-07-13 01:10:00,029 - WARNING - 剪切板中不包含图片
2025-07-13 01:10:17,925 - INFO - 检测到 Ctrl+C
2025-07-13 01:10:17,925 - WARNING - 剪切板中不包含图片
2025-07-13 01:10:17,968 - INFO - 检测到 Ctrl+C
2025-07-13 01:10:17,968 - WARNING - 剪切板中不包含图片
2025-07-13 01:10:17,970 - INFO - 检测到 Ctrl+C
2025-07-13 01:10:17,970 - INFO - 检测到 Ctrl+C
2025-07-13 01:10:17,970 - WARNING - 剪切板中不包含图片
2025-07-13 01:10:17,970 - WARNING - 剪切板中不包含图片
2025-07-13 01:10:17,993 - INFO - 检测到 Ctrl+C
2025-07-13 01:10:17,993 - WARNING - 剪切板中不包含图片
2025-07-13 01:10:18,013 - INFO - 检测到 Ctrl+C
2025-07-13 01:10:18,013 - WARNING - 剪切板中不包含图片
2025-07-13 01:11:49,621 - INFO - 检测到 Ctrl+C
2025-07-13 01:11:49,621 - WARNING - 剪切板中不包含图片
2025-07-13 01:12:55,370 - INFO - 检测到 Ctrl+C
2025-07-13 01:12:55,370 - WARNING - 剪切板中不包含图片
2025-07-13 01:12:59,167 - INFO - 检测到 Ctrl+C
2025-07-13 01:12:59,168 - INFO - 检测到 Ctrl+C
2025-07-13 01:12:59,168 - WARNING - 剪切板中不包含图片
2025-07-13 01:12:59,168 - WARNING - 剪切板中不包含图片
2025-07-13 01:12:59,181 - INFO - 检测到 Ctrl+C
2025-07-13 01:12:59,183 - WARNING - 剪切板中不包含图片
2025-07-13 01:12:59,228 - INFO - 检测到 Ctrl+C
2025-07-13 01:12:59,228 - WARNING - 剪切板中不包含图片
2025-07-13 01:12:59,229 - WARNING - 剪切板中不包含图片
2025-07-13 01:12:59,266 - INFO - 检测到 Ctrl+C
2025-07-13 01:12:59,266 - WARNING - 剪切板中不包含图片
2025-07-13 01:14:02,437 - INFO - 检测到 Ctrl+C
2025-07-13 01:14:02,437 - WARNING - 剪切板中不包含图片
2025-07-13 01:14:02,438 - WARNING - 剪切板中不包含图片
2025-07-13 01:14:02,487 - INFO - 检测到 Ctrl+C
2025-07-13 01:14:02,487 - WARNING - 剪切板中不包含图片
2025-07-13 01:14:02,487 - WARNING - 剪切板中不包含图片
2025-07-13 01:14:02,488 - WARNING - 剪切板中不包含图片
2025-07-13 01:14:02,489 - INFO - 检测到 Ctrl+C
2025-07-13 01:14:02,489 - WARNING - 剪切板中不包含图片
2025-07-13 01:14:15,784 - INFO - 检测到 Ctrl+C
2025-07-13 01:14:15,785 - WARNING - 剪切板中不包含图片
2025-07-13 01:14:15,786 - INFO - 检测到 Ctrl+C
2025-07-13 01:14:15,789 - WARNING - 剪切板中不包含图片
2025-07-13 01:14:15,831 - INFO - 检测到 Ctrl+C
2025-07-13 01:14:15,831 - WARNING - 剪切板中不包含图片
2025-07-13 01:14:15,832 - WARNING - 剪切板中不包含图片
2025-07-13 01:14:15,838 - INFO - 检测到 Ctrl+C
2025-07-13 01:14:15,838 - WARNING - 剪切板中不包含图片
2025-07-13 01:15:07,505 - INFO - 检测到 Ctrl+C
2025-07-13 01:15:07,505 - INFO - 检测到 Ctrl+C
2025-07-13 01:15:07,505 - WARNING - 剪切板中不包含图片
2025-07-13 01:15:07,505 - WARNING - 剪切板中不包含图片
2025-07-13 01:15:07,507 - WARNING - 剪切板中不包含图片
2025-07-13 01:15:07,512 - INFO - 检测到 Ctrl+C
2025-07-13 01:15:07,513 - WARNING - 剪切板中不包含图片
2025-07-13 01:15:07,566 - INFO - 检测到 Ctrl+C
2025-07-13 01:15:07,566 - WARNING - 剪切板中不包含图片
2025-07-13 01:15:07,567 - WARNING - 剪切板中不包含图片
2025-07-13 01:18:04,780 - INFO - 检测到 Ctrl+C
2025-07-13 01:18:04,780 - INFO - 检测到 Ctrl+C
2025-07-13 01:18:04,780 - WARNING - 剪切板中不包含图片
2025-07-13 01:18:04,780 - WARNING - 剪切板中不包含图片
2025-07-13 01:18:04,780 - WARNING - 剪切板中不包含图片
2025-07-13 01:18:04,781 - WARNING - 剪切板中不包含图片
2025-07-13 01:18:04,803 - INFO - 检测到 Ctrl+C
2025-07-13 01:18:04,804 - WARNING - 剪切板中不包含图片
2025-07-13 01:18:04,836 - INFO - 检测到 Ctrl+C
2025-07-13 01:18:04,836 - WARNING - 剪切板中不包含图片
2025-07-13 01:18:53,377 - INFO - 检测到 Ctrl+C
2025-07-13 01:18:53,400 - INFO - 检测到 Ctrl+C
2025-07-13 01:18:53,402 - WARNING - 剪切板中不包含图片
2025-07-13 01:18:53,449 - INFO - 检测到 Ctrl+C
2025-07-13 01:18:53,449 - INFO - 检测到 Ctrl+C
2025-07-13 01:18:53,449 - INFO - 检测到 Ctrl+C
2025-07-13 01:18:53,449 - WARNING - 剪切板中不包含图片
2025-07-13 01:18:53,449 - WARNING - 剪切板中不包含图片
2025-07-13 01:18:53,449 - WARNING - 剪切板中不包含图片
2025-07-13 01:18:53,453 - INFO - 检测到 Ctrl+C
2025-07-13 01:18:53,454 - WARNING - 剪切板中不包含图片
2025-07-13 01:18:53,879 - WARNING - 剪切板中不包含图片
2025-07-13 01:19:18,442 - INFO - 检测到 Ctrl+C
2025-07-13 01:19:18,443 - WARNING - 剪切板中不包含图片
2025-07-13 01:21:16,236 - INFO - 检测到 Ctrl+C
2025-07-13 01:21:16,237 - WARNING - 剪切板中不包含图片
2025-07-13 01:21:16,276 - INFO - 检测到 Ctrl+C
2025-07-13 01:21:16,276 - INFO - 检测到 Ctrl+C
2025-07-13 01:21:16,276 - WARNING - 剪切板中不包含图片
2025-07-13 01:21:16,276 - WARNING - 剪切板中不包含图片
2025-07-13 01:21:16,276 - WARNING - 剪切板中不包含图片
2025-07-13 01:21:16,277 - WARNING - 剪切板中不包含图片
2025-07-13 01:21:16,282 - INFO - 检测到 Ctrl+C
2025-07-13 01:21:16,282 - WARNING - 剪切板中不包含图片
2025-07-13 01:22:15,040 - INFO - 检测到 Ctrl+C
2025-07-13 01:22:15,041 - WARNING - 剪切板中不包含图片
2025-07-13 01:22:15,077 - INFO - 检测到 Ctrl+C
2025-07-13 01:22:15,078 - INFO - 检测到 Ctrl+C
2025-07-13 01:22:15,078 - WARNING - 剪切板中不包含图片
2025-07-13 01:22:15,078 - WARNING - 剪切板中不包含图片
2025-07-13 01:22:15,078 - WARNING - 剪切板中不包含图片
2025-07-13 01:22:15,078 - WARNING - 剪切板中不包含图片
2025-07-13 01:22:15,079 - WARNING - 剪切板中不包含图片
2025-07-13 01:22:25,073 - INFO - 检测到 Ctrl+C
2025-07-13 01:22:25,073 - WARNING - 剪切板中不包含图片
2025-07-13 01:22:25,112 - INFO - 检测到 Ctrl+C
2025-07-13 01:22:25,112 - INFO - 检测到 Ctrl+C
2025-07-13 01:22:25,112 - INFO - 检测到 Ctrl+C
2025-07-13 01:22:25,112 - WARNING - 剪切板中不包含图片
2025-07-13 01:22:25,112 - WARNING - 剪切板中不包含图片
2025-07-13 01:22:25,113 - WARNING - 剪切板中不包含图片
2025-07-13 01:22:25,113 - WARNING - 剪切板中不包含图片
2025-07-13 01:22:25,113 - WARNING - 剪切板中不包含图片
2025-07-13 23:48:08,042 - INFO - OCR 服务已启动
2025-07-13 23:48:13,161 - INFO - 检测到 Ctrl+C
2025-07-13 23:48:13,161 - WARNING - 剪切板中不包含图片
2025-07-13 23:48:22,491 - INFO - 检测到 Ctrl+C
2025-07-13 23:48:22,491 - WARNING - 剪切板中不包含图片
2025-07-13 23:49:58,916 - INFO - 检测到 Ctrl+C
2025-07-13 23:49:58,916 - WARNING - 剪切板中不包含图片
2025-07-13 23:52:54,426 - INFO - 检测到 Ctrl+C
2025-07-13 23:52:54,427 - WARNING - 剪切板中不包含图片
2025-07-13 23:53:41,896 - INFO - 检测到 Ctrl+C
2025-07-13 23:53:41,896 - WARNING - 剪切板中不包含图片
2025-07-13 23:55:30,325 - INFO - 检测到 Ctrl+C
2025-07-13 23:55:30,325 - WARNING - 剪切板中不包含图片
2025-07-13 23:57:06,221 - INFO - 检测到 Ctrl+C
2025-07-13 23:57:06,221 - WARNING - 剪切板中不包含图片
2025-07-13 23:58:30,755 - INFO - 检测到 Ctrl+C
2025-07-13 23:58:30,756 - WARNING - 剪切板中不包含图片
2025-07-14 00:00:09,726 - INFO - 检测到 Ctrl+C
2025-07-14 00:00:09,726 - WARNING - 剪切板中不包含图片
2025-07-14 00:01:39,849 - INFO - 检测到 Ctrl+C
2025-07-14 00:01:39,849 - WARNING - 剪切板中不包含图片
2025-07-14 00:02:10,374 - INFO - 检测到 Ctrl+C
2025-07-14 00:02:10,374 - WARNING - 剪切板中不包含图片
2025-07-14 00:02:35,740 - INFO - 检测到 Ctrl+C
2025-07-14 00:02:35,740 - WARNING - 剪切板中不包含图片
2025-07-14 00:04:19,209 - INFO - 检测到 Ctrl+C
2025-07-14 00:04:19,209 - WARNING - 剪切板中不包含图片
2025-07-14 00:07:11,183 - INFO - 检测到 Ctrl+C
2025-07-14 00:07:11,183 - WARNING - 剪切板中不包含图片
2025-07-14 00:08:32,286 - INFO - 检测到 Ctrl+C
2025-07-14 00:08:32,286 - WARNING - 剪切板中不包含图片
2025-07-14 00:08:37,098 - INFO - 检测到 Ctrl+C
2025-07-14 00:08:37,098 - WARNING - 剪切板中不包含图片
2025-07-14 00:09:20,710 - INFO - 检测到 Ctrl+C
2025-07-14 00:09:21,211 - WARNING - 剪切板中不包含图片
2025-07-14 00:09:23,316 - INFO - 检测到 Ctrl+C
2025-07-14 00:09:23,316 - WARNING - 剪切板中不包含图片
2025-07-14 00:09:52,484 - INFO - 检测到 Ctrl+C
2025-07-14 00:09:52,484 - WARNING - 剪切板中不包含图片
2025-07-14 00:10:06,222 - INFO - 检测到 Ctrl+C
2025-07-14 00:10:06,222 - WARNING - 剪切板中不包含图片
2025-07-14 00:10:07,425 - INFO - 检测到 Ctrl+C
2025-07-14 00:10:07,425 - WARNING - 剪切板中不包含图片
2025-07-14 00:10:09,128 - INFO - 检测到 Ctrl+C
2025-07-14 00:10:09,128 - WARNING - 剪切板中不包含图片
2025-07-14 00:10:12,136 - INFO - 检测到 Ctrl+C
2025-07-14 00:10:12,137 - WARNING - 剪切板中不包含图片
2025-07-14 00:10:16,249 - INFO - 检测到 Ctrl+C
2025-07-14 00:10:16,249 - WARNING - 剪切板中不包含图片
2025-07-14 00:10:54,339 - INFO - 检测到 Ctrl+C
2025-07-14 00:10:54,841 - WARNING - 剪切板中不包含图片
2025-07-14 00:15:42,435 - INFO - 检测到 Ctrl+C
2025-07-14 00:15:42,435 - WARNING - 剪切板中不包含图片
2025-07-14 00:17:51,267 - INFO - 检测到 Ctrl+C
2025-07-14 00:17:51,269 - WARNING - 剪切板中不包含图片
2025-07-14 00:18:00,190 - INFO - 检测到 Ctrl+C
2025-07-14 00:18:00,190 - WARNING - 剪切板中不包含图片
2025-07-14 00:21:22,262 - INFO - 检测到 Ctrl+C
2025-07-14 00:21:22,262 - WARNING - 剪切板中不包含图片
2025-07-14 00:21:25,973 - INFO - 检测到 Ctrl+C
2025-07-14 00:21:25,973 - WARNING - 剪切板中不包含图片
2025-07-14 00:25:55,011 - INFO - 检测到 Ctrl+C
2025-07-14 00:25:55,016 - ERROR - 保存剪切板图片失败
Traceback (most recent call last):
  File "main.py", line 22, in save_clipboard_pic
AttributeError: 'list' object has no attribute 'save'
2025-07-14 00:36:39,070 - INFO - 检测到 Ctrl+C
2025-07-14 00:36:39,070 - WARNING - 剪切板中不包含图片
2025-07-14 00:49:14,737 - INFO - 检测到 Ctrl+C
2025-07-14 00:49:15,240 - WARNING - 剪切板中不包含图片
2025-07-14 00:49:22,791 - INFO - 检测到 Ctrl+C
2025-07-14 00:49:22,791 - WARNING - 剪切板中不包含图片
2025-07-14 00:50:01,304 - INFO - 检测到 Ctrl+C
2025-07-14 00:50:01,304 - WARNING - 剪切板中不包含图片
2025-07-14 00:55:23,533 - INFO - 检测到 Ctrl+C
2025-07-14 00:55:23,533 - WARNING - 剪切板中不包含图片
2025-07-14 00:55:42,384 - INFO - 检测到 Ctrl+C
2025-07-14 00:55:42,384 - WARNING - 剪切板中不包含图片
2025-07-14 00:59:31,723 - INFO - 检测到 Ctrl+C
2025-07-14 00:59:31,724 - WARNING - 剪切板中不包含图片
2025-07-14 00:59:48,768 - INFO - 检测到 Ctrl+C
2025-07-14 00:59:48,768 - WARNING - 剪切板中不包含图片
2025-07-14 00:59:54,682 - INFO - 检测到 Ctrl+C
2025-07-14 00:59:54,683 - WARNING - 剪切板中不包含图片
2025-07-14 01:04:20,537 - INFO - 检测到 Ctrl+C
2025-07-14 01:04:20,537 - WARNING - 剪切板中不包含图片
2025-07-14 01:05:24,804 - INFO - 检测到 Ctrl+C
2025-07-14 01:05:24,804 - WARNING - 剪切板中不包含图片
2025-07-14 01:10:16,658 - INFO - 检测到 Ctrl+C
2025-07-14 01:10:16,658 - WARNING - 剪切板中不包含图片
2025-07-14 01:14:06,036 - INFO - 检测到 Ctrl+C
2025-07-14 01:14:06,036 - WARNING - 剪切板中不包含图片
2025-07-14 01:14:11,752 - INFO - 检测到 Ctrl+C
2025-07-14 01:14:11,752 - WARNING - 剪切板中不包含图片
2025-07-14 01:15:01,186 - INFO - 检测到 Ctrl+C
2025-07-14 01:15:01,186 - WARNING - 剪切板中不包含图片
2025-07-14 01:16:57,693 - INFO - 检测到 Ctrl+C
2025-07-14 01:16:57,694 - WARNING - 剪切板中不包含图片
2025-07-14 01:20:46,816 - INFO - 检测到 Ctrl+C
2025-07-14 01:20:46,816 - WARNING - 剪切板中不包含图片
2025-07-14 01:21:15,793 - INFO - 检测到 Ctrl+C
2025-07-14 01:21:15,794 - WARNING - 剪切板中不包含图片
2025-07-14 01:22:03,120 - INFO - 检测到 Ctrl+C
2025-07-14 01:22:03,124 - WARNING - 剪切板中不包含图片
2025-07-14 01:22:49,584 - INFO - 检测到 Ctrl+C
2025-07-14 01:22:49,584 - WARNING - 剪切板中不包含图片
2025-07-14 01:26:02,517 - INFO - 检测到 Ctrl+C
2025-07-14 01:26:02,517 - WARNING - 剪切板中不包含图片
2025-07-14 01:31:20,576 - INFO - 检测到 Ctrl+C
2025-07-14 01:31:20,576 - WARNING - 剪切板中不包含图片
2025-07-14 01:36:20,857 - INFO - 检测到 Ctrl+C
2025-07-14 01:36:20,858 - WARNING - 剪切板中不包含图片
2025-07-14 01:39:29,413 - INFO - 检测到 Ctrl+C
2025-07-14 01:39:29,414 - WARNING - 剪切板中不包含图片
2025-07-14 01:39:49,565 - INFO - 检测到 Ctrl+C
2025-07-14 01:39:49,565 - WARNING - 剪切板中不包含图片
2025-07-14 01:40:28,063 - INFO - 检测到 Ctrl+C
2025-07-14 01:40:28,064 - WARNING - 剪切板中不包含图片
2025-07-14 01:40:38,790 - INFO - 检测到 Ctrl+C
2025-07-14 01:40:38,790 - WARNING - 剪切板中不包含图片
2025-07-14 01:44:54,782 - INFO - 检测到 Ctrl+C
2025-07-14 01:44:54,783 - WARNING - 剪切板中不包含图片
2025-07-14 01:48:33,788 - INFO - 检测到 Ctrl+C
2025-07-14 01:48:33,788 - WARNING - 剪切板中不包含图片
2025-07-14 01:52:14,665 - INFO - 检测到 Ctrl+C
2025-07-14 01:52:14,666 - WARNING - 剪切板中不包含图片
2025-07-14 01:52:32,714 - INFO - 检测到 Ctrl+C
2025-07-14 01:52:32,715 - WARNING - 剪切板中不包含图片
2025-07-14 01:52:55,482 - INFO - 检测到 Ctrl+C
2025-07-14 01:52:55,482 - WARNING - 剪切板中不包含图片
2025-07-14 23:52:29,387 - INFO - OCR 服务已启动
2025-07-14 23:52:32,097 - INFO - 检测到 Ctrl+C
2025-07-14 23:52:32,098 - WARNING - 剪切板中不包含图片
2025-07-14 23:52:34,706 - INFO - 检测到 Ctrl+C
2025-07-14 23:52:34,718 - INFO - 剪切板中的图片已经保存
2025-07-14 23:52:34,718 - INFO - OCR识别任务已提交
2025-07-14 23:52:34,774 - INFO - 识别成功，img_path: D:\2\WechatOCR\dist\img\~~~ocr.png, result_file: json\~~~ocr.png.json
2025-07-14 23:52:35,719 - INFO - 文本已保存到 text_save.txt
2025-07-14 23:52:35,761 - INFO - 已将文件内容复制到剪贴板。
2025-07-14 23:53:05,463 - INFO - 检测到 Ctrl+C
2025-07-14 23:53:05,465 - INFO - 剪切板中的图片已经保存
2025-07-14 23:53:05,466 - INFO - OCR识别任务已提交
2025-07-14 23:53:05,513 - INFO - 识别成功，img_path: D:\2\WechatOCR\dist\img\~~~ocr.png, result_file: json\~~~ocr.png.json
2025-07-14 23:53:06,466 - INFO - 文本已保存到 text_save.txt
2025-07-14 23:53:06,481 - INFO - 已将文件内容复制到剪贴板。
2025-07-14 23:53:30,670 - INFO - 检测到 Ctrl+C
2025-07-14 23:53:30,673 - INFO - 剪切板中的图片已经保存
2025-07-14 23:53:30,673 - INFO - OCR识别任务已提交
2025-07-14 23:53:30,726 - INFO - 识别成功，img_path: D:\2\WechatOCR\dist\img\~~~ocr.png, result_file: json\~~~ocr.png.json
2025-07-14 23:53:31,674 - INFO - 文本已保存到 text_save.txt
2025-07-14 23:53:31,688 - INFO - 已将文件内容复制到剪贴板。
2025-07-14 23:53:51,059 - INFO - 检测到 Ctrl+C
2025-07-14 23:53:51,059 - WARNING - 剪切板中不包含图片
2025-07-14 23:55:57,499 - INFO - 检测到 Ctrl+C
2025-07-14 23:55:57,499 - WARNING - 剪切板中不包含图片
2025-07-14 23:57:04,262 - INFO - 检测到 Ctrl+C
2025-07-14 23:57:04,262 - WARNING - 剪切板中不包含图片
2025-07-14 23:57:11,285 - INFO - 检测到 Ctrl+C
2025-07-14 23:57:11,285 - WARNING - 剪切板中不包含图片
2025-07-14 23:57:15,097 - INFO - 检测到 Ctrl+C
2025-07-14 23:57:15,097 - WARNING - 剪切板中不包含图片
2025-07-14 23:57:31,450 - INFO - 检测到 Ctrl+C
2025-07-14 23:57:31,450 - WARNING - 剪切板中不包含图片
2025-07-14 23:58:34,358 - INFO - 检测到 Ctrl+C
2025-07-14 23:58:34,686 - WARNING - 剪切板中不包含图片
2025-07-14 23:59:41,962 - INFO - 检测到 Ctrl+C
2025-07-14 23:59:42,025 - WARNING - 剪切板中不包含图片
2025-07-15 00:09:03,366 - INFO - 检测到 Ctrl+C
2025-07-15 00:09:03,366 - WARNING - 剪切板中不包含图片
2025-07-15 00:10:19,013 - INFO - 检测到 Ctrl+C
2025-07-15 00:10:19,013 - WARNING - 剪切板中不包含图片
2025-07-15 00:10:29,048 - INFO - 检测到 Ctrl+C
2025-07-15 00:10:29,048 - WARNING - 剪切板中不包含图片
2025-07-15 00:10:52,526 - INFO - 检测到 Ctrl+C
2025-07-15 00:10:52,526 - WARNING - 剪切板中不包含图片
2025-07-15 00:13:04,636 - INFO - 检测到 Ctrl+C
2025-07-15 00:13:04,636 - WARNING - 剪切板中不包含图片
2025-07-15 00:15:48,399 - INFO - 检测到 Ctrl+C
2025-07-15 00:15:48,399 - WARNING - 剪切板中不包含图片
2025-07-15 00:19:06,406 - INFO - 检测到 Ctrl+C
2025-07-15 00:19:06,407 - ERROR - 保存剪切板图片失败
Traceback (most recent call last):
  File "main.py", line 22, in save_clipboard_pic
AttributeError: 'list' object has no attribute 'save'
2025-07-15 23:28:32,710 - INFO - OCR 服务已启动
2025-07-15 23:28:41,441 - INFO - 检测到 Ctrl+C
2025-07-15 23:28:41,453 - INFO - 剪切板中的图片已经保存
2025-07-15 23:28:41,454 - INFO - OCR识别任务已提交
2025-07-15 23:28:41,548 - INFO - 识别成功，img_path: D:\2\WechatOCR\dist\img\~~~ocr.png, result_file: json\~~~ocr.png.json
2025-07-15 23:28:42,454 - INFO - 文本已保存到 text_save.txt
2025-07-15 23:28:42,495 - INFO - 已将文件内容复制到剪贴板。
2025-07-15 23:29:33,476 - INFO - 检测到 Ctrl+C
2025-07-15 23:29:33,478 - INFO - 剪切板中的图片已经保存
2025-07-15 23:29:33,478 - INFO - OCR识别任务已提交
2025-07-15 23:29:33,558 - INFO - 识别成功，img_path: D:\2\WechatOCR\dist\img\~~~ocr.png, result_file: json\~~~ocr.png.json
2025-07-15 23:29:34,479 - INFO - 文本已保存到 text_save.txt
2025-07-15 23:29:34,488 - INFO - 已将文件内容复制到剪贴板。
2025-07-15 23:30:12,420 - INFO - 检测到 Ctrl+C
2025-07-15 23:30:12,921 - INFO - 剪切板中的图片已经保存
2025-07-15 23:30:12,922 - INFO - OCR识别任务已提交
2025-07-15 23:30:12,981 - INFO - 识别成功，img_path: D:\2\WechatOCR\dist\img\~~~ocr.png, result_file: json\~~~ocr.png.json
2025-07-15 23:30:13,922 - INFO - 文本已保存到 text_save.txt
2025-07-15 23:30:13,932 - INFO - 已将文件内容复制到剪贴板。
2025-07-15 23:30:40,023 - INFO - 检测到 Ctrl+C
2025-07-15 23:30:40,027 - INFO - 剪切板中的图片已经保存
2025-07-15 23:30:40,027 - INFO - OCR识别任务已提交
2025-07-15 23:30:40,098 - INFO - 识别成功，img_path: D:\2\WechatOCR\dist\img\~~~ocr.png, result_file: json\~~~ocr.png.json
2025-07-15 23:30:41,028 - INFO - 文本已保存到 text_save.txt
2025-07-15 23:30:41,041 - INFO - 已将文件内容复制到剪贴板。
2025-07-15 23:31:33,280 - INFO - 检测到 Ctrl+C
2025-07-15 23:31:33,282 - INFO - 剪切板中的图片已经保存
2025-07-15 23:31:33,282 - INFO - OCR识别任务已提交
2025-07-15 23:31:33,368 - INFO - 识别成功，img_path: D:\2\WechatOCR\dist\img\~~~ocr.png, result_file: json\~~~ocr.png.json
2025-07-15 23:31:34,284 - INFO - 文本已保存到 text_save.txt
2025-07-15 23:31:34,296 - INFO - 已将文件内容复制到剪贴板。
2025-07-15 23:31:54,357 - INFO - 检测到 Ctrl+C
2025-07-15 23:31:54,358 - INFO - 剪切板中的图片已经保存
2025-07-15 23:31:54,358 - INFO - OCR识别任务已提交
2025-07-15 23:31:54,426 - INFO - 识别成功，img_path: D:\2\WechatOCR\dist\img\~~~ocr.png, result_file: json\~~~ocr.png.json
2025-07-15 23:31:55,359 - INFO - 文本已保存到 text_save.txt
2025-07-15 23:31:55,373 - INFO - 已将文件内容复制到剪贴板。
2025-07-15 23:32:07,807 - INFO - 检测到 Ctrl+C
2025-07-15 23:32:07,809 - INFO - 剪切板中的图片已经保存
2025-07-15 23:32:07,809 - INFO - OCR识别任务已提交
2025-07-15 23:32:07,874 - INFO - 识别成功，img_path: D:\2\WechatOCR\dist\img\~~~ocr.png, result_file: json\~~~ocr.png.json
2025-07-15 23:32:08,810 - INFO - 文本已保存到 text_save.txt
2025-07-15 23:32:08,820 - INFO - 已将文件内容复制到剪贴板。
2025-07-15 23:32:15,738 - INFO - 检测到 Ctrl+C
2025-07-15 23:32:15,739 - INFO - 剪切板中的图片已经保存
2025-07-15 23:32:15,739 - INFO - OCR识别任务已提交
2025-07-15 23:32:15,800 - INFO - 识别成功，img_path: D:\2\WechatOCR\dist\img\~~~ocr.png, result_file: json\~~~ocr.png.json
2025-07-15 23:32:16,740 - INFO - 文本已保存到 text_save.txt
2025-07-15 23:32:16,753 - INFO - 已将文件内容复制到剪贴板。
2025-07-15 23:32:26,684 - INFO - 检测到 Ctrl+C
2025-07-15 23:32:26,685 - INFO - 剪切板中的图片已经保存
2025-07-15 23:32:26,686 - INFO - OCR识别任务已提交
2025-07-15 23:32:26,739 - INFO - 识别成功，img_path: D:\2\WechatOCR\dist\img\~~~ocr.png, result_file: json\~~~ocr.png.json
2025-07-15 23:32:27,687 - INFO - 文本已保存到 text_save.txt
2025-07-15 23:32:27,699 - INFO - 已将文件内容复制到剪贴板。
2025-07-15 23:35:01,772 - INFO - 检测到 Ctrl+C
2025-07-15 23:35:01,772 - WARNING - 剪切板中不包含图片
2025-07-15 23:37:06,070 - INFO - 检测到 Ctrl+C
2025-07-15 23:37:06,070 - WARNING - 剪切板中不包含图片
2025-07-15 23:37:15,602 - INFO - 检测到 Ctrl+C
2025-07-15 23:37:16,103 - WARNING - 剪切板中不包含图片
2025-07-15 23:37:56,449 - INFO - 检测到 Ctrl+C
2025-07-15 23:37:56,449 - WARNING - 剪切板中不包含图片
2025-07-15 23:38:18,133 - INFO - 检测到 Ctrl+C
2025-07-15 23:38:18,133 - WARNING - 剪切板中不包含图片
2025-07-15 23:38:24,153 - INFO - 检测到 Ctrl+C
2025-07-15 23:38:24,153 - WARNING - 剪切板中不包含图片
2025-07-15 23:41:48,722 - INFO - 检测到 Ctrl+C
2025-07-15 23:41:48,722 - WARNING - 剪切板中不包含图片
2025-07-15 23:42:03,574 - INFO - 检测到 Ctrl+C
2025-07-15 23:42:03,574 - WARNING - 剪切板中不包含图片
2025-07-15 23:42:39,011 - INFO - 检测到 Ctrl+C
2025-07-15 23:42:39,011 - WARNING - 剪切板中不包含图片
2025-07-15 23:44:11,299 - INFO - 检测到 Ctrl+C
2025-07-15 23:44:11,299 - WARNING - 剪切板中不包含图片
2025-07-15 23:45:08,753 - INFO - 检测到 Ctrl+C
2025-07-15 23:45:08,753 - WARNING - 剪切板中不包含图片
2025-07-15 23:45:26,623 - INFO - 检测到 Ctrl+C
2025-07-15 23:45:26,628 - INFO - 剪切板中的图片已经保存
2025-07-15 23:45:26,628 - INFO - OCR识别任务已提交
2025-07-15 23:45:26,684 - INFO - 识别成功，img_path: D:\2\WechatOCR\dist\img\~~~ocr.png, result_file: json\~~~ocr.png.json
2025-07-15 23:45:27,628 - INFO - 文本已保存到 text_save.txt
2025-07-15 23:45:27,638 - INFO - 已将文件内容复制到剪贴板。
2025-07-15 23:45:45,008 - INFO - 检测到 Ctrl+C
2025-07-15 23:45:45,009 - INFO - 剪切板中的图片已经保存
2025-07-15 23:45:45,010 - INFO - OCR识别任务已提交
2025-07-15 23:45:45,064 - INFO - 识别成功，img_path: D:\2\WechatOCR\dist\img\~~~ocr.png, result_file: json\~~~ocr.png.json
2025-07-15 23:45:46,010 - INFO - 文本已保存到 text_save.txt
2025-07-15 23:45:46,027 - INFO - 已将文件内容复制到剪贴板。
2025-07-15 23:46:04,699 - INFO - 检测到 Ctrl+C
2025-07-15 23:46:04,700 - INFO - 剪切板中的图片已经保存
2025-07-15 23:46:04,701 - INFO - OCR识别任务已提交
2025-07-15 23:46:04,754 - INFO - 识别成功，img_path: D:\2\WechatOCR\dist\img\~~~ocr.png, result_file: json\~~~ocr.png.json
2025-07-15 23:46:05,701 - INFO - 文本已保存到 text_save.txt
2025-07-15 23:46:05,716 - INFO - 已将文件内容复制到剪贴板。
2025-07-15 23:46:35,953 - INFO - 检测到 Ctrl+C
2025-07-15 23:46:35,953 - WARNING - 剪切板中不包含图片
2025-07-15 23:52:20,375 - INFO - 检测到 Ctrl+C
2025-07-15 23:52:20,375 - WARNING - 剪切板中不包含图片
2025-07-15 23:52:38,233 - INFO - 检测到 Ctrl+C
2025-07-15 23:52:38,233 - WARNING - 剪切板中不包含图片
2025-07-15 23:53:03,616 - INFO - 检测到 Ctrl+C
2025-07-15 23:53:03,617 - WARNING - 剪切板中不包含图片
2025-07-15 23:53:53,714 - INFO - 检测到 Ctrl+C
2025-07-15 23:53:53,715 - WARNING - 剪切板中不包含图片
2025-07-15 23:54:17,103 - INFO - 检测到 Ctrl+C
2025-07-15 23:54:17,103 - WARNING - 剪切板中不包含图片
2025-07-15 23:54:51,024 - INFO - 检测到 Ctrl+C
2025-07-15 23:54:51,024 - WARNING - 剪切板中不包含图片
2025-07-15 23:54:53,932 - INFO - 检测到 Ctrl+C
2025-07-15 23:54:54,433 - WARNING - 剪切板中不包含图片
2025-07-15 23:55:06,776 - INFO - 检测到 Ctrl+C
2025-07-15 23:55:06,776 - WARNING - 剪切板中不包含图片
2025-07-15 23:55:08,381 - INFO - 检测到 Ctrl+C
2025-07-15 23:55:08,381 - WARNING - 剪切板中不包含图片
2025-07-15 23:55:14,500 - INFO - 检测到 Ctrl+C
2025-07-15 23:55:14,500 - WARNING - 剪切板中不包含图片
2025-07-15 23:55:17,710 - INFO - 检测到 Ctrl+C
2025-07-15 23:55:17,711 - WARNING - 剪切板中不包含图片
2025-07-15 23:55:44,278 - INFO - OCR 服务已启动
2025-07-15 23:55:46,747 - INFO - 检测到 Ctrl+C
2025-07-15 23:55:46,748 - INFO - 剪切板中的图片已经保存
2025-07-15 23:55:46,748 - INFO - OCR识别任务已提交
2025-07-15 23:55:46,833 - INFO - 识别成功，img_path: D:\2\WechatOCR\dist\img\~~~ocr.png, result_file: json\~~~ocr.png.json
2025-07-15 23:55:47,748 - INFO - 文本已保存到 text_save.txt
2025-07-15 23:55:47,760 - INFO - 已将文件内容复制到剪贴板。
2025-07-15 23:56:04,018 - INFO - 检测到 Ctrl+C
2025-07-15 23:56:04,021 - ERROR - 保存剪切板图片失败
Traceback (most recent call last):
  File "main.py", line 22, in save_clipboard_pic
AttributeError: 'list' object has no attribute 'save'
2025-07-15 23:56:31,710 - INFO - 检测到 Ctrl+C
2025-07-15 23:56:31,710 - WARNING - 剪切板中不包含图片
2025-07-15 23:56:31,747 - INFO - 检测到 Ctrl+C
2025-07-15 23:56:31,747 - WARNING - 剪切板中不包含图片
2025-07-15 23:57:16,825 - INFO - 检测到 Ctrl+C
2025-07-15 23:57:16,825 - WARNING - 剪切板中不包含图片
2025-07-15 23:57:16,864 - INFO - 检测到 Ctrl+C
2025-07-15 23:57:16,864 - WARNING - 剪切板中不包含图片
2025-07-15 23:57:54,423 - INFO - 检测到 Ctrl+C
2025-07-15 23:57:54,423 - WARNING - 剪切板中不包含图片
2025-07-15 23:57:54,458 - INFO - 检测到 Ctrl+C
2025-07-15 23:57:54,458 - WARNING - 剪切板中不包含图片
2025-07-15 23:59:16,770 - INFO - 检测到 Ctrl+C
2025-07-15 23:59:16,771 - WARNING - 剪切板中不包含图片
2025-07-15 23:59:16,818 - INFO - 检测到 Ctrl+C
2025-07-15 23:59:16,818 - WARNING - 剪切板中不包含图片
2025-07-15 23:59:40,175 - INFO - 检测到 Ctrl+C
2025-07-15 23:59:40,175 - WARNING - 剪切板中不包含图片
2025-07-15 23:59:40,228 - INFO - 检测到 Ctrl+C
2025-07-15 23:59:40,228 - WARNING - 剪切板中不包含图片
2025-07-16 00:01:05,782 - INFO - 检测到 Ctrl+C
2025-07-16 00:01:05,782 - WARNING - 剪切板中不包含图片
2025-07-16 00:02:51,499 - INFO - 检测到 Ctrl+C
2025-07-16 00:02:51,499 - WARNING - 剪切板中不包含图片
2025-07-16 00:02:51,549 - INFO - 检测到 Ctrl+C
2025-07-16 00:02:51,549 - WARNING - 剪切板中不包含图片
2025-07-16 00:07:42,769 - INFO - 检测到 Ctrl+C
2025-07-16 00:07:42,769 - WARNING - 剪切板中不包含图片
2025-07-16 00:07:42,814 - INFO - 检测到 Ctrl+C
2025-07-16 00:07:42,814 - WARNING - 剪切板中不包含图片
2025-07-16 00:09:35,247 - INFO - 检测到 Ctrl+C
2025-07-16 00:09:35,247 - WARNING - 剪切板中不包含图片
2025-07-16 00:09:35,278 - INFO - 检测到 Ctrl+C
2025-07-16 00:09:35,278 - WARNING - 剪切板中不包含图片
2025-07-16 00:09:53,498 - INFO - 检测到 Ctrl+C
2025-07-16 00:09:53,499 - WARNING - 剪切板中不包含图片
2025-07-16 00:09:53,525 - INFO - 检测到 Ctrl+C
2025-07-16 00:09:53,525 - WARNING - 剪切板中不包含图片
2025-07-16 00:09:57,909 - INFO - 检测到 Ctrl+C
2025-07-16 00:09:57,909 - WARNING - 剪切板中不包含图片
2025-07-16 00:09:57,935 - INFO - 检测到 Ctrl+C
2025-07-16 00:09:57,935 - WARNING - 剪切板中不包含图片
2025-07-16 00:10:17,760 - INFO - 检测到 Ctrl+C
2025-07-16 00:10:17,760 - WARNING - 剪切板中不包含图片
2025-07-16 00:10:17,787 - INFO - 检测到 Ctrl+C
2025-07-16 00:10:17,788 - WARNING - 剪切板中不包含图片
2025-07-16 00:10:23,275 - INFO - 检测到 Ctrl+C
2025-07-16 00:10:23,275 - WARNING - 剪切板中不包含图片
2025-07-16 00:10:23,301 - INFO - 检测到 Ctrl+C
2025-07-16 00:10:23,301 - WARNING - 剪切板中不包含图片
2025-07-16 00:11:41,766 - INFO - 检测到 Ctrl+C
2025-07-16 00:11:41,766 - WARNING - 剪切板中不包含图片
2025-07-16 00:11:41,783 - INFO - 检测到 Ctrl+C
2025-07-16 00:11:41,783 - WARNING - 剪切板中不包含图片
2025-07-16 00:11:55,217 - INFO - 检测到 Ctrl+C
2025-07-16 00:11:55,217 - WARNING - 剪切板中不包含图片
2025-07-16 00:11:55,297 - INFO - 检测到 Ctrl+C
2025-07-16 00:11:55,297 - WARNING - 剪切板中不包含图片
2025-07-16 00:13:20,701 - INFO - 检测到 Ctrl+C
2025-07-16 00:13:20,701 - WARNING - 剪切板中不包含图片
2025-07-16 00:13:20,731 - INFO - 检测到 Ctrl+C
2025-07-16 00:13:20,731 - WARNING - 剪切板中不包含图片
2025-07-16 00:13:25,744 - INFO - 检测到 Ctrl+C
2025-07-16 00:13:25,744 - WARNING - 剪切板中不包含图片
2025-07-16 00:13:25,815 - INFO - 检测到 Ctrl+C
2025-07-16 00:13:25,815 - WARNING - 剪切板中不包含图片
2025-07-16 00:14:23,257 - INFO - 检测到 Ctrl+C
2025-07-16 00:14:23,282 - INFO - 检测到 Ctrl+C
2025-07-16 00:14:23,284 - INFO - 剪切板中的图片已经保存
2025-07-16 00:14:23,284 - INFO - OCR识别任务已提交
2025-07-16 00:14:23,296 - INFO - 剪切板中的图片已经保存
2025-07-16 00:14:23,296 - INFO - OCR识别任务已提交
2025-07-16 00:14:23,598 - INFO - 识别成功，img_path: D:\2\WechatOCR\dist\img\~~~ocr.png, result_file: json\~~~ocr.png.json
2025-07-16 00:14:23,607 - INFO - 识别成功，img_path: D:\2\WechatOCR\dist\img\~~~ocr.png, result_file: json\~~~ocr.png.json
2025-07-16 00:14:24,285 - INFO - 文本已保存到 text_save.txt
2025-07-16 00:14:24,297 - INFO - 文本已保存到 text_save.txt
2025-07-16 00:14:24,307 - INFO - 已将文件内容复制到剪贴板。
2025-07-16 00:14:24,335 - INFO - 已将文件内容复制到剪贴板。
2025-07-16 00:16:53,101 - INFO - 检测到 Ctrl+C
2025-07-16 00:16:53,110 - INFO - 剪切板中的图片已经保存
2025-07-16 00:16:53,111 - INFO - OCR识别任务已提交
2025-07-16 00:16:53,169 - INFO - 检测到 Ctrl+C
2025-07-16 00:16:53,178 - INFO - 剪切板中的图片已经保存
2025-07-16 00:16:53,178 - INFO - OCR识别任务已提交
2025-07-16 00:16:53,279 - INFO - 识别成功，img_path: D:\2\WechatOCR\dist\img\~~~ocr.png, result_file: json\~~~ocr.png.json
2025-07-16 00:16:53,340 - INFO - 识别成功，img_path: D:\2\WechatOCR\dist\img\~~~ocr.png, result_file: json\~~~ocr.png.json
2025-07-16 00:16:54,112 - INFO - 文本已保存到 text_save.txt
2025-07-16 00:16:54,125 - INFO - 已将文件内容复制到剪贴板。
2025-07-16 00:16:54,179 - INFO - 文本已保存到 text_save.txt
2025-07-16 00:16:54,194 - INFO - 已将文件内容复制到剪贴板。
2025-07-16 00:19:04,789 - INFO - 检测到 Ctrl+C
2025-07-16 00:19:04,789 - WARNING - 剪切板中不包含图片
2025-07-16 00:19:04,819 - INFO - 检测到 Ctrl+C
2025-07-16 00:19:04,819 - WARNING - 剪切板中不包含图片
2025-07-16 00:19:45,499 - INFO - 检测到 Ctrl+C
2025-07-16 00:19:45,499 - WARNING - 剪切板中不包含图片
2025-07-16 00:19:57,026 - INFO - 检测到 Ctrl+C
2025-07-16 00:19:57,027 - WARNING - 剪切板中不包含图片
2025-07-16 00:19:57,055 - INFO - 检测到 Ctrl+C
2025-07-16 00:19:57,559 - WARNING - 剪切板中不包含图片
2025-07-16 00:20:19,377 - INFO - 检测到 Ctrl+C
2025-07-16 00:20:19,377 - WARNING - 剪切板中不包含图片
2025-07-16 00:20:19,408 - INFO - 检测到 Ctrl+C
2025-07-16 00:20:19,916 - WARNING - 剪切板中不包含图片
2025-07-16 00:20:31,143 - INFO - 检测到 Ctrl+C
2025-07-16 00:20:31,144 - WARNING - 剪切板中不包含图片
2025-07-16 00:20:31,208 - INFO - 检测到 Ctrl+C
2025-07-16 00:20:31,208 - WARNING - 剪切板中不包含图片
2025-07-16 00:21:18,322 - INFO - 检测到 Ctrl+C
2025-07-16 00:21:18,322 - WARNING - 剪切板中不包含图片
2025-07-16 00:23:04,535 - INFO - 检测到 Ctrl+C
2025-07-16 00:23:04,535 - INFO - 检测到 Ctrl+C
2025-07-16 00:23:05,044 - WARNING - 剪切板中不包含图片
2025-07-16 00:23:05,044 - WARNING - 剪切板中不包含图片
2025-07-16 00:34:36,797 - INFO - 检测到 Ctrl+C
2025-07-16 00:34:36,797 - WARNING - 剪切板中不包含图片
2025-07-16 00:34:36,797 - INFO - 检测到 Ctrl+C
2025-07-16 00:34:36,797 - WARNING - 剪切板中不包含图片
2025-07-16 00:38:36,916 - INFO - 检测到 Ctrl+C
2025-07-16 00:38:36,917 - INFO - 检测到 Ctrl+C
2025-07-16 00:38:36,917 - WARNING - 剪切板中不包含图片
2025-07-16 00:38:36,918 - WARNING - 剪切板中不包含图片
2025-07-16 00:42:07,292 - INFO - 检测到 Ctrl+C
2025-07-16 00:42:07,292 - WARNING - 剪切板中不包含图片
2025-07-16 00:42:07,297 - INFO - 检测到 Ctrl+C
2025-07-16 00:42:07,297 - WARNING - 剪切板中不包含图片
2025-07-16 00:42:25,734 - INFO - 检测到 Ctrl+C
2025-07-16 00:42:25,734 - WARNING - 剪切板中不包含图片
2025-07-16 00:42:25,740 - INFO - 检测到 Ctrl+C
2025-07-16 00:42:25,740 - WARNING - 剪切板中不包含图片
2025-07-16 21:40:33,101 - INFO - OCR 服务已启动
2025-07-16 21:40:40,731 - INFO - 检测到 Ctrl+C
2025-07-16 21:40:40,731 - WARNING - 剪切板中不包含图片
2025-07-16 21:40:51,567 - INFO - 检测到 Ctrl+C
2025-07-16 21:40:51,580 - INFO - 剪切板中的图片已经保存
2025-07-16 21:40:51,580 - INFO - OCR识别任务已提交
2025-07-16 21:40:51,655 - INFO - 识别成功，img_path: D:\2\WechatOCR\dist\img\~~~ocr.png, result_file: json\~~~ocr.png.json
2025-07-16 21:40:52,581 - INFO - 文本已保存到 text_save.txt
2025-07-16 21:40:52,632 - INFO - 已将文件内容复制到剪贴板。
2025-07-16 21:40:54,568 - INFO - OCR 服务已启动
2025-07-16 21:40:57,450 - INFO - 检测到 Ctrl+C
2025-07-16 21:40:57,455 - INFO - 剪切板中的图片已经保存
2025-07-16 21:40:57,455 - INFO - OCR识别任务已提交
2025-07-16 21:40:57,480 - INFO - 检测到 Ctrl+C
2025-07-16 21:40:57,503 - INFO - 剪切板中的图片已经保存
2025-07-16 21:40:57,504 - INFO - OCR识别任务已提交
2025-07-16 21:40:57,512 - INFO - 识别成功，img_path: D:\2\WechatOCR\dist\img\~~~ocr.png, result_file: json\~~~ocr.png.json
2025-07-16 21:40:57,560 - INFO - 识别成功，img_path: D:\2\WechatOCR\dist\img\~~~ocr.png, result_file: json\~~~ocr.png.json
2025-07-16 21:40:58,456 - INFO - 文本已保存到 text_save.txt
2025-07-16 21:40:58,466 - INFO - 已将文件内容复制到剪贴板。
2025-07-16 21:40:58,505 - INFO - 文本已保存到 text_save.txt
2025-07-16 21:40:58,540 - INFO - 已将文件内容复制到剪贴板。
2025-07-16 21:41:00,422 - INFO - OCR 服务已启动
2025-07-16 21:41:03,231 - INFO - 检测到 Ctrl+C
2025-07-16 21:41:03,243 - INFO - 剪切板中的图片已经保存
2025-07-16 21:41:03,244 - INFO - OCR识别任务已提交
2025-07-16 21:41:03,256 - INFO - 检测到 Ctrl+C
2025-07-16 21:41:03,258 - INFO - 剪切板中的图片已经保存
2025-07-16 21:41:03,258 - INFO - OCR识别任务已提交
2025-07-16 21:41:03,279 - INFO - 检测到 Ctrl+C
2025-07-16 21:41:03,281 - INFO - 剪切板中的图片已经保存
2025-07-16 21:41:03,281 - INFO - OCR识别任务已提交
2025-07-16 21:41:03,308 - INFO - 识别成功，img_path: D:\2\WechatOCR\dist\img\~~~ocr.png, result_file: json\~~~ocr.png.json
2025-07-16 21:41:03,321 - INFO - 识别成功，img_path: D:\2\WechatOCR\dist\img\~~~ocr.png, result_file: json\~~~ocr.png.json
2025-07-16 21:41:03,339 - INFO - 识别成功，img_path: D:\2\WechatOCR\dist\img\~~~ocr.png, result_file: json\~~~ocr.png.json
2025-07-16 21:41:04,245 - INFO - 文本已保存到 text_save.txt
2025-07-16 21:41:04,260 - INFO - 文本已保存到 text_save.txt
2025-07-16 21:41:04,269 - INFO - 已将文件内容复制到剪贴板。
2025-07-16 21:41:04,281 - INFO - 文本已保存到 text_save.txt
2025-07-16 21:41:04,293 - INFO - 已将文件内容复制到剪贴板。
2025-07-16 21:41:04,295 - INFO - 已将文件内容复制到剪贴板。
2025-07-16 21:41:25,553 - INFO - 检测到 Ctrl+C
2025-07-16 21:41:25,554 - INFO - 剪切板中的图片已经保存
2025-07-16 21:41:25,554 - INFO - OCR识别任务已提交
2025-07-16 21:41:25,569 - INFO - 检测到 Ctrl+C
2025-07-16 21:41:25,570 - INFO - 剪切板中的图片已经保存
2025-07-16 21:41:25,570 - INFO - OCR识别任务已提交
2025-07-16 21:41:25,579 - INFO - 检测到 Ctrl+C
2025-07-16 21:41:25,580 - INFO - 剪切板中的图片已经保存
2025-07-16 21:41:25,580 - INFO - OCR识别任务已提交
2025-07-16 21:41:25,614 - INFO - 识别成功，img_path: D:\2\WechatOCR\dist\img\~~~ocr.png, result_file: json\~~~ocr.png.json
2025-07-16 21:41:25,630 - INFO - 识别成功，img_path: D:\2\WechatOCR\dist\img\~~~ocr.png, result_file: json\~~~ocr.png.json
2025-07-16 21:41:25,635 - INFO - 识别成功，img_path: D:\2\WechatOCR\dist\img\~~~ocr.png, result_file: json\~~~ocr.png.json
2025-07-16 21:41:26,555 - INFO - 文本已保存到 text_save.txt
2025-07-16 21:41:26,561 - INFO - 已将文件内容复制到剪贴板。
2025-07-16 21:41:26,571 - INFO - 文本已保存到 text_save.txt
2025-07-16 21:41:26,577 - INFO - 已将文件内容复制到剪贴板。
2025-07-16 21:41:26,581 - INFO - 文本已保存到 text_save.txt
2025-07-16 21:41:26,587 - INFO - 已将文件内容复制到剪贴板。
2025-07-16 21:41:47,584 - INFO - 检测到 Ctrl+C
2025-07-16 21:41:47,585 - INFO - 剪切板中的图片已经保存
2025-07-16 21:41:47,586 - INFO - OCR识别任务已提交
2025-07-16 21:41:47,636 - INFO - 识别成功，img_path: D:\2\WechatOCR\dist\img\~~~ocr.png, result_file: json\~~~ocr.png.json
2025-07-16 21:41:48,586 - INFO - 文本已保存到 text_save.txt
2025-07-16 21:41:48,597 - INFO - 已将文件内容复制到剪贴板。
2025-07-16 21:42:04,918 - INFO - 检测到 Ctrl+C
2025-07-16 21:42:04,918 - INFO - 检测到 Ctrl+C
2025-07-16 21:42:04,918 - WARNING - 剪切板中不包含图片
2025-07-16 21:42:04,919 - INFO - 剪切板中的图片已经保存
2025-07-16 21:42:04,920 - INFO - OCR识别任务已提交
2025-07-16 21:42:04,951 - INFO - 检测到 Ctrl+C
2025-07-16 21:42:04,952 - INFO - 剪切板中的图片已经保存
2025-07-16 21:42:04,953 - INFO - OCR识别任务已提交
2025-07-16 21:42:04,979 - INFO - 识别成功，img_path: D:\2\WechatOCR\dist\img\~~~ocr.png, result_file: json\~~~ocr.png.json
2025-07-16 21:42:05,009 - INFO - 识别成功，img_path: D:\2\WechatOCR\dist\img\~~~ocr.png, result_file: json\~~~ocr.png.json
2025-07-16 21:42:05,921 - INFO - 文本已保存到 text_save.txt
2025-07-16 21:42:05,929 - INFO - 已将文件内容复制到剪贴板。
2025-07-16 21:42:05,953 - INFO - 文本已保存到 text_save.txt
2025-07-16 21:42:05,960 - INFO - 已将文件内容复制到剪贴板。
2025-07-16 21:42:28,262 - INFO - 检测到 Ctrl+C
2025-07-16 21:42:28,263 - INFO - 剪切板中的图片已经保存
2025-07-16 21:42:28,264 - INFO - OCR识别任务已提交
2025-07-16 21:42:28,321 - INFO - 识别成功，img_path: D:\2\WechatOCR\dist\img\~~~ocr.png, result_file: json\~~~ocr.png.json
2025-07-16 21:42:29,264 - INFO - 文本已保存到 text_save.txt
2025-07-16 21:42:29,272 - INFO - 已将文件内容复制到剪贴板。
2025-07-16 21:42:47,485 - INFO - 检测到 Ctrl+C
2025-07-16 21:42:47,485 - INFO - 检测到 Ctrl+C
2025-07-16 21:42:47,485 - WARNING - 剪切板中不包含图片
2025-07-16 21:42:47,486 - INFO - 剪切板中的图片已经保存
2025-07-16 21:42:47,486 - INFO - OCR识别任务已提交
2025-07-16 21:42:47,543 - INFO - 检测到 Ctrl+C
2025-07-16 21:42:47,544 - INFO - 剪切板中的图片已经保存
2025-07-16 21:42:47,545 - INFO - OCR识别任务已提交
2025-07-16 21:42:47,555 - INFO - 识别成功，img_path: D:\2\WechatOCR\dist\img\~~~ocr.png, result_file: json\~~~ocr.png.json
2025-07-16 21:42:47,604 - INFO - 识别成功，img_path: D:\2\WechatOCR\dist\img\~~~ocr.png, result_file: json\~~~ocr.png.json
2025-07-16 21:42:48,487 - INFO - 文本已保存到 text_save.txt
2025-07-16 21:42:48,495 - INFO - 已将文件内容复制到剪贴板。
2025-07-16 21:42:48,546 - INFO - 文本已保存到 text_save.txt
2025-07-16 21:42:48,553 - INFO - 已将文件内容复制到剪贴板。
2025-07-16 21:49:14,019 - INFO - 检测到 Ctrl+C
2025-07-16 21:49:14,019 - WARNING - 剪切板中不包含图片
2025-07-16 21:49:18,234 - INFO - 检测到 Ctrl+C
2025-07-16 21:49:18,234 - INFO - 检测到 Ctrl+C
2025-07-16 21:49:18,235 - WARNING - 剪切板中不包含图片
2025-07-16 21:49:18,236 - INFO - 检测到 Ctrl+C
2025-07-16 21:49:18,237 - INFO - 剪切板中的图片已经保存
2025-07-16 21:49:18,237 - INFO - OCR识别任务已提交
2025-07-16 21:49:18,238 - INFO - 剪切板中的图片已经保存
2025-07-16 21:49:18,238 - INFO - OCR识别任务已提交
2025-07-16 21:49:18,292 - INFO - 识别成功，img_path: D:\2\WechatOCR\dist\img\~~~ocr.png, result_file: json\~~~ocr.png.json
2025-07-16 21:49:19,239 - INFO - 文本已保存到 text_save.txt
2025-07-16 21:49:19,250 - INFO - 已将文件内容复制到剪贴板。
2025-07-16 21:49:40,992 - INFO - 检测到 Ctrl+C
2025-07-16 21:49:40,992 - WARNING - 剪切板中不包含图片
2025-07-16 21:49:40,992 - WARNING - 剪切板中不包含图片
2025-07-16 21:59:07,471 - INFO - 检测到 Esc，准备退出
2025-07-16 21:59:07,471 - INFO - OCR 服务已关闭
2025-07-16 21:59:07,471 - INFO - OCR 服务已关闭
2025-07-16 21:59:07,471 - INFO - 程序退出
2025-07-16 21:59:07,471 - INFO - 程序退出
2025-07-18 00:12:28,606 - INFO - OCR 服务已启动
2025-07-18 00:13:01,687 - INFO - OCR 服务已启动
2025-07-18 00:13:13,723 - INFO - 检测到 Ctrl+C
2025-07-18 00:13:13,747 - INFO - 剪切板中的图片已经保存
2025-07-18 00:13:13,748 - INFO - OCR识别任务已提交
2025-07-18 00:13:13,760 - INFO - 检测到 Ctrl+C
2025-07-18 00:13:13,783 - INFO - 剪切板中的图片已经保存
2025-07-18 00:13:13,784 - INFO - OCR识别任务已提交
2025-07-18 00:13:14,086 - INFO - 识别成功，img_path: D:\2\WechatOCR\dist\img\~~~ocr.png, result_file: json\~~~ocr.png.json
2025-07-18 00:13:14,095 - INFO - 识别成功，img_path: D:\2\WechatOCR\dist\img\~~~ocr.png, result_file: json\~~~ocr.png.json
2025-07-18 00:13:14,749 - INFO - 文本已保存到 text_save.txt
2025-07-18 00:13:14,785 - INFO - 文本已保存到 text_save.txt
2025-07-18 00:13:14,791 - INFO - 已将文件内容复制到剪贴板。
2025-07-18 00:13:14,832 - INFO - 已将文件内容复制到剪贴板。
2025-07-18 00:14:40,789 - INFO - OCR 服务已启动
2025-07-18 00:14:45,667 - INFO - 检测到 Ctrl+C
2025-07-18 00:14:45,677 - INFO - 剪切板中的图片已经保存
2025-07-18 00:14:45,678 - INFO - OCR识别任务已提交
2025-07-18 00:14:45,702 - INFO - 检测到 Ctrl+C
2025-07-18 00:14:45,707 - INFO - 检测到 Ctrl+C
2025-07-18 00:14:45,712 - INFO - 剪切板中的图片已经保存
2025-07-18 00:14:45,713 - INFO - OCR识别任务已提交
2025-07-18 00:14:45,729 - INFO - 剪切板中的图片已经保存
2025-07-18 00:14:45,730 - INFO - OCR识别任务已提交
2025-07-18 00:14:46,024 - INFO - 识别成功，img_path: D:\2\WechatOCR\dist\img\~~~ocr.png, result_file: json\~~~ocr.png.json
2025-07-18 00:14:46,066 - INFO - 识别成功，img_path: D:\2\WechatOCR\dist\img\~~~ocr.png, result_file: json\~~~ocr.png.json
2025-07-18 00:14:46,079 - INFO - 识别成功，img_path: D:\2\WechatOCR\dist\img\~~~ocr.png, result_file: json\~~~ocr.png.json
2025-07-18 00:14:46,679 - INFO - 文本已保存到 text_save.txt
2025-07-18 00:14:46,695 - INFO - 已将文件内容复制到剪贴板。
2025-07-18 00:14:46,714 - INFO - 文本已保存到 text_save.txt
2025-07-18 00:14:46,728 - INFO - 已将文件内容复制到剪贴板。
2025-07-18 00:14:46,731 - INFO - 文本已保存到 text_save.txt
2025-07-18 00:14:46,774 - INFO - 已将文件内容复制到剪贴板。
2025-07-18 00:20:22,783 - INFO - 检测到 Ctrl+C
2025-07-18 00:20:22,784 - WARNING - 剪切板中不包含图片
2025-07-18 00:20:22,825 - INFO - 检测到 Ctrl+C
2025-07-18 00:20:22,825 - WARNING - 剪切板中不包含图片
2025-07-18 00:20:22,854 - INFO - 检测到 Ctrl+C
2025-07-18 00:20:22,854 - WARNING - 剪切板中不包含图片
2025-07-18 00:21:08,297 - INFO - 检测到 Ctrl+C
2025-07-18 00:21:08,297 - WARNING - 剪切板中不包含图片
2025-07-18 00:21:08,297 - WARNING - 剪切板中不包含图片
2025-07-18 00:21:08,331 - INFO - 检测到 Ctrl+C
2025-07-18 00:21:08,331 - WARNING - 剪切板中不包含图片
2025-07-18 00:21:34,678 - INFO - 检测到 Ctrl+C
2025-07-18 00:21:34,678 - WARNING - 剪切板中不包含图片
2025-07-18 00:21:34,678 - WARNING - 剪切板中不包含图片
2025-07-18 00:21:34,715 - INFO - 检测到 Ctrl+C
2025-07-18 00:21:34,716 - WARNING - 剪切板中不包含图片
2025-07-18 00:21:57,448 - INFO - 检测到 Ctrl+C
2025-07-18 00:21:57,448 - INFO - 检测到 Ctrl+C
2025-07-18 00:21:57,448 - WARNING - 剪切板中不包含图片
2025-07-18 00:21:57,448 - WARNING - 剪切板中不包含图片
2025-07-18 00:21:57,487 - INFO - 检测到 Ctrl+C
2025-07-18 00:21:57,487 - WARNING - 剪切板中不包含图片
2025-07-18 00:22:47,605 - INFO - 检测到 Ctrl+C
2025-07-18 00:22:47,629 - INFO - 检测到 Ctrl+C
2025-07-18 00:22:47,630 - WARNING - 剪切板中不包含图片
2025-07-18 00:22:47,658 - INFO - 检测到 Ctrl+C
2025-07-18 00:22:47,658 - WARNING - 剪切板中不包含图片
2025-07-18 00:22:48,120 - WARNING - 剪切板中不包含图片
2025-07-18 00:24:59,654 - INFO - 检测到 Ctrl+C
2025-07-18 00:24:59,654 - INFO - 检测到 Ctrl+C
2025-07-18 00:24:59,669 - INFO - 检测到 Ctrl+C
2025-07-18 00:24:59,670 - WARNING - 剪切板中不包含图片
2025-07-18 00:25:00,170 - WARNING - 剪切板中不包含图片
2025-07-18 00:25:00,170 - WARNING - 剪切板中不包含图片
2025-07-18 00:25:19,129 - INFO - 检测到 Ctrl+C
2025-07-18 00:25:19,129 - WARNING - 剪切板中不包含图片
2025-07-18 00:25:19,129 - WARNING - 剪切板中不包含图片
2025-07-18 00:25:19,129 - WARNING - 剪切板中不包含图片
2025-07-18 00:25:48,522 - INFO - 检测到 Ctrl+C
2025-07-18 00:25:48,522 - WARNING - 剪切板中不包含图片
2025-07-18 00:27:03,553 - INFO - 检测到 Ctrl+C
2025-07-18 00:27:03,553 - WARNING - 剪切板中不包含图片
2025-07-18 00:31:15,639 - INFO - 检测到 Ctrl+C
2025-07-18 00:31:15,639 - WARNING - 剪切板中不包含图片
2025-07-18 00:31:15,640 - WARNING - 剪切板中不包含图片
2025-07-18 00:31:15,651 - INFO - 检测到 Ctrl+C
2025-07-18 00:31:15,653 - WARNING - 剪切板中不包含图片
2025-07-18 00:31:38,104 - INFO - 检测到 Ctrl+C
2025-07-18 00:31:38,122 - INFO - 检测到 Ctrl+C
2025-07-18 00:31:38,611 - WARNING - 剪切板中不包含图片
2025-07-18 00:31:38,613 - WARNING - 剪切板中不包含图片
2025-07-18 00:31:38,628 - WARNING - 剪切板中不包含图片
2025-07-18 00:32:18,336 - INFO - 检测到 Ctrl+C
2025-07-18 00:32:18,337 - WARNING - 剪切板中不包含图片
2025-07-18 00:33:08,618 - INFO - 检测到 Ctrl+C
2025-07-18 00:33:08,618 - WARNING - 剪切板中不包含图片
2025-07-18 00:33:08,693 - INFO - 检测到 Ctrl+C
2025-07-18 00:33:08,693 - WARNING - 剪切板中不包含图片
2025-07-18 00:33:08,693 - WARNING - 剪切板中不包含图片
2025-07-18 00:33:37,622 - INFO - 检测到 Ctrl+C
2025-07-18 00:33:37,623 - WARNING - 剪切板中不包含图片
2025-07-18 00:33:38,196 - INFO - 检测到 Ctrl+C
2025-07-18 00:33:38,196 - WARNING - 剪切板中不包含图片
2025-07-18 00:33:38,625 - INFO - 检测到 Ctrl+C
2025-07-18 00:33:39,136 - WARNING - 剪切板中不包含图片
2025-07-18 00:33:51,537 - INFO - 检测到 Ctrl+C
2025-07-18 00:33:51,537 - WARNING - 剪切板中不包含图片
2025-07-18 00:33:51,539 - INFO - 检测到 Ctrl+C
2025-07-18 00:33:51,540 - WARNING - 剪切板中不包含图片
2025-07-18 00:33:51,575 - INFO - 检测到 Ctrl+C
2025-07-18 00:33:51,575 - WARNING - 剪切板中不包含图片
2025-07-18 00:34:48,652 - INFO - 检测到 Ctrl+C
2025-07-18 00:34:48,652 - WARNING - 剪切板中不包含图片
2025-07-18 00:36:09,159 - INFO - 检测到 Ctrl+C
2025-07-18 00:36:09,159 - WARNING - 剪切板中不包含图片
2025-07-18 00:36:23,202 - INFO - 检测到 Ctrl+C
2025-07-18 00:36:23,203 - WARNING - 剪切板中不包含图片
2025-07-18 00:36:23,204 - WARNING - 剪切板中不包含图片
2025-07-18 00:36:23,251 - INFO - 检测到 Ctrl+C
2025-07-18 00:36:23,251 - WARNING - 剪切板中不包含图片
2025-07-18 00:36:53,748 - INFO - 检测到 Ctrl+C
2025-07-18 00:36:53,748 - WARNING - 剪切板中不包含图片
2025-07-18 00:36:53,798 - INFO - 检测到 Ctrl+C
2025-07-18 00:36:53,798 - WARNING - 剪切板中不包含图片
2025-07-18 00:36:53,801 - INFO - 检测到 Ctrl+C
2025-07-18 00:36:53,801 - WARNING - 剪切板中不包含图片
2025-07-18 00:42:04,866 - INFO - 检测到 Ctrl+C
2025-07-18 00:42:04,866 - WARNING - 剪切板中不包含图片
2025-07-18 00:44:11,854 - INFO - 检测到 Ctrl+C
2025-07-18 00:44:11,854 - WARNING - 剪切板中不包含图片
2025-07-18 00:44:11,855 - WARNING - 剪切板中不包含图片
2025-07-18 00:44:11,879 - INFO - 检测到 Ctrl+C
2025-07-18 00:44:11,880 - WARNING - 剪切板中不包含图片
2025-07-18 00:46:17,238 - INFO - 检测到 Ctrl+C
2025-07-18 00:46:17,238 - WARNING - 剪切板中不包含图片
2025-07-18 00:48:30,149 - INFO - 检测到 Ctrl+C
2025-07-18 00:48:30,149 - WARNING - 剪切板中不包含图片
2025-07-18 00:48:30,151 - INFO - 检测到 Ctrl+C
2025-07-18 00:48:30,151 - WARNING - 剪切板中不包含图片
2025-07-18 00:48:30,178 - INFO - 检测到 Ctrl+C
2025-07-18 00:48:30,182 - WARNING - 剪切板中不包含图片
2025-07-18 00:48:44,928 - INFO - 检测到 Ctrl+C
2025-07-18 00:48:44,928 - WARNING - 剪切板中不包含图片
2025-07-18 00:48:44,998 - INFO - 检测到 Ctrl+C
2025-07-18 00:48:44,998 - WARNING - 剪切板中不包含图片
2025-07-18 00:48:44,998 - WARNING - 剪切板中不包含图片
2025-07-18 00:49:27,762 - INFO - 检测到 Ctrl+C
2025-07-18 00:49:27,762 - WARNING - 剪切板中不包含图片
2025-07-18 00:49:27,832 - INFO - 检测到 Ctrl+C
2025-07-18 00:49:27,833 - WARNING - 剪切板中不包含图片
2025-07-18 00:49:27,834 - WARNING - 剪切板中不包含图片
2025-07-18 00:49:40,273 - INFO - 检测到 Ctrl+C
2025-07-18 00:49:40,273 - INFO - 检测到 Ctrl+C
2025-07-18 00:49:40,273 - WARNING - 剪切板中不包含图片
2025-07-18 00:49:40,275 - WARNING - 剪切板中不包含图片
2025-07-18 00:49:40,302 - INFO - 检测到 Ctrl+C
2025-07-18 00:49:40,302 - WARNING - 剪切板中不包含图片
2025-07-18 00:51:40,886 - INFO - 检测到 Ctrl+C
2025-07-18 00:51:40,886 - WARNING - 剪切板中不包含图片
2025-07-18 00:51:40,959 - INFO - 检测到 Ctrl+C
2025-07-18 00:51:40,959 - WARNING - 剪切板中不包含图片
2025-07-18 00:51:40,960 - WARNING - 剪切板中不包含图片
2025-07-18 00:51:54,805 - INFO - 检测到 Ctrl+C
2025-07-18 00:51:54,805 - INFO - 检测到 Ctrl+C
2025-07-18 00:51:54,805 - WARNING - 剪切板中不包含图片
2025-07-18 00:51:54,807 - WARNING - 剪切板中不包含图片
2025-07-18 00:51:54,827 - INFO - 检测到 Ctrl+C
2025-07-18 00:51:54,828 - WARNING - 剪切板中不包含图片
2025-07-18 00:55:25,472 - INFO - 检测到 Ctrl+C
2025-07-18 00:55:25,472 - WARNING - 剪切板中不包含图片
2025-07-18 00:55:25,473 - INFO - 检测到 Ctrl+C
2025-07-18 00:55:25,473 - WARNING - 剪切板中不包含图片
2025-07-18 00:55:25,475 - INFO - 检测到 Ctrl+C
2025-07-18 00:55:25,475 - WARNING - 剪切板中不包含图片
2025-07-18 00:56:05,505 - INFO - 检测到 Ctrl+C
2025-07-18 00:56:05,505 - WARNING - 剪切板中不包含图片
2025-07-18 00:56:49,552 - INFO - 检测到 Ctrl+C
2025-07-18 00:56:49,552 - INFO - 检测到 Ctrl+C
2025-07-18 00:56:49,552 - WARNING - 剪切板中不包含图片
2025-07-18 00:56:49,552 - WARNING - 剪切板中不包含图片
2025-07-18 00:56:49,552 - WARNING - 剪切板中不包含图片
2025-07-18 00:58:05,501 - INFO - 检测到 Ctrl+C
2025-07-18 00:58:05,501 - WARNING - 剪切板中不包含图片
2025-07-18 00:58:07,506 - INFO - 检测到 Ctrl+C
2025-07-18 00:58:07,506 - WARNING - 剪切板中不包含图片
2025-07-18 00:58:09,913 - INFO - 检测到 Ctrl+C
2025-07-18 00:58:09,913 - WARNING - 剪切板中不包含图片
2025-07-18 00:58:09,915 - INFO - 检测到 Ctrl+C
2025-07-18 00:58:09,916 - INFO - 检测到 Ctrl+C
2025-07-18 00:58:10,419 - WARNING - 剪切板中不包含图片
2025-07-18 00:58:10,419 - WARNING - 剪切板中不包含图片
2025-07-18 00:58:51,242 - INFO - 检测到 Ctrl+C
2025-07-18 00:58:51,243 - WARNING - 剪切板中不包含图片
2025-07-18 00:58:51,243 - WARNING - 剪切板中不包含图片
2025-07-18 00:58:51,244 - WARNING - 剪切板中不包含图片
2025-07-18 00:59:26,266 - INFO - 检测到 Ctrl+C
2025-07-18 00:59:26,266 - WARNING - 剪切板中不包含图片
2025-07-18 00:59:26,266 - WARNING - 剪切板中不包含图片
2025-07-18 00:59:26,267 - WARNING - 剪切板中不包含图片
2025-07-18 00:59:42,416 - INFO - 检测到 Ctrl+C
2025-07-18 00:59:42,416 - INFO - 检测到 Ctrl+C
2025-07-18 00:59:42,416 - WARNING - 剪切板中不包含图片
2025-07-18 00:59:42,416 - WARNING - 剪切板中不包含图片
2025-07-18 00:59:42,418 - WARNING - 剪切板中不包含图片
2025-07-18 01:01:06,304 - INFO - 检测到 Ctrl+C
2025-07-18 01:01:06,304 - WARNING - 剪切板中不包含图片
2025-07-18 01:03:07,574 - INFO - 检测到 Ctrl+C
2025-07-18 01:03:07,574 - WARNING - 剪切板中不包含图片
2025-07-18 01:04:39,970 - INFO - 检测到 Ctrl+C
2025-07-18 01:04:39,970 - WARNING - 剪切板中不包含图片
2025-07-18 01:04:39,970 - WARNING - 剪切板中不包含图片
2025-07-18 01:04:39,970 - WARNING - 剪切板中不包含图片
2025-07-18 01:04:42,476 - INFO - 检测到 Ctrl+C
2025-07-18 01:04:42,476 - INFO - 检测到 Ctrl+C
2025-07-18 01:04:42,476 - WARNING - 剪切板中不包含图片
2025-07-18 01:04:42,478 - WARNING - 剪切板中不包含图片
2025-07-18 01:04:50,201 - INFO - 检测到 Ctrl+C
2025-07-18 01:04:50,201 - WARNING - 剪切板中不包含图片
2025-07-18 23:50:54,221 - INFO - OCR 服务已启动
2025-07-18 23:50:59,735 - INFO - 检测到 Ctrl+C
2025-07-18 23:50:59,744 - INFO - 剪切板中的图片已经保存
2025-07-18 23:50:59,745 - INFO - OCR识别任务已提交
2025-07-18 23:50:59,831 - INFO - 识别成功，img_path: D:\2\WechatOCR\dist\img\~~~ocr.png, result_file: json\~~~ocr.png.json
2025-07-18 23:51:00,746 - INFO - 文本已保存到 text_save.txt
2025-07-18 23:51:00,787 - INFO - 已将文件内容复制到剪贴板。
2025-07-18 23:52:08,486 - INFO - 检测到 Ctrl+C
2025-07-18 23:52:08,487 - INFO - 剪切板中的图片已经保存
2025-07-18 23:52:08,487 - INFO - OCR识别任务已提交
2025-07-18 23:52:08,560 - INFO - 识别成功，img_path: D:\2\WechatOCR\dist\img\~~~ocr.png, result_file: json\~~~ocr.png.json
2025-07-18 23:52:09,488 - INFO - 文本已保存到 text_save.txt
2025-07-18 23:52:09,494 - INFO - 已将文件内容复制到剪贴板。
2025-07-18 23:52:33,249 - INFO - 检测到 Ctrl+C
2025-07-18 23:52:33,250 - INFO - 剪切板中的图片已经保存
2025-07-18 23:52:33,250 - INFO - OCR识别任务已提交
2025-07-18 23:52:33,312 - INFO - 识别成功，img_path: D:\2\WechatOCR\dist\img\~~~ocr.png, result_file: json\~~~ocr.png.json
2025-07-18 23:52:34,251 - INFO - 文本已保存到 text_save.txt
2025-07-18 23:52:34,257 - INFO - 已将文件内容复制到剪贴板。
2025-07-18 23:53:14,902 - INFO - 检测到 Ctrl+C
2025-07-18 23:53:14,902 - WARNING - 剪切板中不包含图片
2025-07-19 00:03:00,135 - INFO - OCR 服务已启动
2025-07-19 00:03:04,239 - INFO - 检测到 Ctrl+C
2025-07-19 00:03:04,240 - INFO - 剪切板中的图片已经保存
2025-07-19 00:03:04,240 - INFO - OCR识别任务已提交
2025-07-19 00:03:04,249 - INFO - 检测到 Ctrl+C
2025-07-19 00:03:04,265 - INFO - 剪切板中的图片已经保存
2025-07-19 00:03:04,265 - INFO - OCR识别任务已提交
2025-07-19 00:03:04,315 - INFO - 识别成功，img_path: D:\2\WechatOCR\dist\img\~~~ocr.png, result_file: json\~~~ocr.png.json
2025-07-19 00:03:04,352 - INFO - 识别成功，img_path: D:\2\WechatOCR\dist\img\~~~ocr.png, result_file: json\~~~ocr.png.json
2025-07-19 00:03:05,241 - INFO - 文本已保存到 text_save.txt
2025-07-19 00:03:05,254 - INFO - 已将文件内容复制到剪贴板。
2025-07-19 00:03:05,266 - INFO - 文本已保存到 text_save.txt
2025-07-19 00:03:05,306 - INFO - 已将文件内容复制到剪贴板。
2025-07-19 00:03:28,855 - INFO - 检测到 Ctrl+C
2025-07-19 00:03:28,857 - INFO - 剪切板中的图片已经保存
2025-07-19 00:03:28,858 - INFO - OCR识别任务已提交
2025-07-19 00:03:28,913 - INFO - 检测到 Ctrl+C
2025-07-19 00:03:28,914 - INFO - 剪切板中的图片已经保存
2025-07-19 00:03:28,915 - INFO - OCR识别任务已提交
2025-07-19 00:03:28,922 - INFO - 识别成功，img_path: D:\2\WechatOCR\dist\img\~~~ocr.png, result_file: json\~~~ocr.png.json
2025-07-19 00:03:28,973 - INFO - 识别成功，img_path: D:\2\WechatOCR\dist\img\~~~ocr.png, result_file: json\~~~ocr.png.json
2025-07-19 00:03:29,859 - INFO - 文本已保存到 text_save.txt
2025-07-19 00:03:29,871 - INFO - 已将文件内容复制到剪贴板。
2025-07-19 00:03:29,916 - INFO - 文本已保存到 text_save.txt
2025-07-19 00:03:29,927 - INFO - 已将文件内容复制到剪贴板。
2025-07-19 00:07:20,555 - INFO - OCR 服务已启动
2025-07-19 00:07:23,256 - INFO - 检测到 Ctrl+C
2025-07-19 00:07:23,256 - INFO - 检测到 Ctrl+C
2025-07-19 00:07:23,256 - INFO - 剪切板中的图片已经保存
2025-07-19 00:07:23,257 - INFO - OCR识别任务已提交
2025-07-19 00:07:23,257 - INFO - 剪切板中的图片已经保存
2025-07-19 00:07:23,257 - INFO - OCR识别任务已提交
2025-07-19 00:07:23,262 - INFO - 检测到 Ctrl+C
2025-07-19 00:07:23,274 - INFO - 剪切板中的图片已经保存
2025-07-19 00:07:23,274 - INFO - OCR识别任务已提交
2025-07-19 00:07:23,358 - INFO - 识别成功，img_path: D:\2\WechatOCR\dist\img\~~~ocr.png, result_file: json\~~~ocr.png.json
2025-07-19 00:07:23,361 - INFO - 识别成功，img_path: D:\2\WechatOCR\dist\img\~~~ocr.png, result_file: json\~~~ocr.png.json
2025-07-19 00:07:23,367 - INFO - 识别成功，img_path: D:\2\WechatOCR\dist\img\~~~ocr.png, result_file: json\~~~ocr.png.json
2025-07-19 00:07:24,259 - INFO - 文本已保存到 text_save.txt
2025-07-19 00:07:24,259 - INFO - 文本已保存到 text_save.txt
2025-07-19 00:07:24,272 - INFO - 已将文件内容复制到剪贴板。
2025-07-19 00:07:24,275 - INFO - 文本已保存到 text_save.txt
2025-07-19 00:07:24,280 - INFO - 已将文件内容复制到剪贴板。
2025-07-19 00:07:24,316 - INFO - 已将文件内容复制到剪贴板。
2025-07-19 00:07:33,703 - INFO - 检测到 Ctrl+C
2025-07-19 00:07:33,705 - ERROR - 保存剪切板图片失败
Traceback (most recent call last):
  File "main.py", line 22, in save_clipboard_pic
AttributeError: 'list' object has no attribute 'save'
2025-07-19 00:13:38,297 - INFO - 检测到 Ctrl+C
2025-07-19 00:13:38,300 - ERROR - 保存剪切板图片失败
Traceback (most recent call last):
  File "main.py", line 22, in save_clipboard_pic
AttributeError: 'list' object has no attribute 'save'
2025-07-19 00:16:47,721 - INFO - 检测到 Ctrl+C
2025-07-19 00:16:47,722 - WARNING - 剪切板中不包含图片
2025-07-19 00:16:47,722 - INFO - 检测到 Ctrl+C
2025-07-19 00:16:47,722 - INFO - 检测到 Ctrl+C
2025-07-19 00:16:47,722 - WARNING - 剪切板中不包含图片
2025-07-19 00:16:47,722 - WARNING - 剪切板中不包含图片
2025-07-19 00:20:59,332 - INFO - 检测到 Ctrl+C
2025-07-19 00:20:59,333 - INFO - 检测到 Ctrl+C
2025-07-19 00:20:59,333 - INFO - 检测到 Ctrl+C
2025-07-19 00:20:59,334 - WARNING - 剪切板中不包含图片
2025-07-19 00:20:59,334 - WARNING - 剪切板中不包含图片
2025-07-19 00:20:59,334 - WARNING - 剪切板中不包含图片
2025-07-19 00:22:25,405 - INFO - 检测到 Ctrl+C
2025-07-19 00:22:25,405 - WARNING - 剪切板中不包含图片
2025-07-19 00:22:25,435 - INFO - 检测到 Ctrl+C
2025-07-19 00:22:25,435 - INFO - 检测到 Ctrl+C
2025-07-19 00:22:25,435 - WARNING - 剪切板中不包含图片
2025-07-19 00:22:25,435 - WARNING - 剪切板中不包含图片
2025-07-19 00:23:13,875 - INFO - 检测到 Ctrl+C
2025-07-19 00:23:13,875 - WARNING - 剪切板中不包含图片
2025-07-19 00:24:59,584 - INFO - 检测到 Ctrl+C
2025-07-19 00:24:59,584 - WARNING - 剪切板中不包含图片
2025-07-19 00:25:52,873 - INFO - 检测到 Ctrl+C
2025-07-19 00:25:52,873 - INFO - 检测到 Ctrl+C
2025-07-19 00:25:52,873 - WARNING - 剪切板中不包含图片
2025-07-19 00:25:52,873 - WARNING - 剪切板中不包含图片
2025-07-19 00:25:55,480 - INFO - 检测到 Ctrl+C
2025-07-19 00:25:55,480 - WARNING - 剪切板中不包含图片
2025-07-19 00:25:55,481 - INFO - 检测到 Ctrl+C
2025-07-19 00:25:55,481 - WARNING - 剪切板中不包含图片
2025-07-19 00:25:55,481 - WARNING - 剪切板中不包含图片
2025-07-19 00:25:57,586 - INFO - 检测到 Ctrl+C
2025-07-19 00:25:57,586 - INFO - 检测到 Ctrl+C
2025-07-19 00:25:57,586 - WARNING - 剪切板中不包含图片
2025-07-19 00:25:57,586 - WARNING - 剪切板中不包含图片
2025-07-19 00:25:57,586 - WARNING - 剪切板中不包含图片
2025-07-19 00:27:41,838 - INFO - 检测到 Ctrl+C
2025-07-19 00:27:41,838 - INFO - 检测到 Ctrl+C
2025-07-19 00:27:41,838 - WARNING - 剪切板中不包含图片
2025-07-19 00:27:41,838 - WARNING - 剪切板中不包含图片
2025-07-19 00:27:41,838 - WARNING - 剪切板中不包含图片
2025-07-19 00:27:45,347 - INFO - 检测到 Ctrl+C
2025-07-19 00:27:45,347 - WARNING - 剪切板中不包含图片
2025-07-19 00:27:45,347 - WARNING - 剪切板中不包含图片
2025-07-19 00:27:45,348 - INFO - 检测到 Ctrl+C
2025-07-19 00:27:45,348 - WARNING - 剪切板中不包含图片
2025-07-19 00:28:55,495 - INFO - 检测到 Ctrl+C
2025-07-19 00:28:55,495 - INFO - 检测到 Ctrl+C
2025-07-19 00:28:55,496 - WARNING - 剪切板中不包含图片
2025-07-19 00:28:55,496 - WARNING - 剪切板中不包含图片
2025-07-19 00:28:55,497 - WARNING - 剪切板中不包含图片
2025-07-19 00:28:59,908 - INFO - 检测到 Ctrl+C
2025-07-19 00:28:59,908 - WARNING - 剪切板中不包含图片
2025-07-19 00:28:59,909 - INFO - 检测到 Ctrl+C
2025-07-19 00:28:59,909 - WARNING - 剪切板中不包含图片
2025-07-19 00:28:59,909 - WARNING - 剪切板中不包含图片
2025-07-19 00:30:52,094 - INFO - 检测到 Ctrl+C
2025-07-19 00:30:52,094 - WARNING - 剪切板中不包含图片
2025-07-19 00:31:19,683 - INFO - 检测到 Ctrl+C
2025-07-19 00:31:19,684 - WARNING - 剪切板中不包含图片
2025-07-19 00:31:19,691 - INFO - 检测到 Ctrl+C
2025-07-19 00:31:19,691 - WARNING - 剪切板中不包含图片
2025-07-19 00:31:19,692 - WARNING - 剪切板中不包含图片
2025-07-19 00:50:32,170 - INFO - 检测到 Ctrl+C
2025-07-19 00:50:32,170 - WARNING - 剪切板中不包含图片
2025-07-19 00:50:32,170 - WARNING - 剪切板中不包含图片
2025-07-19 00:50:32,170 - WARNING - 剪切板中不包含图片
2025-07-19 00:51:35,503 - INFO - 检测到 Ctrl+C
2025-07-19 00:51:35,504 - INFO - 检测到 Ctrl+C
2025-07-19 00:51:35,504 - INFO - 检测到 Ctrl+C
2025-07-19 00:51:35,504 - WARNING - 剪切板中不包含图片
2025-07-19 00:51:35,504 - WARNING - 剪切板中不包含图片
2025-07-19 00:51:35,505 - WARNING - 剪切板中不包含图片
2025-07-19 01:01:22,799 - INFO - 检测到 Ctrl+C
2025-07-19 01:01:22,800 - WARNING - 剪切板中不包含图片
2025-07-19 01:01:22,853 - INFO - 检测到 Ctrl+C
2025-07-19 01:01:22,853 - WARNING - 剪切板中不包含图片
2025-07-19 01:01:22,857 - INFO - 检测到 Ctrl+C
2025-07-19 01:01:22,858 - WARNING - 剪切板中不包含图片
2025-07-19 01:05:52,694 - INFO - 检测到 Ctrl+C
2025-07-19 01:05:52,694 - WARNING - 剪切板中不包含图片
2025-07-19 01:07:40,924 - INFO - 检测到 Ctrl+C
2025-07-19 01:07:40,924 - INFO - 检测到 Ctrl+C
2025-07-19 01:07:40,925 - WARNING - 剪切板中不包含图片
2025-07-19 01:07:40,927 - INFO - 检测到 Ctrl+C
2025-07-19 01:07:40,937 - ERROR - 保存剪切板图片失败
Traceback (most recent call last):
  File "main.py", line 22, in save_clipboard_pic
AttributeError: 'list' object has no attribute 'save'
2025-07-19 01:07:40,952 - ERROR - 保存剪切板图片失败
Traceback (most recent call last):
  File "main.py", line 22, in save_clipboard_pic
AttributeError: 'list' object has no attribute 'save'
2025-07-19 01:08:13,333 - INFO - 检测到 Ctrl+C
2025-07-19 01:08:13,333 - INFO - 检测到 Ctrl+C
2025-07-19 01:08:13,333 - WARNING - 剪切板中不包含图片
2025-07-19 01:08:13,333 - WARNING - 剪切板中不包含图片
2025-07-19 01:08:13,334 - INFO - 检测到 Ctrl+C
2025-07-19 01:08:13,334 - WARNING - 剪切板中不包含图片
2025-07-19 01:09:43,905 - INFO - 检测到 Ctrl+C
2025-07-19 01:09:43,906 - INFO - 检测到 Ctrl+C
2025-07-19 01:09:43,906 - WARNING - 剪切板中不包含图片
2025-07-19 01:09:43,906 - WARNING - 剪切板中不包含图片
2025-07-19 01:09:43,905 - INFO - 检测到 Ctrl+C
2025-07-19 01:09:43,906 - WARNING - 剪切板中不包含图片
2025-07-19 01:12:30,504 - INFO - 检测到 Ctrl+C
2025-07-19 01:12:30,505 - WARNING - 剪切板中不包含图片
2025-07-19 01:12:30,567 - INFO - 检测到 Ctrl+C
2025-07-19 01:12:30,567 - INFO - 检测到 Ctrl+C
2025-07-19 01:12:30,567 - WARNING - 剪切板中不包含图片
2025-07-19 01:12:30,567 - WARNING - 剪切板中不包含图片
2025-07-19 01:18:46,199 - INFO - 检测到 Ctrl+C
2025-07-19 01:18:46,199 - WARNING - 剪切板中不包含图片
2025-07-19 01:18:46,710 - INFO - 检测到 Ctrl+C
2025-07-19 01:18:46,711 - WARNING - 剪切板中不包含图片
2025-07-19 01:18:47,905 - INFO - 检测到 Ctrl+C
2025-07-19 01:18:47,905 - WARNING - 剪切板中不包含图片
2025-07-19 01:21:03,820 - INFO - 检测到 Ctrl+C
2025-07-19 01:21:03,821 - WARNING - 剪切板中不包含图片
2025-07-19 01:21:03,822 - WARNING - 剪切板中不包含图片
2025-07-19 01:21:03,823 - INFO - 检测到 Ctrl+C
2025-07-19 01:21:03,826 - WARNING - 剪切板中不包含图片
2025-07-19 01:28:04,238 - INFO - 检测到 Ctrl+C
2025-07-19 01:28:04,238 - INFO - 检测到 Ctrl+C
2025-07-19 01:28:04,238 - INFO - 检测到 Ctrl+C
2025-07-19 01:28:04,739 - WARNING - 剪切板中不包含图片
2025-07-19 01:28:04,739 - WARNING - 剪切板中不包含图片
2025-07-19 01:28:04,740 - WARNING - 剪切板中不包含图片
2025-07-19 01:30:38,731 - INFO - 检测到 Ctrl+C
2025-07-19 01:30:38,731 - INFO - 检测到 Ctrl+C
2025-07-19 01:30:38,731 - INFO - 检测到 Ctrl+C
2025-07-19 01:30:38,731 - WARNING - 剪切板中不包含图片
2025-07-19 01:30:38,731 - WARNING - 剪切板中不包含图片
2025-07-19 01:30:38,731 - WARNING - 剪切板中不包含图片
2025-07-19 01:35:41,500 - INFO - 检测到 Ctrl+C
2025-07-19 01:35:41,500 - WARNING - 剪切板中不包含图片
2025-07-19 01:35:41,571 - INFO - 检测到 Ctrl+C
2025-07-19 01:35:41,571 - INFO - 检测到 Ctrl+C
2025-07-19 01:35:41,571 - WARNING - 剪切板中不包含图片
2025-07-19 01:35:41,582 - ERROR - 保存剪切板图片失败
Traceback (most recent call last):
  File "main.py", line 22, in save_clipboard_pic
AttributeError: 'list' object has no attribute 'save'
2025-07-19 01:39:44,947 - INFO - 检测到 Ctrl+C
2025-07-19 01:39:44,949 - WARNING - 剪切板中不包含图片
2025-07-19 01:39:44,949 - WARNING - 剪切板中不包含图片
2025-07-19 01:39:44,954 - ERROR - 保存剪切板图片失败
Traceback (most recent call last):
  File "main.py", line 22, in save_clipboard_pic
AttributeError: 'list' object has no attribute 'save'
2025-07-19 01:40:16,373 - INFO - 检测到 Ctrl+C
2025-07-19 01:40:16,373 - INFO - 检测到 Ctrl+C
2025-07-19 01:40:16,373 - INFO - 检测到 Ctrl+C
2025-07-19 01:40:16,374 - WARNING - 剪切板中不包含图片
2025-07-19 01:40:16,374 - WARNING - 剪切板中不包含图片
2025-07-19 01:40:16,374 - WARNING - 剪切板中不包含图片
2025-07-19 01:40:18,883 - INFO - 检测到 Ctrl+C
2025-07-19 01:40:18,883 - WARNING - 剪切板中不包含图片
2025-07-19 01:40:18,883 - WARNING - 剪切板中不包含图片
2025-07-19 01:40:18,884 - INFO - 检测到 Ctrl+C
2025-07-19 01:40:18,884 - WARNING - 剪切板中不包含图片
2025-07-19 01:58:52,974 - INFO - 检测到 Ctrl+C
2025-07-19 01:58:52,975 - WARNING - 剪切板中不包含图片
2025-07-19 01:58:52,976 - INFO - 检测到 Ctrl+C
2025-07-19 01:58:52,977 - WARNING - 剪切板中不包含图片
2025-07-19 01:58:52,996 - INFO - 检测到 Ctrl+C
2025-07-19 01:58:52,996 - WARNING - 剪切板中不包含图片
2025-07-19 02:00:33,792 - INFO - 检测到 Ctrl+C
2025-07-19 02:00:33,793 - INFO - 检测到 Ctrl+C
2025-07-19 02:00:33,793 - INFO - 检测到 Ctrl+C
2025-07-19 02:00:33,794 - WARNING - 剪切板中不包含图片
2025-07-19 02:00:33,794 - WARNING - 剪切板中不包含图片
2025-07-19 02:00:33,794 - WARNING - 剪切板中不包含图片
2025-07-19 02:00:37,212 - INFO - 检测到 Ctrl+C
2025-07-19 02:00:37,213 - INFO - 检测到 Ctrl+C
2025-07-19 02:00:37,213 - INFO - 检测到 Ctrl+C
2025-07-19 02:00:37,213 - WARNING - 剪切板中不包含图片
2025-07-19 02:00:37,213 - WARNING - 剪切板中不包含图片
2025-07-19 02:00:37,213 - WARNING - 剪切板中不包含图片
2025-07-19 02:00:38,519 - INFO - 检测到 Ctrl+C
2025-07-19 02:00:38,519 - INFO - 检测到 Ctrl+C
2025-07-19 02:00:38,520 - WARNING - 剪切板中不包含图片
2025-07-19 02:00:38,520 - WARNING - 剪切板中不包含图片
2025-07-19 02:00:38,520 - WARNING - 剪切板中不包含图片
2025-07-19 02:00:59,196 - INFO - 检测到 Ctrl+C
2025-07-19 02:00:59,196 - INFO - 检测到 Ctrl+C
2025-07-19 02:00:59,196 - WARNING - 剪切板中不包含图片
2025-07-19 02:00:59,196 - WARNING - 剪切板中不包含图片
2025-07-19 02:00:59,198 - ERROR - 保存剪切板图片失败
Traceback (most recent call last):
  File "main.py", line 22, in save_clipboard_pic
AttributeError: 'list' object has no attribute 'save'
2025-07-19 02:03:08,189 - INFO - 检测到 Ctrl+C
2025-07-19 02:03:08,189 - INFO - 检测到 Ctrl+C
2025-07-19 02:03:08,189 - INFO - 检测到 Ctrl+C
2025-07-19 02:03:08,189 - WARNING - 剪切板中不包含图片
2025-07-19 02:03:08,189 - WARNING - 剪切板中不包含图片
2025-07-19 02:03:08,189 - WARNING - 剪切板中不包含图片
2025-07-19 02:04:32,293 - INFO - 检测到 Ctrl+C
2025-07-19 02:04:32,293 - WARNING - 剪切板中不包含图片
2025-07-19 02:04:32,307 - INFO - 检测到 Ctrl+C
2025-07-19 02:04:32,312 - INFO - 检测到 Ctrl+C
2025-07-19 02:04:32,312 - WARNING - 剪切板中不包含图片
2025-07-19 02:04:32,807 - WARNING - 剪切板中不包含图片
2025-07-19 02:05:11,339 - INFO - 检测到 Ctrl+C
2025-07-19 02:05:11,339 - WARNING - 剪切板中不包含图片
2025-07-19 02:05:11,360 - INFO - 检测到 Ctrl+C
2025-07-19 02:05:11,362 - WARNING - 剪切板中不包含图片
2025-07-19 02:05:11,431 - INFO - 检测到 Ctrl+C
2025-07-19 02:05:11,431 - WARNING - 剪切板中不包含图片
2025-07-19 02:05:42,668 - INFO - 检测到 Ctrl+C
2025-07-19 02:05:42,668 - WARNING - 剪切板中不包含图片
2025-07-19 02:08:45,405 - INFO - 检测到 Ctrl+C
2025-07-19 02:08:45,409 - ERROR - 保存剪切板图片失败
Traceback (most recent call last):
  File "main.py", line 22, in save_clipboard_pic
AttributeError: 'list' object has no attribute 'save'
2025-07-19 02:08:45,424 - INFO - 检测到 Ctrl+C
2025-07-19 02:08:45,425 - WARNING - 剪切板中不包含图片
2025-07-19 02:08:45,425 - ERROR - 保存剪切板图片失败
Traceback (most recent call last):
  File "main.py", line 22, in save_clipboard_pic
AttributeError: 'list' object has no attribute 'save'
2025-07-19 02:10:08,253 - INFO - 检测到 Ctrl+C
2025-07-19 02:10:08,253 - WARNING - 剪切板中不包含图片
2025-07-19 02:10:08,253 - WARNING - 剪切板中不包含图片
2025-07-19 02:10:08,255 - INFO - 检测到 Ctrl+C
2025-07-19 02:10:08,255 - WARNING - 剪切板中不包含图片
2025-07-19 02:10:24,816 - INFO - 检测到 Ctrl+C
2025-07-19 02:10:24,816 - WARNING - 剪切板中不包含图片
2025-07-19 02:14:14,413 - INFO - 检测到 Ctrl+C
2025-07-19 02:14:14,416 - WARNING - 剪切板中不包含图片
2025-07-19 02:14:14,419 - INFO - 检测到 Ctrl+C
2025-07-19 02:14:14,420 - WARNING - 剪切板中不包含图片
2025-07-19 02:14:14,439 - INFO - 检测到 Ctrl+C
2025-07-19 02:14:14,443 - WARNING - 剪切板中不包含图片
2025-07-19 02:16:49,032 - INFO - 检测到 Ctrl+C
2025-07-19 02:16:49,032 - INFO - 检测到 Ctrl+C
2025-07-19 02:16:49,032 - WARNING - 剪切板中不包含图片
2025-07-19 02:16:49,036 - ERROR - 保存剪切板图片失败
Traceback (most recent call last):
  File "main.py", line 22, in save_clipboard_pic
AttributeError: 'list' object has no attribute 'save'
2025-07-19 02:16:49,059 - INFO - 检测到 Ctrl+C
2025-07-19 02:16:49,060 - ERROR - 保存剪切板图片失败
Traceback (most recent call last):
  File "main.py", line 22, in save_clipboard_pic
AttributeError: 'list' object has no attribute 'save'
2025-07-19 02:18:02,149 - INFO - 检测到 Ctrl+C
2025-07-19 02:18:02,150 - ERROR - 保存剪切板图片失败
Traceback (most recent call last):
  File "main.py", line 22, in save_clipboard_pic
AttributeError: 'list' object has no attribute 'save'
2025-07-19 02:18:02,181 - INFO - 检测到 Ctrl+C
2025-07-19 02:18:02,181 - WARNING - 剪切板中不包含图片
2025-07-19 02:18:02,229 - INFO - 检测到 Ctrl+C
2025-07-19 02:18:02,230 - WARNING - 剪切板中不包含图片
2025-07-19 02:18:20,660 - INFO - 检测到 Ctrl+C
2025-07-19 02:18:20,669 - ERROR - 保存剪切板图片失败
Traceback (most recent call last):
  File "main.py", line 22, in save_clipboard_pic
AttributeError: 'list' object has no attribute 'save'
2025-07-19 02:18:20,711 - INFO - 检测到 Ctrl+C
2025-07-19 02:18:20,714 - ERROR - 保存剪切板图片失败
Traceback (most recent call last):
  File "main.py", line 22, in save_clipboard_pic
AttributeError: 'list' object has no attribute 'save'
2025-07-19 02:18:20,734 - INFO - 检测到 Ctrl+C
2025-07-19 02:18:20,742 - ERROR - 保存剪切板图片失败
Traceback (most recent call last):
  File "main.py", line 22, in save_clipboard_pic
AttributeError: 'list' object has no attribute 'save'
2025-07-19 02:21:49,236 - INFO - 检测到 Ctrl+C
2025-07-19 02:21:49,237 - WARNING - 剪切板中不包含图片
2025-07-19 02:22:19,041 - INFO - 检测到 Ctrl+C
2025-07-19 02:22:19,041 - WARNING - 剪切板中不包含图片
2025-07-19 02:26:42,833 - INFO - 检测到 Ctrl+C
2025-07-19 02:26:42,833 - WARNING - 剪切板中不包含图片
2025-07-19 02:28:11,008 - INFO - 检测到 Ctrl+C
2025-07-19 02:28:11,009 - WARNING - 剪切板中不包含图片
2025-07-19 02:28:11,085 - INFO - 检测到 Ctrl+C
2025-07-19 02:28:11,085 - INFO - 检测到 Ctrl+C
2025-07-19 02:28:11,087 - WARNING - 剪切板中不包含图片
2025-07-19 02:28:11,087 - WARNING - 剪切板中不包含图片
2025-07-19 02:30:32,763 - INFO - 检测到 Ctrl+C
2025-07-19 02:30:32,780 - INFO - 检测到 Ctrl+C
2025-07-19 02:30:32,784 - WARNING - 剪切板中不包含图片
2025-07-19 02:30:32,798 - WARNING - 剪切板中不包含图片
2025-07-19 02:30:32,809 - INFO - 检测到 Ctrl+C
2025-07-19 02:30:32,824 - WARNING - 剪切板中不包含图片
2025-07-19 02:31:10,359 - INFO - 检测到 Ctrl+C
2025-07-19 02:31:10,361 - WARNING - 剪切板中不包含图片
2025-07-19 02:31:10,418 - INFO - 检测到 Ctrl+C
2025-07-19 02:31:10,431 - WARNING - 剪切板中不包含图片
2025-07-19 02:31:10,437 - INFO - 检测到 Ctrl+C
2025-07-19 02:31:10,451 - WARNING - 剪切板中不包含图片
2025-07-19 02:31:11,638 - INFO - 检测到 Ctrl+C
2025-07-19 02:31:11,638 - WARNING - 剪切板中不包含图片
2025-07-19 02:31:11,661 - INFO - 检测到 Ctrl+C
2025-07-19 02:31:11,663 - WARNING - 剪切板中不包含图片
2025-07-19 02:31:11,667 - INFO - 检测到 Ctrl+C
2025-07-19 02:31:11,668 - WARNING - 剪切板中不包含图片
2025-07-19 02:34:17,183 - INFO - 检测到 Ctrl+C
2025-07-19 02:34:17,184 - INFO - 检测到 Ctrl+C
2025-07-19 02:34:17,186 - WARNING - 剪切板中不包含图片
2025-07-19 02:34:17,187 - WARNING - 剪切板中不包含图片
2025-07-19 02:34:17,443 - INFO - 检测到 Ctrl+C
2025-07-19 02:34:17,463 - WARNING - 剪切板中不包含图片
2025-07-19 02:34:18,704 - INFO - 检测到 Ctrl+C
2025-07-19 02:34:18,704 - INFO - 检测到 Ctrl+C
2025-07-19 02:34:18,706 - WARNING - 剪切板中不包含图片
2025-07-19 02:34:18,706 - WARNING - 剪切板中不包含图片
2025-07-19 02:34:18,776 - INFO - 检测到 Ctrl+C
2025-07-19 02:34:18,779 - WARNING - 剪切板中不包含图片
2025-07-19 02:34:25,663 - INFO - 检测到 Ctrl+C
2025-07-19 02:34:25,664 - WARNING - 剪切板中不包含图片
2025-07-19 02:34:25,673 - INFO - 检测到 Ctrl+C
2025-07-19 02:34:25,674 - WARNING - 剪切板中不包含图片
2025-07-19 02:34:25,684 - INFO - 检测到 Ctrl+C
2025-07-19 02:34:25,686 - WARNING - 剪切板中不包含图片
2025-07-19 02:35:16,000 - INFO - 检测到 Ctrl+C
2025-07-19 02:35:16,004 - ERROR - 保存剪切板图片失败
Traceback (most recent call last):
  File "main.py", line 22, in save_clipboard_pic
AttributeError: 'list' object has no attribute 'save'
2025-07-19 02:35:16,027 - INFO - 检测到 Ctrl+C
2025-07-19 02:35:16,027 - WARNING - 剪切板中不包含图片
2025-07-19 02:35:16,028 - ERROR - 保存剪切板图片失败
Traceback (most recent call last):
  File "main.py", line 22, in save_clipboard_pic
AttributeError: 'list' object has no attribute 'save'
2025-07-19 02:35:31,061 - INFO - 检测到 Ctrl+C
2025-07-19 02:35:31,062 - ERROR - 保存剪切板图片失败
Traceback (most recent call last):
  File "main.py", line 22, in save_clipboard_pic
AttributeError: 'list' object has no attribute 'save'
2025-07-19 02:35:31,081 - INFO - 检测到 Ctrl+C
2025-07-19 02:35:31,081 - ERROR - 保存剪切板图片失败
Traceback (most recent call last):
  File "main.py", line 22, in save_clipboard_pic
AttributeError: 'list' object has no attribute 'save'
2025-07-19 02:35:31,085 - INFO - 检测到 Ctrl+C
2025-07-19 02:35:31,085 - ERROR - 保存剪切板图片失败
Traceback (most recent call last):
  File "main.py", line 22, in save_clipboard_pic
AttributeError: 'list' object has no attribute 'save'
2025-07-19 02:35:32,587 - INFO - 检测到 Ctrl+C
2025-07-19 02:35:32,587 - ERROR - 保存剪切板图片失败
Traceback (most recent call last):
  File "main.py", line 22, in save_clipboard_pic
AttributeError: 'list' object has no attribute 'save'
2025-07-19 02:35:32,591 - INFO - 检测到 Ctrl+C
2025-07-19 02:35:32,667 - INFO - 检测到 Ctrl+C
2025-07-19 02:35:32,670 - ERROR - 保存剪切板图片失败
Traceback (most recent call last):
  File "main.py", line 22, in save_clipboard_pic
AttributeError: 'list' object has no attribute 'save'
2025-07-19 02:35:33,091 - ERROR - 保存剪切板图片失败
Traceback (most recent call last):
  File "main.py", line 22, in save_clipboard_pic
AttributeError: 'list' object has no attribute 'save'
2025-07-19 02:37:36,664 - INFO - 检测到 Ctrl+C
2025-07-19 02:37:36,664 - INFO - 检测到 Ctrl+C
2025-07-19 02:37:36,664 - WARNING - 剪切板中不包含图片
2025-07-19 02:37:36,664 - WARNING - 剪切板中不包含图片
2025-07-19 02:42:06,991 - INFO - 检测到 Ctrl+C
2025-07-19 02:42:06,991 - WARNING - 剪切板中不包含图片
2025-07-19 02:42:06,991 - WARNING - 剪切板中不包含图片
2025-07-19 02:42:06,991 - WARNING - 剪切板中不包含图片
2025-07-19 02:42:21,645 - INFO - 检测到 Ctrl+C
2025-07-19 02:42:21,645 - WARNING - 剪切板中不包含图片
2025-07-19 02:42:21,645 - WARNING - 剪切板中不包含图片
2025-07-19 02:42:21,650 - INFO - 检测到 Ctrl+C
2025-07-19 02:42:21,650 - WARNING - 剪切板中不包含图片
2025-07-19 02:42:44,394 - INFO - 检测到 Ctrl+C
2025-07-19 02:42:44,395 - INFO - 检测到 Ctrl+C
2025-07-19 02:42:44,395 - ERROR - 保存剪切板图片失败
Traceback (most recent call last):
  File "main.py", line 22, in save_clipboard_pic
AttributeError: 'list' object has no attribute 'save'
2025-07-19 02:42:44,396 - ERROR - 保存剪切板图片失败
Traceback (most recent call last):
  File "main.py", line 22, in save_clipboard_pic
AttributeError: 'list' object has no attribute 'save'
2025-07-19 02:42:44,437 - INFO - 检测到 Ctrl+C
2025-07-19 02:42:44,437 - ERROR - 保存剪切板图片失败
Traceback (most recent call last):
  File "main.py", line 22, in save_clipboard_pic
AttributeError: 'list' object has no attribute 'save'
2025-07-19 02:42:55,890 - INFO - 检测到 Ctrl+C
2025-07-19 02:42:55,890 - ERROR - 保存剪切板图片失败
Traceback (most recent call last):
  File "main.py", line 22, in save_clipboard_pic
AttributeError: 'list' object has no attribute 'save'
2025-07-19 23:19:37,146 - INFO - OCR 服务已启动
2025-07-19 23:19:54,295 - INFO - OCR 服务已启动
2025-07-19 23:20:01,119 - INFO - 检测到 Ctrl+C
2025-07-19 23:20:01,130 - INFO - 剪切板中的图片已经保存
2025-07-19 23:20:01,131 - INFO - OCR识别任务已提交
2025-07-19 23:20:01,135 - INFO - 检测到 Ctrl+C
2025-07-19 23:20:01,145 - INFO - 剪切板中的图片已经保存
2025-07-19 23:20:01,145 - INFO - OCR识别任务已提交
2025-07-19 23:20:01,243 - INFO - 识别成功，img_path: D:\2\WechatOCR\dist\img\~~~ocr.png, result_file: json\~~~ocr.png.json
2025-07-19 23:20:01,244 - INFO - 识别成功，img_path: D:\2\WechatOCR\dist\img\~~~ocr.png, result_file: json\~~~ocr.png.json
2025-07-19 23:20:02,131 - INFO - 文本已保存到 text_save.txt
2025-07-19 23:20:02,147 - INFO - 文本已保存到 text_save.txt
2025-07-19 23:20:02,201 - INFO - 已将文件内容复制到剪贴板。
2025-07-19 23:20:02,208 - INFO - 已将文件内容复制到剪贴板。
2025-07-19 23:20:10,024 - INFO - 检测到 Ctrl+C
2025-07-19 23:20:10,026 - INFO - 剪切板中的图片已经保存
2025-07-19 23:20:10,027 - INFO - OCR识别任务已提交
2025-07-19 23:20:10,034 - INFO - 检测到 Ctrl+C
2025-07-19 23:20:10,036 - INFO - 剪切板中的图片已经保存
2025-07-19 23:20:10,036 - INFO - OCR识别任务已提交
2025-07-19 23:20:10,094 - INFO - 识别成功，img_path: D:\2\WechatOCR\dist\img\~~~ocr.png, result_file: json\~~~ocr.png.json
2025-07-19 23:20:10,106 - INFO - 识别成功，img_path: D:\2\WechatOCR\dist\img\~~~ocr.png, result_file: json\~~~ocr.png.json
2025-07-19 23:20:11,027 - INFO - 文本已保存到 text_save.txt
2025-07-19 23:20:11,037 - INFO - 文本已保存到 text_save.txt
2025-07-19 23:20:11,055 - INFO - 已将文件内容复制到剪贴板。
2025-07-19 23:20:11,069 - INFO - 已将文件内容复制到剪贴板。
2025-07-19 23:20:20,990 - INFO - 检测到 Ctrl+C
2025-07-19 23:20:20,992 - INFO - 剪切板中的图片已经保存
2025-07-19 23:20:20,992 - INFO - OCR识别任务已提交
2025-07-19 23:20:21,002 - INFO - 检测到 Ctrl+C
2025-07-19 23:20:21,004 - INFO - 剪切板中的图片已经保存
2025-07-19 23:20:21,004 - INFO - OCR识别任务已提交
2025-07-19 23:20:21,048 - INFO - 识别成功，img_path: D:\2\WechatOCR\dist\img\~~~ocr.png, result_file: json\~~~ocr.png.json
2025-07-19 23:20:21,064 - INFO - 识别成功，img_path: D:\2\WechatOCR\dist\img\~~~ocr.png, result_file: json\~~~ocr.png.json
2025-07-19 23:20:21,992 - INFO - 文本已保存到 text_save.txt
2025-07-19 23:20:22,002 - INFO - 已将文件内容复制到剪贴板。
2025-07-19 23:20:22,005 - INFO - 文本已保存到 text_save.txt
2025-07-19 23:20:22,017 - INFO - 已将文件内容复制到剪贴板。
2025-07-19 23:20:39,666 - INFO - 检测到 Ctrl+C
2025-07-19 23:20:39,667 - INFO - 剪切板中的图片已经保存
2025-07-19 23:20:39,667 - INFO - OCR识别任务已提交
2025-07-19 23:20:39,675 - INFO - 检测到 Ctrl+C
2025-07-19 23:20:39,676 - INFO - 剪切板中的图片已经保存
2025-07-19 23:20:39,676 - INFO - OCR识别任务已提交
2025-07-19 23:20:39,732 - INFO - 识别成功，img_path: D:\2\WechatOCR\dist\img\~~~ocr.png, result_file: json\~~~ocr.png.json
2025-07-19 23:20:39,746 - INFO - 识别成功，img_path: D:\2\WechatOCR\dist\img\~~~ocr.png, result_file: json\~~~ocr.png.json
2025-07-19 23:20:40,668 - INFO - 文本已保存到 text_save.txt
2025-07-19 23:20:40,677 - INFO - 文本已保存到 text_save.txt
2025-07-19 23:20:40,677 - INFO - 已将文件内容复制到剪贴板。
2025-07-19 23:20:40,687 - INFO - 已将文件内容复制到剪贴板。
2025-07-19 23:20:49,908 - INFO - 检测到 Ctrl+C
2025-07-19 23:20:49,911 - INFO - 剪切板中的图片已经保存
2025-07-19 23:20:49,911 - INFO - OCR识别任务已提交
2025-07-19 23:20:49,915 - INFO - 检测到 Ctrl+C
2025-07-19 23:20:49,918 - INFO - 剪切板中的图片已经保存
2025-07-19 23:20:49,918 - INFO - OCR识别任务已提交
2025-07-19 23:20:49,961 - INFO - 识别成功，img_path: D:\2\WechatOCR\dist\img\~~~ocr.png, result_file: json\~~~ocr.png.json
2025-07-19 23:20:49,972 - INFO - 识别成功，img_path: D:\2\WechatOCR\dist\img\~~~ocr.png, result_file: json\~~~ocr.png.json
2025-07-19 23:20:50,912 - INFO - 文本已保存到 text_save.txt
2025-07-19 23:20:50,919 - INFO - 文本已保存到 text_save.txt
2025-07-19 23:20:50,930 - INFO - 已将文件内容复制到剪贴板。
2025-07-19 23:20:50,935 - INFO - 已将文件内容复制到剪贴板。
2025-07-19 23:21:00,069 - INFO - 检测到 Ctrl+C
2025-07-19 23:21:00,070 - INFO - 剪切板中的图片已经保存
2025-07-19 23:21:00,070 - INFO - 剪切板中的图片已经保存
2025-07-19 23:21:00,070 - INFO - OCR识别任务已提交
2025-07-19 23:21:00,070 - INFO - OCR识别任务已提交
2025-07-19 23:21:00,143 - INFO - 识别成功，img_path: D:\2\WechatOCR\dist\img\~~~ocr.png, result_file: json\~~~ocr.png.json
2025-07-19 23:21:00,143 - INFO - 识别成功，img_path: D:\2\WechatOCR\dist\img\~~~ocr.png, result_file: json\~~~ocr.png.json
2025-07-19 23:21:01,071 - INFO - 文本已保存到 text_save.txt
2025-07-19 23:21:01,071 - INFO - 文本已保存到 text_save.txt
2025-07-19 23:21:01,085 - INFO - 已将文件内容复制到剪贴板。
2025-07-19 23:21:01,095 - INFO - 已将文件内容复制到剪贴板。
2025-07-19 23:21:55,392 - INFO - 检测到 Ctrl+C
2025-07-19 23:21:55,393 - INFO - 剪切板中的图片已经保存
2025-07-19 23:21:55,393 - INFO - OCR识别任务已提交
2025-07-19 23:21:55,428 - INFO - 检测到 Ctrl+C
2025-07-19 23:21:55,430 - INFO - 剪切板中的图片已经保存
2025-07-19 23:21:55,430 - INFO - OCR识别任务已提交
2025-07-19 23:21:55,462 - INFO - 识别成功，img_path: D:\2\WechatOCR\dist\img\~~~ocr.png, result_file: json\~~~ocr.png.json
2025-07-19 23:21:55,496 - INFO - 识别成功，img_path: D:\2\WechatOCR\dist\img\~~~ocr.png, result_file: json\~~~ocr.png.json
2025-07-19 23:21:56,394 - INFO - 文本已保存到 text_save.txt
2025-07-19 23:21:56,405 - INFO - 已将文件内容复制到剪贴板。
2025-07-19 23:21:56,431 - INFO - 文本已保存到 text_save.txt
2025-07-19 23:21:56,440 - INFO - 已将文件内容复制到剪贴板。
2025-07-19 23:22:28,172 - INFO - 检测到 Ctrl+C
2025-07-19 23:22:28,175 - INFO - 剪切板中的图片已经保存
2025-07-19 23:22:28,175 - INFO - OCR识别任务已提交
2025-07-19 23:22:28,236 - INFO - 检测到 Ctrl+C
2025-07-19 23:22:28,237 - INFO - 剪切板中的图片已经保存
2025-07-19 23:22:28,237 - INFO - OCR识别任务已提交
2025-07-19 23:22:28,240 - INFO - 识别成功，img_path: D:\2\WechatOCR\dist\img\~~~ocr.png, result_file: json\~~~ocr.png.json
2025-07-19 23:22:28,304 - INFO - 识别成功，img_path: D:\2\WechatOCR\dist\img\~~~ocr.png, result_file: json\~~~ocr.png.json
2025-07-19 23:22:29,176 - INFO - 文本已保存到 text_save.txt
2025-07-19 23:22:29,185 - INFO - 已将文件内容复制到剪贴板。
2025-07-19 23:22:29,238 - INFO - 文本已保存到 text_save.txt
2025-07-19 23:22:29,248 - INFO - 已将文件内容复制到剪贴板。
2025-07-19 23:23:00,800 - INFO - 检测到 Ctrl+C
2025-07-19 23:23:00,801 - INFO - 剪切板中的图片已经保存
2025-07-19 23:23:00,801 - INFO - OCR识别任务已提交
2025-07-19 23:23:00,821 - INFO - 检测到 Ctrl+C
2025-07-19 23:23:00,822 - INFO - 剪切板中的图片已经保存
2025-07-19 23:23:00,823 - INFO - OCR识别任务已提交
2025-07-19 23:23:00,938 - INFO - 识别成功，img_path: D:\2\WechatOCR\dist\img\~~~ocr.png, result_file: json\~~~ocr.png.json
2025-07-19 23:23:00,956 - INFO - 识别成功，img_path: D:\2\WechatOCR\dist\img\~~~ocr.png, result_file: json\~~~ocr.png.json
2025-07-19 23:23:01,802 - INFO - 文本已保存到 text_save.txt
2025-07-19 23:23:01,814 - INFO - 已将文件内容复制到剪贴板。
2025-07-19 23:23:01,824 - INFO - 文本已保存到 text_save.txt
2025-07-19 23:23:01,837 - INFO - 已将文件内容复制到剪贴板。
2025-07-19 23:23:22,073 - INFO - 检测到 Ctrl+C
2025-07-19 23:23:22,075 - INFO - 剪切板中的图片已经保存
2025-07-19 23:23:22,075 - INFO - OCR识别任务已提交
2025-07-19 23:23:22,132 - INFO - 检测到 Ctrl+C
ath: D:\2\WechatOCR\dist\img\~~~ocr.png, result_file: json\~~~ocr.png.json
2025-07-19 23:23:22,134 - INFO - 剪切板中的图片已经保存
2025-07-19 23:23:22,134 - INFO - OCR识别任务已提交
2025-07-19 23:23:22,190 - INFO - 识别成功，img_path: D:\2\WechatOCR\dist\img\~~~ocr.png, result_file: json\~~~ocr.png.json
2025-07-19 23:23:23,075 - INFO - 文本已保存到 text_save.txt
2025-07-19 23:23:23,088 - INFO - 已将文件内容复制到剪贴板。
2025-07-19 23:23:23,135 - INFO - 文本已保存到 text_save.txt
2025-07-19 23:23:23,146 - INFO - 已将文件内容复制到剪贴板。
2025-07-19 23:25:33,023 - INFO - 检测到 Ctrl+C
2025-07-19 23:25:33,023 - WARNING - 剪切板中不包含图片
2025-07-19 23:35:53,602 - INFO - 检测到 Ctrl+C
2025-07-19 23:35:53,602 - INFO - 检测到 Ctrl+C
2025-07-19 23:35:53,602 - WARNING - 剪切板中不包含图片
2025-07-19 23:35:53,603 - INFO - 剪切板中的图片已经保存
2025-07-19 23:35:53,603 - INFO - OCR识别任务已提交
2025-07-19 23:35:53,674 - INFO - 识别成功，img_path: D:\2\WechatOCR\dist\img\~~~ocr.png, result_file: json\~~~ocr.png.json
2025-07-19 23:35:54,603 - INFO - 文本已保存到 text_save.txt
2025-07-19 23:35:54,614 - INFO - 已将文件内容复制到剪贴板。
2025-07-19 23:36:29,434 - INFO - 检测到 Ctrl+C
2025-07-19 23:36:29,436 - INFO - 剪切板中的图片已经保存
2025-07-19 23:36:29,436 - INFO - OCR识别任务已提交
2025-07-19 23:36:29,448 - INFO - 检测到 Ctrl+C
2025-07-19 23:36:29,449 - INFO - 剪切板中的图片已经保存
2025-07-19 23:36:29,449 - INFO - OCR识别任务已提交
2025-07-19 23:36:29,516 - INFO - 识别成功，img_path: D:\2\WechatOCR\dist\img\~~~ocr.png, result_file: json\~~~ocr.png.json
2025-07-19 23:36:29,523 - INFO - 识别成功，img_path: D:\2\WechatOCR\dist\img\~~~ocr.png, result_file: json\~~~ocr.png.json
2025-07-19 23:36:30,437 - INFO - 文本已保存到 text_save.txt
2025-07-19 23:36:30,450 - INFO - 文本已保存到 text_save.txt
2025-07-19 23:36:30,456 - INFO - 已将文件内容复制到剪贴板。
2025-07-19 23:36:30,471 - INFO - 已将文件内容复制到剪贴板。
2025-07-19 23:50:17,738 - INFO - 检测到 Ctrl+C
2025-07-19 23:50:17,738 - WARNING - 剪切板中不包含图片
2025-07-19 23:50:17,772 - ERROR - 保存剪切板图片失败
Traceback (most recent call last):
  File "main.py", line 22, in save_clipboard_pic
AttributeError: 'list' object has no attribute 'save'
2025-07-19 23:50:22,252 - INFO - 检测到 Ctrl+C
2025-07-19 23:50:22,285 - INFO - 检测到 Ctrl+C
2025-07-19 23:50:22,286 - ERROR - 保存剪切板图片失败
Traceback (most recent call last):
  File "main.py", line 22, in save_clipboard_pic
AttributeError: 'list' object has no attribute 'save'
2025-07-19 23:50:22,754 - ERROR - 保存剪切板图片失败
Traceback (most recent call last):
  File "main.py", line 22, in save_clipboard_pic
AttributeError: 'list' object has no attribute 'save'
2025-07-19 23:59:35,060 - INFO - 检测到 Ctrl+C
2025-07-19 23:59:35,062 - ERROR - 保存剪切板图片失败
Traceback (most recent call last):
  File "main.py", line 22, in save_clipboard_pic
AttributeError: 'list' object has no attribute 'save'
2025-07-20 00:00:27,790 - INFO - 检测到 Ctrl+C
2025-07-20 00:00:27,792 - ERROR - 保存剪切板图片失败
Traceback (most recent call last):
  File "main.py", line 22, in save_clipboard_pic
AttributeError: 'list' object has no attribute 'save'
2025-07-20 00:01:03,939 - INFO - 检测到 Ctrl+C
2025-07-20 00:01:03,939 - ERROR - 保存剪切板图片失败
Traceback (most recent call last):
  File "main.py", line 22, in save_clipboard_pic
AttributeError: 'list' object has no attribute 'save'
2025-07-20 00:04:42,625 - INFO - OCR 服务已启动
2025-07-20 00:04:44,432 - INFO - 检测到 Ctrl+C
2025-07-20 00:04:44,446 - INFO - 剪切板中的图片已经保存
2025-07-20 00:04:44,446 - INFO - OCR识别任务已提交
2025-07-20 00:04:44,462 - INFO - 检测到 Ctrl+C
2025-07-20 00:04:44,462 - INFO - 检测到 Ctrl+C
2025-07-20 00:04:44,464 - WARNING - 剪切板中不包含图片
2025-07-20 00:04:44,468 - INFO - 剪切板中的图片已经保存
2025-07-20 00:04:44,473 - INFO - OCR识别任务已提交
2025-07-20 00:04:44,500 - INFO - 识别成功，img_path: D:\2\WechatOCR\dist\img\~~~ocr.png, result_file: json\~~~ocr.png.json
2025-07-20 00:04:44,557 - INFO - 识别成功，img_path: D:\2\WechatOCR\dist\img\~~~ocr.png, result_file: json\~~~ocr.png.json
2025-07-20 00:04:45,447 - INFO - 文本已保存到 text_save.txt
2025-07-20 00:04:45,475 - INFO - 文本已保存到 text_save.txt
2025-07-20 00:04:45,491 - INFO - 已将文件内容复制到剪贴板。
2025-07-20 00:04:45,523 - INFO - 已将文件内容复制到剪贴板。
2025-07-20 00:05:04,844 - INFO - 检测到 Ctrl+C
2025-07-20 00:05:04,856 - INFO - 剪切板中的图片已经保存
2025-07-20 00:05:04,861 - INFO - 检测到 Ctrl+C
2025-07-20 00:05:04,861 - INFO - OCR识别任务已提交
2025-07-20 00:05:04,865 - INFO - 剪切板中的图片已经保存
2025-07-20 00:05:04,865 - INFO - OCR识别任务已提交
2025-07-20 00:05:04,895 - INFO - 检测到 Ctrl+C
2025-07-20 00:05:04,899 - INFO - 剪切板中的图片已经保存
2025-07-20 00:05:04,899 - INFO - OCR识别任务已提交
2025-07-20 00:05:04,926 - INFO - 识别成功，img_path: D:\2\WechatOCR\dist\img\~~~ocr.png, result_file: json\~~~ocr.png.json
2025-07-20 00:05:04,960 - INFO - 识别成功，img_path: D:\2\WechatOCR\dist\img\~~~ocr.png, result_file: json\~~~ocr.png.json
2025-07-20 00:05:05,866 - INFO - 文本已保存到 text_save.txt
2025-07-20 00:05:05,882 - INFO - 已将文件内容复制到剪贴板。
2025-07-20 00:05:05,900 - INFO - 文本已保存到 text_save.txt
2025-07-20 00:05:05,921 - INFO - 已将文件内容复制到剪贴板。
2025-07-20 00:05:17,365 - INFO - 检测到 Ctrl+C
2025-07-20 00:05:17,366 - INFO - 剪切板中的图片已经保存
2025-07-20 00:05:17,366 - INFO - OCR识别任务已提交
2025-07-20 00:05:17,413 - INFO - 识别成功，img_path: D:\2\WechatOCR\dist\img\~~~ocr.png, result_file: json\~~~ocr.png.json
2025-07-20 00:05:17,420 - INFO - 检测到 Ctrl+C
2025-07-20 00:05:17,423 - INFO - 剪切板中的图片已经保存
2025-07-20 00:05:17,423 - INFO - OCR识别任务已提交
2025-07-20 00:05:17,472 - INFO - 识别成功，img_path: D:\2\WechatOCR\dist\img\~~~ocr.png, result_file: json\~~~ocr.png.json
2025-07-20 00:05:18,367 - INFO - 文本已保存到 text_save.txt
2025-07-20 00:05:18,383 - INFO - 已将文件内容复制到剪贴板。
2025-07-20 00:05:18,424 - INFO - 文本已保存到 text_save.txt
2025-07-20 00:05:18,441 - INFO - 已将文件内容复制到剪贴板。
2025-07-20 00:06:10,843 - INFO - 检测到 Ctrl+C
2025-07-20 00:06:10,843 - WARNING - 剪切板中不包含图片
2025-07-20 00:06:23,289 - INFO - 检测到 Ctrl+C
2025-07-20 00:06:23,289 - WARNING - 剪切板中不包含图片
2025-07-20 00:06:23,317 - INFO - 检测到 Ctrl+C
2025-07-20 00:06:23,317 - WARNING - 剪切板中不包含图片
2025-07-20 00:08:31,526 - INFO - 检测到 Ctrl+C
2025-07-20 00:08:31,527 - WARNING - 剪切板中不包含图片
2025-07-20 00:08:31,560 - INFO - 检测到 Ctrl+C
2025-07-20 00:08:31,562 - WARNING - 剪切板中不包含图片
2025-07-20 00:10:10,745 - INFO - 检测到 Ctrl+C
2025-07-20 00:10:10,747 - WARNING - 剪切板中不包含图片
2025-07-20 00:10:10,813 - INFO - 检测到 Ctrl+C
2025-07-20 00:10:10,814 - WARNING - 剪切板中不包含图片
2025-07-20 00:10:17,573 - INFO - 检测到 Ctrl+C
2025-07-20 00:10:17,574 - WARNING - 剪切板中不包含图片
2025-07-20 00:10:17,636 - INFO - 检测到 Ctrl+C
2025-07-20 00:10:17,636 - WARNING - 剪切板中不包含图片
2025-07-20 00:11:47,172 - INFO - 检测到 Ctrl+C
2025-07-20 00:11:47,172 - WARNING - 剪切板中不包含图片
2025-07-20 00:13:45,972 - INFO - 检测到 Ctrl+C
2025-07-20 00:13:45,972 - WARNING - 剪切板中不包含图片
2025-07-20 00:13:46,011 - INFO - 检测到 Ctrl+C
2025-07-20 00:13:46,011 - WARNING - 剪切板中不包含图片
2025-07-20 00:15:07,317 - INFO - 检测到 Ctrl+C
2025-07-20 00:15:07,318 - WARNING - 剪切板中不包含图片
2025-07-20 00:15:07,355 - INFO - 检测到 Ctrl+C
2025-07-20 00:15:07,355 - WARNING - 剪切板中不包含图片
2025-07-20 00:17:31,223 - INFO - 检测到 Ctrl+C
2025-07-20 00:17:31,223 - WARNING - 剪切板中不包含图片
2025-07-20 00:17:53,321 - INFO - 检测到 Ctrl+C
2025-07-20 00:17:53,399 - INFO - 检测到 Ctrl+C
2025-07-20 00:17:53,399 - WARNING - 剪切板中不包含图片
2025-07-20 00:17:53,824 - WARNING - 剪切板中不包含图片
2025-07-20 00:18:06,544 - INFO - 检测到 Ctrl+C
2025-07-20 00:18:06,544 - WARNING - 剪切板中不包含图片
2025-07-20 00:18:06,567 - INFO - 检测到 Ctrl+C
2025-07-20 00:18:06,568 - WARNING - 剪切板中不包含图片
2025-07-20 00:19:25,238 - INFO - 检测到 Ctrl+C
2025-07-20 00:19:25,238 - WARNING - 剪切板中不包含图片
2025-07-20 00:21:54,277 - INFO - 检测到 Ctrl+C
2025-07-20 00:21:54,278 - WARNING - 剪切板中不包含图片
2025-07-20 00:21:54,283 - INFO - 剪切板中的图片已经保存
2025-07-20 00:21:54,283 - INFO - OCR识别任务已提交
2025-07-20 00:21:54,477 - INFO - 识别成功，img_path: D:\2\WechatOCR\dist\img\~~~ocr.png, result_file: json\~~~ocr.png.json
2025-07-20 00:21:55,284 - INFO - 文本已保存到 text_save.txt
2025-07-20 00:21:55,302 - INFO - 已将文件内容复制到剪贴板。
2025-07-20 00:22:01,106 - INFO - 检测到 Ctrl+C
2025-07-20 00:22:01,106 - WARNING - 剪切板中不包含图片
2025-07-20 00:23:27,775 - INFO - OCR 服务已启动
2025-07-20 00:23:33,367 - INFO - 检测到 Ctrl+C
2025-07-20 00:23:33,367 - INFO - 检测到 Ctrl+C
2025-07-20 00:23:33,368 - WARNING - 剪切板中不包含图片
2025-07-20 00:23:33,372 - INFO - 剪切板中的图片已经保存
2025-07-20 00:23:33,373 - INFO - OCR识别任务已提交
2025-07-20 00:23:33,396 - INFO - 检测到 Ctrl+C
2025-07-20 00:23:33,416 - INFO - 剪切板中的图片已经保存
2025-07-20 00:23:33,417 - INFO - OCR识别任务已提交
2025-07-20 00:23:33,600 - INFO - 识别成功，img_path: D:\2\WechatOCR\dist\img\~~~ocr.png, result_file: json\~~~ocr.png.json
2025-07-20 00:23:33,635 - INFO - 识别成功，img_path: D:\2\WechatOCR\dist\img\~~~ocr.png, result_file: json\~~~ocr.png.json
2025-07-20 00:23:34,374 - INFO - 文本已保存到 text_save.txt
2025-07-20 00:23:34,396 - INFO - 已将文件内容复制到剪贴板。
2025-07-20 00:23:34,418 - INFO - 文本已保存到 text_save.txt
2025-07-20 00:23:34,490 - INFO - 已将文件内容复制到剪贴板。
2025-07-21 00:03:39,931 - INFO - OCR 服务已启动
2025-07-21 00:03:41,639 - INFO - 检测到 Ctrl+C
2025-07-21 00:03:41,639 - WARNING - 剪切板中不包含图片
2025-07-21 00:03:48,068 - INFO - OCR 服务已启动
2025-07-21 00:03:49,872 - INFO - 检测到 Ctrl+C
2025-07-21 00:03:50,387 - INFO - 剪切板中的图片已经保存
2025-07-21 00:03:50,388 - INFO - OCR识别任务已提交
2025-07-21 00:03:50,468 - INFO - 识别成功，img_path: D:\2\WechatOCR\dist\img\~~~ocr.png, result_file: json\~~~ocr.png.json
2025-07-21 00:03:51,388 - INFO - 文本已保存到 text_save.txt
2025-07-21 00:03:51,454 - INFO - 已将文件内容复制到剪贴板。
2025-07-21 00:03:53,263 - INFO - OCR 服务已启动
2025-07-21 00:03:56,638 - INFO - OCR 服务已启动
2025-07-21 00:03:58,748 - INFO - 检测到 Ctrl+C
2025-07-21 00:03:58,760 - INFO - 剪切板中的图片已经保存
2025-07-21 00:03:58,760 - INFO - OCR识别任务已提交
2025-07-21 00:03:58,781 - INFO - 检测到 Ctrl+C
2025-07-21 00:03:58,783 - INFO - 剪切板中的图片已经保存
2025-07-21 00:03:58,783 - INFO - OCR识别任务已提交
2025-07-21 00:03:58,785 - INFO - 检测到 Ctrl+C
2025-07-21 00:03:58,804 - INFO - 剪切板中的图片已经保存
2025-07-21 00:03:58,804 - INFO - OCR识别任务已提交
2025-07-21 00:03:58,811 - INFO - 检测到 Ctrl+C
2025-07-21 00:03:58,831 - INFO - 剪切板中的图片已经保存
2025-07-21 00:03:58,831 - INFO - 识别成功，img_path: D:\2\WechatOCR\dist\img\~~~ocr.png, result_file: json\~~~ocr.png.json
2025-07-21 00:03:58,832 - INFO - OCR识别任务已提交
2025-07-21 00:03:58,853 - INFO - 识别成功，img_path: D:\2\WechatOCR\dist\img\~~~ocr.png, result_file: json\~~~ocr.png.json
2025-07-21 00:03:58,874 - INFO - 识别成功，img_path: D:\2\WechatOCR\dist\img\~~~ocr.png, result_file: json\~~~ocr.png.json
2025-07-21 00:03:58,893 - INFO - 识别成功，img_path: D:\2\WechatOCR\dist\img\~~~ocr.png, result_file: json\~~~ocr.png.json
2025-07-21 00:03:59,761 - INFO - 文本已保存到 text_save.txt
2025-07-21 00:03:59,785 - INFO - 文本已保存到 text_save.txt
2025-07-21 00:03:59,804 - INFO - 已将文件内容复制到剪贴板。
2025-07-21 00:03:59,805 - INFO - 文本已保存到 text_save.txt
2025-07-21 00:03:59,832 - INFO - 文本已保存到 text_save.txt
2025-07-21 00:03:59,853 - INFO - 已将文件内容复制到剪贴板。
2025-07-21 00:03:59,904 - INFO - 已将文件内容复制到剪贴板。
2025-07-21 00:03:59,935 - INFO - 已将文件内容复制到剪贴板。
2025-07-21 00:04:17,520 - INFO - 检测到 Ctrl+C
2025-07-21 00:04:17,523 - INFO - 剪切板中的图片已经保存
2025-07-21 00:04:17,523 - INFO - OCR识别任务已提交
2025-07-21 00:04:17,574 - INFO - 检测到 Ctrl+C
2025-07-21 00:04:17,575 - WARNING - 剪切板中不包含图片
2025-07-21 00:04:17,579 - INFO - 剪切板中的图片已经保存
2025-07-21 00:04:17,579 - INFO - OCR识别任务已提交
2025-07-21 00:04:17,581 - INFO - 识别成功，img_path: D:\2\WechatOCR\dist\img\~~~ocr.png, result_file: json\~~~ocr.png.json
2025-07-21 00:04:17,638 - INFO - 识别成功，img_path: D:\2\WechatOCR\dist\img\~~~ocr.png, result_file: json\~~~ocr.png.json
2025-07-21 00:04:18,525 - INFO - 文本已保存到 text_save.txt
2025-07-21 00:04:18,538 - INFO - 已将文件内容复制到剪贴板。
2025-07-21 00:04:18,580 - INFO - 文本已保存到 text_save.txt
2025-07-21 00:04:18,595 - INFO - 已将文件内容复制到剪贴板。
2025-07-21 00:04:31,325 - INFO - 检测到 Ctrl+C
2025-07-21 00:04:31,325 - WARNING - 剪切板中不包含图片
2025-07-21 00:11:23,711 - INFO - 检测到 Ctrl+C
2025-07-21 00:11:23,711 - INFO - 检测到 Ctrl+C
2025-07-21 00:11:23,712 - WARNING - 剪切板中不包含图片
2025-07-21 00:11:23,712 - WARNING - 剪切板中不包含图片
2025-07-21 00:11:23,714 - INFO - 剪切板中的图片已经保存
2025-07-21 00:11:23,715 - INFO - OCR识别任务已提交
2025-07-21 00:11:23,770 - INFO - 识别成功，img_path: D:\2\WechatOCR\dist\img\~~~ocr.png, result_file: json\~~~ocr.png.json
2025-07-21 00:11:24,715 - INFO - 文本已保存到 text_save.txt
2025-07-21 00:11:24,731 - INFO - 已将文件内容复制到剪贴板。
2025-07-21 00:11:44,993 - INFO - 检测到 Ctrl+C
2025-07-21 00:11:44,993 - INFO - 检测到 Ctrl+C
2025-07-21 00:11:44,994 - WARNING - 剪切板中不包含图片
2025-07-21 00:11:44,996 - INFO - 剪切板中的图片已经保存
2025-07-21 00:11:44,996 - INFO - OCR识别任务已提交
2025-07-21 00:11:45,010 - INFO - 检测到 Ctrl+C
2025-07-21 00:11:45,030 - INFO - 剪切板中的图片已经保存
2025-07-21 00:11:45,030 - INFO - OCR识别任务已提交
2025-07-21 00:11:45,066 - INFO - 识别成功，img_path: D:\2\WechatOCR\dist\img\~~~ocr.png, result_file: json\~~~ocr.png.json
2025-07-21 00:11:45,097 - INFO - 识别成功，img_path: D:\2\WechatOCR\dist\img\~~~ocr.png, result_file: json\~~~ocr.png.json
2025-07-21 00:11:45,997 - INFO - 文本已保存到 text_save.txt
2025-07-21 00:11:46,012 - INFO - 已将文件内容复制到剪贴板。
2025-07-21 00:11:46,031 - INFO - 文本已保存到 text_save.txt
2025-07-21 00:11:46,048 - INFO - 已将文件内容复制到剪贴板。
2025-07-21 00:11:59,347 - INFO - 检测到 Ctrl+C
2025-07-21 00:11:59,348 - WARNING - 剪切板中不包含图片
2025-07-21 00:12:13,820 - INFO - 检测到 Ctrl+C
2025-07-21 00:12:13,820 - WARNING - 剪切板中不包含图片
2025-07-21 00:12:20,127 - INFO - 检测到 Ctrl+C
2025-07-21 00:12:20,127 - WARNING - 剪切板中不包含图片
2025-07-21 00:12:20,142 - INFO - 检测到 Ctrl+C
2025-07-21 00:12:20,142 - WARNING - 剪切板中不包含图片
2025-07-21 00:12:20,178 - INFO - 检测到 Ctrl+C
2025-07-21 00:12:20,178 - WARNING - 剪切板中不包含图片
2025-07-21 00:12:20,201 - INFO - 检测到 Ctrl+C
2025-07-21 00:12:20,201 - WARNING - 剪切板中不包含图片
2025-07-21 00:12:50,949 - INFO - 检测到 Ctrl+C
2025-07-21 00:12:50,950 - WARNING - 剪切板中不包含图片
2025-07-21 00:12:50,959 - INFO - 检测到 Ctrl+C
2025-07-21 00:12:50,960 - WARNING - 剪切板中不包含图片
2025-07-21 00:12:50,998 - INFO - 检测到 Ctrl+C
2025-07-21 00:12:50,999 - WARNING - 剪切板中不包含图片
2025-07-21 00:12:51,021 - INFO - 检测到 Ctrl+C
2025-07-21 00:12:51,022 - WARNING - 剪切板中不包含图片
2025-07-21 00:13:53,187 - INFO - 检测到 Ctrl+C
2025-07-21 00:13:53,187 - WARNING - 剪切板中不包含图片
2025-07-21 00:15:13,987 - INFO - 检测到 Ctrl+C
2025-07-21 00:15:13,987 - INFO - 检测到 Ctrl+C
2025-07-21 00:15:13,987 - WARNING - 剪切板中不包含图片
2025-07-21 00:15:13,988 - WARNING - 剪切板中不包含图片
2025-07-21 00:15:13,997 - INFO - 检测到 Ctrl+C
2025-07-21 00:15:13,997 - WARNING - 剪切板中不包含图片
2025-07-21 00:15:14,020 - INFO - 检测到 Ctrl+C
2025-07-21 00:15:14,020 - WARNING - 剪切板中不包含图片
2025-07-21 00:15:41,586 - INFO - 检测到 Ctrl+C
2025-07-21 00:15:41,586 - WARNING - 剪切板中不包含图片
2025-07-21 00:15:41,588 - WARNING - 剪切板中不包含图片
2025-07-21 00:15:41,600 - INFO - 检测到 Ctrl+C
2025-07-21 00:15:41,600 - WARNING - 剪切板中不包含图片
2025-07-21 00:15:41,630 - INFO - 检测到 Ctrl+C
2025-07-21 00:15:41,630 - WARNING - 剪切板中不包含图片
2025-07-21 00:15:52,673 - INFO - 检测到 Ctrl+C
2025-07-21 00:15:52,673 - WARNING - 剪切板中不包含图片
2025-07-21 00:16:35,784 - INFO - 检测到 Ctrl+C
2025-07-21 00:16:35,784 - WARNING - 剪切板中不包含图片
2025-07-21 00:16:35,785 - WARNING - 剪切板中不包含图片
2025-07-21 00:16:35,795 - INFO - 检测到 Ctrl+C
2025-07-21 00:16:35,796 - WARNING - 剪切板中不包含图片
2025-07-21 00:16:35,838 - INFO - 检测到 Ctrl+C
2025-07-21 00:16:35,838 - WARNING - 剪切板中不包含图片
2025-07-21 00:16:48,332 - INFO - 检测到 Ctrl+C
2025-07-21 00:16:48,333 - WARNING - 剪切板中不包含图片
2025-07-21 00:16:48,334 - WARNING - 剪切板中不包含图片
2025-07-21 00:16:48,340 - INFO - 检测到 Ctrl+C
2025-07-21 00:16:48,343 - WARNING - 剪切板中不包含图片
2025-07-21 00:16:48,389 - INFO - 检测到 Ctrl+C
2025-07-21 00:16:48,390 - WARNING - 剪切板中不包含图片
2025-07-21 00:18:19,382 - INFO - 检测到 Ctrl+C
2025-07-21 00:18:19,383 - WARNING - 剪切板中不包含图片
2025-07-21 00:18:25,905 - INFO - 检测到 Ctrl+C
2025-07-21 00:18:25,905 - WARNING - 剪切板中不包含图片
2025-07-21 00:18:25,909 - INFO - 检测到 Ctrl+C
2025-07-21 00:18:25,909 - INFO - 检测到 Ctrl+C
2025-07-21 00:18:25,909 - WARNING - 剪切板中不包含图片
2025-07-21 00:18:25,909 - WARNING - 剪切板中不包含图片
2025-07-21 00:18:25,935 - INFO - 检测到 Ctrl+C
2025-07-21 00:18:25,935 - WARNING - 剪切板中不包含图片
2025-07-21 00:18:36,040 - INFO - 检测到 Ctrl+C
2025-07-21 00:18:36,040 - WARNING - 剪切板中不包含图片
2025-07-21 00:19:14,123 - INFO - 检测到 Ctrl+C
2025-07-21 00:19:14,124 - WARNING - 剪切板中不包含图片
2025-07-21 00:19:14,174 - INFO - 检测到 Ctrl+C
2025-07-21 00:19:14,174 - WARNING - 剪切板中不包含图片
2025-07-21 00:19:14,177 - INFO - 检测到 Ctrl+C
2025-07-21 00:19:14,178 - WARNING - 剪切板中不包含图片
2025-07-21 00:19:14,178 - INFO - 检测到 Ctrl+C
2025-07-21 00:19:14,178 - WARNING - 剪切板中不包含图片
2025-07-21 00:19:22,504 - INFO - 检测到 Ctrl+C
2025-07-21 00:19:22,505 - WARNING - 剪切板中不包含图片
2025-07-21 00:19:22,507 - INFO - 检测到 Ctrl+C
2025-07-21 00:19:22,508 - INFO - 检测到 Ctrl+C
2025-07-21 00:19:22,508 - WARNING - 剪切板中不包含图片
2025-07-21 00:19:22,508 - WARNING - 剪切板中不包含图片
2025-07-21 00:19:22,561 - INFO - 检测到 Ctrl+C
2025-07-21 00:19:22,563 - WARNING - 剪切板中不包含图片
2025-07-21 00:20:54,707 - INFO - 检测到 Ctrl+C
2025-07-21 00:20:54,708 - WARNING - 剪切板中不包含图片
2025-07-21 00:20:54,746 - INFO - 检测到 Ctrl+C
2025-07-21 00:20:54,746 - WARNING - 剪切板中不包含图片
2025-07-21 00:20:54,746 - WARNING - 剪切板中不包含图片
2025-07-21 00:20:54,746 - WARNING - 剪切板中不包含图片
2025-07-21 00:21:33,057 - INFO - 检测到 Ctrl+C
2025-07-21 00:21:33,058 - WARNING - 剪切板中不包含图片
2025-07-21 00:21:33,094 - INFO - 检测到 Ctrl+C
2025-07-21 00:21:33,094 - INFO - 检测到 Ctrl+C
2025-07-21 00:21:33,094 - INFO - 检测到 Ctrl+C
2025-07-21 00:21:33,094 - WARNING - 剪切板中不包含图片
2025-07-21 00:21:33,094 - WARNING - 剪切板中不包含图片
2025-07-21 00:21:33,094 - WARNING - 剪切板中不包含图片
2025-07-21 00:21:38,778 - INFO - 检测到 Ctrl+C
2025-07-21 00:21:38,782 - WARNING - 剪切板中不包含图片
2025-07-21 00:21:38,813 - INFO - 检测到 Ctrl+C
2025-07-21 00:21:38,813 - WARNING - 剪切板中不包含图片
2025-07-21 00:21:38,814 - WARNING - 剪切板中不包含图片
2025-07-21 00:21:38,815 - WARNING - 剪切板中不包含图片
2025-07-21 00:21:40,787 - INFO - 检测到 Ctrl+C
2025-07-21 00:21:40,789 - WARNING - 剪切板中不包含图片
2025-07-21 00:21:40,819 - INFO - 检测到 Ctrl+C
2025-07-21 00:21:40,820 - INFO - 检测到 Ctrl+C
2025-07-21 00:21:40,820 - WARNING - 剪切板中不包含图片
2025-07-21 00:21:40,820 - WARNING - 剪切板中不包含图片
2025-07-21 00:21:40,820 - WARNING - 剪切板中不包含图片
2025-07-21 00:21:52,360 - INFO - 检测到 Ctrl+C
2025-07-21 00:21:52,360 - INFO - 检测到 Ctrl+C
2025-07-21 00:21:52,363 - WARNING - 剪切板中不包含图片
2025-07-21 00:21:52,363 - WARNING - 剪切板中不包含图片
2025-07-21 00:21:52,366 - WARNING - 剪切板中不包含图片
2025-07-21 00:21:52,428 - INFO - 检测到 Ctrl+C
2025-07-21 00:21:52,429 - WARNING - 剪切板中不包含图片
2025-07-21 00:22:12,738 - INFO - 检测到 Ctrl+C
2025-07-21 00:22:12,738 - WARNING - 剪切板中不包含图片
2025-07-21 00:22:12,738 - WARNING - 剪切板中不包含图片
2025-07-21 00:22:12,740 - INFO - 检测到 Ctrl+C
2025-07-21 00:22:12,741 - WARNING - 剪切板中不包含图片
2025-07-21 00:22:20,629 - INFO - 检测到 Ctrl+C
2025-07-21 00:22:20,630 - WARNING - 剪切板中不包含图片
2025-07-21 00:22:20,665 - INFO - 检测到 Ctrl+C
2025-07-21 00:22:20,665 - WARNING - 剪切板中不包含图片
2025-07-21 00:22:20,665 - WARNING - 剪切板中不包含图片
2025-07-21 00:22:20,669 - INFO - 检测到 Ctrl+C
2025-07-21 00:22:20,669 - WARNING - 剪切板中不包含图片
2025-07-21 00:23:00,507 - INFO - 检测到 Ctrl+C
2025-07-21 00:23:00,507 - INFO - 检测到 Ctrl+C
2025-07-21 00:23:00,507 - WARNING - 剪切板中不包含图片
2025-07-21 00:23:00,507 - WARNING - 剪切板中不包含图片
2025-07-21 00:23:00,509 - INFO - 检测到 Ctrl+C
2025-07-21 00:23:00,509 - WARNING - 剪切板中不包含图片
2025-07-21 00:23:00,573 - INFO - 检测到 Ctrl+C
2025-07-21 00:23:00,573 - WARNING - 剪切板中不包含图片
2025-07-21 00:23:09,003 - INFO - 检测到 Ctrl+C
2025-07-21 00:23:09,003 - WARNING - 剪切板中不包含图片
2025-07-21 00:23:09,037 - INFO - 检测到 Ctrl+C
2025-07-21 00:23:09,038 - INFO - 检测到 Ctrl+C
2025-07-21 00:23:09,038 - WARNING - 剪切板中不包含图片
2025-07-21 00:23:09,038 - WARNING - 剪切板中不包含图片
2025-07-21 00:23:09,040 - INFO - 检测到 Ctrl+C
2025-07-21 00:23:09,040 - WARNING - 剪切板中不包含图片
2025-07-21 00:26:13,065 - INFO - 检测到 Ctrl+C
2025-07-21 00:26:13,066 - WARNING - 剪切板中不包含图片
2025-07-21 00:26:31,229 - INFO - 检测到 Ctrl+C
2025-07-21 00:26:31,229 - WARNING - 剪切板中不包含图片
2025-07-21 00:26:31,373 - INFO - 检测到 Ctrl+C
2025-07-21 00:26:31,373 - WARNING - 剪切板中不包含图片
2025-07-21 00:38:54,338 - INFO - 检测到 Ctrl+C
2025-07-21 00:38:54,338 - WARNING - 剪切板中不包含图片
2025-07-21 00:38:59,855 - INFO - 检测到 Ctrl+C
2025-07-21 00:38:59,855 - WARNING - 剪切板中不包含图片
2025-07-21 00:40:24,945 - INFO - 检测到 Ctrl+C
2025-07-21 00:40:24,945 - WARNING - 剪切板中不包含图片
2025-07-21 00:40:24,987 - INFO - 检测到 Ctrl+C
2025-07-21 00:40:24,987 - INFO - 检测到 Ctrl+C
2025-07-21 00:40:24,987 - WARNING - 剪切板中不包含图片
2025-07-21 00:40:24,987 - WARNING - 剪切板中不包含图片
2025-07-21 00:40:24,987 - WARNING - 剪切板中不包含图片
2025-07-21 00:40:38,537 - INFO - 检测到 Ctrl+C
2025-07-21 00:40:38,537 - WARNING - 剪切板中不包含图片
2025-07-21 00:47:03,478 - INFO - 检测到 Ctrl+C
2025-07-21 00:47:03,479 - WARNING - 剪切板中不包含图片
2025-07-21 00:53:14,876 - INFO - 检测到 Ctrl+C
2025-07-21 00:53:14,876 - INFO - 检测到 Ctrl+C
2025-07-21 00:53:14,876 - WARNING - 剪切板中不包含图片
2025-07-21 00:53:14,877 - WARNING - 剪切板中不包含图片
2025-07-21 00:53:14,877 - WARNING - 剪切板中不包含图片
2025-07-21 00:53:26,213 - INFO - 检测到 Ctrl+C
2025-07-21 00:53:26,213 - WARNING - 剪切板中不包含图片
2025-07-21 13:53:48,228 - INFO - 检测到 Ctrl+C
2025-07-21 13:53:48,229 - WARNING - 剪切板中不包含图片
2025-07-21 15:29:45,550 - INFO - 检测到 Esc，准备退出
2025-07-21 15:29:45,561 - INFO - OCR 服务已关闭
2025-07-21 15:29:45,561 - INFO - 程序退出
2025-07-21 15:29:45,589 - INFO - 检测到 Esc，准备退出
2025-07-21 15:29:45,590 - INFO - 检测到 Esc，准备退出
2025-07-21 15:29:45,603 - INFO - OCR 服务已关闭
2025-07-21 15:29:45,603 - INFO - 程序退出
2025-07-21 15:29:45,604 - INFO - OCR 服务已关闭
2025-07-21 15:29:45,604 - INFO - 程序退出
2025-07-21 15:29:45,634 - INFO - 检测到 Esc，准备退出
2025-07-21 15:29:45,649 - INFO - OCR 服务已关闭
2025-07-21 15:29:45,649 - INFO - 程序退出
2025-07-22 00:07:27,083 - INFO - OCR 服务已启动
2025-07-22 00:07:33,908 - INFO - 检测到 Ctrl+C
2025-07-22 00:07:33,922 - INFO - 剪切板中的图片已经保存
2025-07-22 00:07:33,923 - INFO - OCR识别任务已提交
2025-07-22 00:07:34,000 - INFO - 识别成功，img_path: D:\2\WechatOCR\dist\img\~~~ocr.png, result_file: json\~~~ocr.png.json
2025-07-22 00:07:34,923 - INFO - 文本已保存到 text_save.txt
2025-07-22 00:07:35,079 - INFO - 已将文件内容复制到剪贴板。
2025-07-22 00:07:44,712 - INFO - 检测到 Ctrl+C
2025-07-22 00:07:44,720 - INFO - 剪切板中的图片已经保存
2025-07-22 00:07:44,720 - INFO - OCR识别任务已提交
2025-07-22 00:07:44,767 - INFO - 识别成功，img_path: D:\2\WechatOCR\dist\img\~~~ocr.png, result_file: json\~~~ocr.png.json
2025-07-22 00:07:45,720 - INFO - 文本已保存到 text_save.txt
2025-07-22 00:07:45,735 - INFO - 已将文件内容复制到剪贴板。
2025-07-22 00:07:51,053 - INFO - 检测到 Ctrl+C
2025-07-22 00:07:51,055 - INFO - 剪切板中的图片已经保存
2025-07-22 00:07:51,055 - INFO - OCR识别任务已提交
2025-07-22 00:07:51,118 - INFO - 识别成功，img_path: D:\2\WechatOCR\dist\img\~~~ocr.png, result_file: json\~~~ocr.png.json
2025-07-22 00:07:52,056 - INFO - 文本已保存到 text_save.txt
2025-07-22 00:07:52,072 - INFO - 已将文件内容复制到剪贴板。
2025-07-22 00:09:17,461 - INFO - 检测到 Ctrl+C
2025-07-22 00:09:17,467 - INFO - 剪切板中的图片已经保存
2025-07-22 00:09:17,467 - INFO - OCR识别任务已提交
2025-07-22 00:09:17,527 - INFO - 识别成功，img_path: D:\2\WechatOCR\dist\img\~~~ocr.png, result_file: json\~~~ocr.png.json
2025-07-22 00:09:18,468 - INFO - 文本已保存到 text_save.txt
2025-07-22 00:09:18,484 - INFO - 已将文件内容复制到剪贴板。
2025-07-22 00:09:34,745 - INFO - 检测到 Ctrl+C
2025-07-22 00:09:34,750 - INFO - 剪切板中的图片已经保存
2025-07-22 00:09:34,751 - INFO - OCR识别任务已提交
2025-07-22 00:09:34,973 - INFO - 识别成功，img_path: D:\2\WechatOCR\dist\img\~~~ocr.png, result_file: json\~~~ocr.png.json
2025-07-22 00:09:35,751 - INFO - 文本已保存到 text_save.txt
2025-07-22 00:09:35,778 - INFO - 已将文件内容复制到剪贴板。
2025-07-22 00:16:16,539 - INFO - 检测到 Ctrl+C
2025-07-22 00:16:16,542 - INFO - 剪切板中的图片已经保存
2025-07-22 00:16:16,542 - INFO - OCR识别任务已提交
2025-07-22 00:16:16,841 - INFO - 识别成功，img_path: D:\2\WechatOCR\dist\img\~~~ocr.png, result_file: json\~~~ocr.png.json
2025-07-22 00:16:17,543 - INFO - 文本已保存到 text_save.txt
2025-07-22 00:16:17,559 - INFO - 已将文件内容复制到剪贴板。
2025-07-22 00:19:53,862 - INFO - 检测到 Ctrl+C
2025-07-22 00:19:53,862 - WARNING - 剪切板中不包含图片
2025-07-22 00:26:05,504 - INFO - 检测到 Ctrl+C
2025-07-22 00:26:05,505 - WARNING - 剪切板中不包含图片
2025-07-22 00:26:34,000 - INFO - 检测到 Ctrl+C
2025-07-22 00:26:34,003 - INFO - 剪切板中的图片已经保存
2025-07-22 00:26:34,004 - INFO - OCR识别任务已提交
2025-07-22 00:26:34,055 - INFO - 识别成功，img_path: D:\2\WechatOCR\dist\img\~~~ocr.png, result_file: json\~~~ocr.png.json
2025-07-22 00:26:35,005 - INFO - 文本已保存到 text_save.txt
2025-07-22 00:26:35,020 - INFO - 已将文件内容复制到剪贴板。
2025-07-22 00:26:40,037 - INFO - 检测到 Ctrl+C
2025-07-22 00:26:40,037 - WARNING - 剪切板中不包含图片
2025-07-22 00:26:59,606 - INFO - 检测到 Ctrl+C
2025-07-22 00:26:59,610 - INFO - 剪切板中的图片已经保存
2025-07-22 00:26:59,610 - INFO - OCR识别任务已提交
2025-07-22 00:26:59,660 - INFO - 识别成功，img_path: D:\2\WechatOCR\dist\img\~~~ocr.png, result_file: json\~~~ocr.png.json
2025-07-22 00:27:00,610 - INFO - 文本已保存到 text_save.txt
2025-07-22 00:27:00,624 - INFO - 已将文件内容复制到剪贴板。
2025-07-22 00:27:03,133 - INFO - 检测到 Ctrl+C
2025-07-22 00:27:03,134 - INFO - 剪切板中的图片已经保存
2025-07-22 00:27:03,134 - INFO - OCR识别任务已提交
2025-07-22 00:27:03,183 - INFO - 识别成功，img_path: D:\2\WechatOCR\dist\img\~~~ocr.png, result_file: json\~~~ocr.png.json
2025-07-22 00:27:04,136 - INFO - 文本已保存到 text_save.txt
2025-07-22 00:27:04,152 - INFO - 已将文件内容复制到剪贴板。
2025-07-22 00:27:29,840 - INFO - 检测到 Ctrl+C
2025-07-22 00:27:29,841 - INFO - 剪切板中的图片已经保存
2025-07-22 00:27:29,842 - INFO - OCR识别任务已提交
2025-07-22 00:27:29,897 - INFO - 识别成功，img_path: D:\2\WechatOCR\dist\img\~~~ocr.png, result_file: json\~~~ocr.png.json
2025-07-22 00:27:30,843 - INFO - 文本已保存到 text_save.txt
2025-07-22 00:27:30,867 - INFO - 已将文件内容复制到剪贴板。
2025-07-22 00:28:07,494 - INFO - 检测到 Ctrl+C
2025-07-22 00:28:07,496 - WARNING - 剪切板中不包含图片
2025-07-22 00:29:22,123 - INFO - 检测到 Ctrl+C
2025-07-22 00:29:22,124 - WARNING - 剪切板中不包含图片
2025-07-22 00:29:53,830 - INFO - 检测到 Ctrl+C
2025-07-22 00:29:53,830 - WARNING - 剪切板中不包含图片
2025-07-22 00:30:11,985 - INFO - 检测到 Ctrl+C
2025-07-22 00:30:11,985 - WARNING - 剪切板中不包含图片
2025-07-22 00:30:41,575 - INFO - 检测到 Ctrl+C
2025-07-22 00:30:42,084 - WARNING - 剪切板中不包含图片
2025-07-22 00:30:43,989 - INFO - 检测到 Ctrl+C
2025-07-22 00:30:43,989 - WARNING - 剪切板中不包含图片
2025-07-22 00:31:36,456 - INFO - 检测到 Ctrl+C
2025-07-22 00:31:36,456 - WARNING - 剪切板中不包含图片
2025-07-22 00:31:40,569 - INFO - 检测到 Ctrl+C
2025-07-22 00:31:40,570 - WARNING - 剪切板中不包含图片
2025-07-22 00:32:03,030 - INFO - 检测到 Ctrl+C
2025-07-22 00:32:03,031 - WARNING - 剪切板中不包含图片
2025-07-22 00:32:09,247 - INFO - 检测到 Ctrl+C
2025-07-22 00:32:09,249 - WARNING - 剪切板中不包含图片
2025-07-22 00:32:29,204 - INFO - 检测到 Ctrl+C
2025-07-22 00:32:29,207 - WARNING - 剪切板中不包含图片
2025-07-22 00:32:43,244 - INFO - 检测到 Ctrl+C
2025-07-22 00:32:43,244 - WARNING - 剪切板中不包含图片
2025-07-22 00:33:24,351 - INFO - 检测到 Ctrl+C
2025-07-22 00:33:24,354 - WARNING - 剪切板中不包含图片
2025-07-22 00:33:36,289 - INFO - 检测到 Ctrl+C
2025-07-22 00:33:36,293 - WARNING - 剪切板中不包含图片
2025-07-22 00:33:45,517 - INFO - 检测到 Ctrl+C
2025-07-22 00:33:45,519 - WARNING - 剪切板中不包含图片
2025-07-22 00:34:09,790 - INFO - 检测到 Ctrl+C
2025-07-22 00:34:09,792 - WARNING - 剪切板中不包含图片
2025-07-22 00:34:47,494 - INFO - 检测到 Ctrl+C
2025-07-22 00:34:47,496 - WARNING - 剪切板中不包含图片
2025-07-22 00:37:57,006 - INFO - 检测到 Ctrl+C
2025-07-22 00:37:57,007 - WARNING - 剪切板中不包含图片
2025-07-22 00:38:08,941 - INFO - 检测到 Ctrl+C
2025-07-22 00:38:08,942 - WARNING - 剪切板中不包含图片
2025-07-22 00:38:17,870 - INFO - 检测到 Ctrl+C
2025-07-22 00:38:17,870 - WARNING - 剪切板中不包含图片
2025-07-22 00:38:48,061 - INFO - 检测到 Ctrl+C
2025-07-22 00:38:48,061 - WARNING - 剪切板中不包含图片
2025-07-22 00:38:52,474 - INFO - 检测到 Ctrl+C
2025-07-22 00:38:52,474 - WARNING - 剪切板中不包含图片
2025-07-22 00:40:38,646 - INFO - 检测到 Ctrl+C
2025-07-22 00:40:38,649 - WARNING - 剪切板中不包含图片
2025-07-22 00:41:13,541 - INFO - 检测到 Ctrl+C
2025-07-22 00:41:14,057 - WARNING - 剪切板中不包含图片
2025-07-22 00:42:35,778 - INFO - 检测到 Ctrl+C
2025-07-22 00:42:36,282 - WARNING - 剪切板中不包含图片
2025-07-22 00:42:36,883 - INFO - 检测到 Ctrl+C
2025-07-22 00:42:36,883 - WARNING - 剪切板中不包含图片
2025-07-22 00:43:39,388 - INFO - 检测到 Ctrl+C
2025-07-22 00:43:39,389 - WARNING - 剪切板中不包含图片
2025-07-22 00:46:22,291 - INFO - 检测到 Ctrl+C
2025-07-22 00:46:22,292 - WARNING - 剪切板中不包含图片
2025-07-22 00:53:32,206 - INFO - 检测到 Esc，准备退出
2025-07-22 00:53:32,211 - INFO - OCR 服务已关闭
2025-07-22 00:53:32,211 - INFO - 程序退出
2025-07-22 21:12:26,444 - INFO - OCR 服务已启动
2025-07-22 21:12:29,056 - INFO - 检测到 Ctrl+C
2025-07-22 21:12:29,071 - INFO - 剪切板中的图片已经保存
2025-07-22 21:12:29,072 - INFO - OCR识别任务已提交
2025-07-22 21:12:29,269 - INFO - 识别成功，img_path: D:\2\WechatOCR\dist\img\~~~ocr.png, result_file: json\~~~ocr.png.json
2025-07-22 21:12:30,072 - INFO - 文本已保存到 text_save.txt
2025-07-22 21:12:30,110 - INFO - 已将文件内容复制到剪贴板。
2025-07-22 21:18:34,036 - INFO - 检测到 Ctrl+C
2025-07-22 21:18:34,037 - WARNING - 剪切板中不包含图片
2025-07-22 21:19:23,127 - INFO - 检测到 Ctrl+C
2025-07-22 21:19:23,130 - INFO - 剪切板中的图片已经保存
2025-07-22 21:19:23,131 - INFO - OCR识别任务已提交
2025-07-22 21:19:23,201 - INFO - 识别成功，img_path: D:\2\WechatOCR\dist\img\~~~ocr.png, result_file: json\~~~ocr.png.json
2025-07-22 21:19:24,131 - INFO - 文本已保存到 text_save.txt
2025-07-22 21:19:24,144 - INFO - 已将文件内容复制到剪贴板。
2025-07-22 21:19:31,265 - INFO - OCR 服务已启动
2025-07-22 21:19:33,900 - INFO - 检测到 Ctrl+C
2025-07-22 21:19:33,952 - INFO - 剪切板中的图片已经保存
2025-07-22 21:19:33,952 - INFO - OCR识别任务已提交
2025-07-22 21:19:33,986 - INFO - 检测到 Ctrl+C
2025-07-22 21:19:34,007 - INFO - 剪切板中的图片已经保存
2025-07-22 21:19:34,007 - INFO - OCR识别任务已提交
2025-07-22 21:19:34,047 - INFO - 识别成功，img_path: D:\2\WechatOCR\dist\img\~~~ocr.png, result_file: json\~~~ocr.png.json
2025-07-22 21:19:34,096 - INFO - 识别成功，img_path: D:\2\WechatOCR\dist\img\~~~ocr.png, result_file: json\~~~ocr.png.json
2025-07-22 21:19:34,953 - INFO - 文本已保存到 text_save.txt
2025-07-22 21:19:35,004 - INFO - 已将文件内容复制到剪贴板。
2025-07-22 21:19:35,009 - INFO - 文本已保存到 text_save.txt
2025-07-22 21:19:35,061 - INFO - 已将文件内容复制到剪贴板。
2025-07-22 21:19:38,778 - INFO - 检测到 Ctrl+C
2025-07-22 21:19:39,280 - WARNING - 剪切板中不包含图片
2025-07-22 21:19:48,395 - INFO - OCR 服务已启动
2025-07-22 21:19:51,774 - INFO - 检测到 Ctrl+C
2025-07-22 21:19:51,778 - INFO - 剪切板中的图片已经保存
2025-07-22 21:19:51,780 - INFO - OCR识别任务已提交
2025-07-22 21:19:51,802 - INFO - 检测到 Ctrl+C
2025-07-22 21:19:51,804 - INFO - 剪切板中的图片已经保存
2025-07-22 21:19:51,804 - INFO - OCR识别任务已提交
2025-07-22 21:19:51,809 - INFO - 检测到 Ctrl+C
2025-07-22 21:19:51,822 - INFO - 剪切板中的图片已经保存
2025-07-22 21:19:51,822 - INFO - OCR识别任务已提交
2025-07-22 21:19:51,862 - INFO - 识别成功，img_path: D:\2\WechatOCR\dist\img\~~~ocr.png, result_file: json\~~~ocr.png.json
2025-07-22 21:19:51,892 - INFO - 识别成功，img_path: D:\2\WechatOCR\dist\img\~~~ocr.png, result_file: json\~~~ocr.png.json
2025-07-22 21:19:51,907 - INFO - 识别成功，img_path: D:\2\WechatOCR\dist\img\~~~ocr.png, result_file: json\~~~ocr.png.json
2025-07-22 21:19:52,780 - INFO - 文本已保存到 text_save.txt
2025-07-22 21:19:52,793 - INFO - 已将文件内容复制到剪贴板。
2025-07-22 21:19:52,805 - INFO - 文本已保存到 text_save.txt
2025-07-22 21:19:52,814 - INFO - 已将文件内容复制到剪贴板。
2025-07-22 21:19:52,823 - INFO - 文本已保存到 text_save.txt
2025-07-22 21:19:52,894 - INFO - 已将文件内容复制到剪贴板。
2025-07-22 21:19:54,096 - INFO - 检测到 Esc，准备退出
2025-07-22 21:19:54,097 - INFO - OCR 服务已关闭
2025-07-22 21:19:54,097 - INFO - 程序退出
2025-07-22 21:19:54,097 - INFO - 检测到 Esc，准备退出
2025-07-22 21:19:54,098 - INFO - OCR 服务已关闭
2025-07-22 21:19:54,098 - INFO - 程序退出
2025-07-22 21:19:54,118 - INFO - 检测到 Esc，准备退出
2025-07-22 21:19:54,118 - INFO - OCR 服务已关闭
2025-07-22 21:19:54,118 - INFO - 程序退出
2025-07-22 21:19:57,255 - INFO - OCR 服务已启动
2025-07-22 21:20:08,007 - INFO - OCR 服务已启动
2025-07-22 21:20:19,245 - INFO - 检测到 Ctrl+C
2025-07-22 21:20:19,257 - INFO - 剪切板中的图片已经保存
2025-07-22 21:20:19,257 - INFO - OCR识别任务已提交
2025-07-22 21:20:19,271 - INFO - 检测到 Ctrl+C
2025-07-22 21:20:19,281 - INFO - 剪切板中的图片已经保存
2025-07-22 21:20:19,282 - INFO - OCR识别任务已提交
2025-07-22 21:20:19,323 - INFO - 识别成功，img_path: D:\2\WechatOCR\dist\img\~~~ocr.png, result_file: json\~~~ocr.png.json
2025-07-22 21:20:19,348 - INFO - 识别成功，img_path: D:\2\WechatOCR\dist\img\~~~ocr.png, result_file: json\~~~ocr.png.json
2025-07-22 21:20:20,257 - INFO - 文本已保存到 text_save.txt
2025-07-22 21:20:20,283 - INFO - 文本已保存到 text_save.txt
2025-07-22 21:20:20,289 - INFO - 已将文件内容复制到剪贴板。
2025-07-22 21:20:20,314 - INFO - 已将文件内容复制到剪贴板。
2025-07-22 21:20:30,450 - INFO - 检测到 Ctrl+C
2025-07-22 21:20:30,454 - INFO - 剪切板中的图片已经保存
2025-07-22 21:20:30,454 - INFO - OCR识别任务已提交
2025-07-22 21:20:30,523 - INFO - 检测到 Ctrl+C
2025-07-22 21:20:30,525 - INFO - 剪切板中的图片已经保存
2025-07-22 21:20:30,526 - INFO - OCR识别任务已提交
2025-07-22 21:20:30,527 - INFO - 识别成功，img_path: D:\2\WechatOCR\dist\img\~~~ocr.png, result_file: json\~~~ocr.png.json
2025-07-22 21:20:30,593 - INFO - 识别成功，img_path: D:\2\WechatOCR\dist\img\~~~ocr.png, result_file: json\~~~ocr.png.json
2025-07-22 21:20:31,455 - INFO - 文本已保存到 text_save.txt
2025-07-22 21:20:31,461 - INFO - 已将文件内容复制到剪贴板。
2025-07-22 21:20:31,528 - INFO - 文本已保存到 text_save.txt
2025-07-22 21:20:31,535 - INFO - 已将文件内容复制到剪贴板。
2025-07-22 21:22:14,110 - INFO - 检测到 Ctrl+C
2025-07-22 21:22:14,110 - INFO - 检测到 Ctrl+C
2025-07-22 21:22:14,110 - WARNING - 剪切板中不包含图片
2025-07-22 21:22:14,110 - WARNING - 剪切板中不包含图片
2025-07-22 21:22:22,735 - INFO - 检测到 Esc，准备退出
2025-07-22 21:22:22,735 - INFO - OCR 服务已关闭
2025-07-22 21:22:22,735 - INFO - 程序退出
2025-07-22 21:22:22,735 - INFO - OCR 服务已关闭
2025-07-22 21:22:22,735 - INFO - 程序退出
2025-07-22 21:22:29,247 - INFO - OCR 服务已启动
2025-07-22 21:22:31,660 - INFO - 检测到 Ctrl+C
2025-07-22 21:22:31,675 - INFO - 剪切板中的图片已经保存
2025-07-22 21:22:31,676 - INFO - OCR识别任务已提交
2025-07-22 21:22:31,848 - INFO - 识别成功，img_path: D:\2\WechatOCR\dist\img\~~~ocr.png, result_file: json\~~~ocr.png.json
2025-07-22 21:22:32,676 - INFO - 文本已保存到 text_save.txt
2025-07-22 21:22:32,708 - INFO - 已将文件内容复制到剪贴板。
2025-07-22 21:24:27,260 - INFO - 检测到 Ctrl+C
2025-07-22 21:24:27,261 - WARNING - 剪切板中不包含图片
2025-07-22 21:25:16,421 - INFO - 检测到 Ctrl+C
2025-07-22 21:25:16,421 - WARNING - 剪切板中不包含图片
2025-07-22 21:25:48,120 - INFO - 检测到 Esc，准备退出
2025-07-22 21:25:48,120 - INFO - OCR 服务已关闭
2025-07-22 21:25:48,120 - INFO - 程序退出
2025-07-22 21:26:19,838 - INFO - OCR 服务已启动
2025-07-22 21:26:23,453 - INFO - 检测到 Ctrl+C
2025-07-22 21:26:23,467 - INFO - 剪切板中的图片已经保存
2025-07-22 21:26:23,468 - INFO - OCR识别任务已提交
2025-07-22 21:26:23,540 - INFO - 识别成功，img_path: D:\2\WechatOCR\dist\img\~~~ocr.png, result_file: json\~~~ocr.png.json
2025-07-22 21:26:24,469 - INFO - 文本已保存到 text_save.txt
2025-07-22 21:26:24,510 - INFO - 已将文件内容复制到剪贴板。
2025-07-22 21:26:26,215 - INFO - 检测到 Esc，准备退出
2025-07-22 21:26:26,215 - INFO - OCR 服务已关闭
2025-07-22 21:26:26,215 - INFO - 程序退出
2025-07-22 21:31:08,573 - INFO - OCR 服务已启动
2025-07-22 21:31:21,274 - INFO - OCR 服务已启动
2025-07-22 21:31:23,268 - INFO - 检测到 Ctrl+C
2025-07-22 21:31:23,280 - INFO - 剪切板中的图片已经保存
2025-07-22 21:31:23,280 - INFO - OCR识别任务已提交
2025-07-22 21:31:23,284 - INFO - 检测到 Ctrl+C
2025-07-22 21:31:23,304 - INFO - 剪切板中的图片已经保存
2025-07-22 21:31:23,304 - INFO - OCR识别任务已提交
2025-07-22 21:31:23,356 - INFO - 识别成功，img_path: D:\2\WechatOCR\dist\img\~~~ocr.png, result_file: json\~~~ocr.png.json
2025-07-22 21:31:23,371 - INFO - 识别成功，img_path: D:\2\WechatOCR\dist\img\~~~ocr.png, result_file: json\~~~ocr.png.json
2025-07-22 21:31:24,281 - INFO - 文本已保存到 text_save.txt
2025-07-22 21:31:24,306 - INFO - 文本已保存到 text_save.txt
2025-07-22 21:31:24,461 - INFO - 已将文件内容复制到剪贴板。
2025-07-22 21:31:24,466 - INFO - 已将文件内容复制到剪贴板。
2025-07-22 21:32:07,884 - INFO - 检测到 Ctrl+C
2025-07-22 21:32:07,891 - INFO - 剪切板中的图片已经保存
2025-07-22 21:32:07,892 - INFO - OCR识别任务已提交
2025-07-22 21:32:07,916 - INFO - 检测到 Ctrl+C
2025-07-22 21:32:07,950 - INFO - 剪切板中的图片已经保存
2025-07-22 21:32:07,951 - INFO - OCR识别任务已提交
2025-07-22 21:32:07,958 - INFO - 识别成功，img_path: D:\2\WechatOCR\dist\img\~~~ocr.png, result_file: json\~~~ocr.png.json
2025-07-22 21:32:08,015 - INFO - 识别成功，img_path: D:\2\WechatOCR\dist\img\~~~ocr.png, result_file: json\~~~ocr.png.json
2025-07-22 21:32:08,893 - INFO - 文本已保存到 text_save.txt
2025-07-22 21:32:08,904 - INFO - 已将文件内容复制到剪贴板。
2025-07-22 21:32:08,952 - INFO - 文本已保存到 text_save.txt
2025-07-22 21:32:08,962 - INFO - 已将文件内容复制到剪贴板。
2025-07-22 21:33:04,622 - INFO - 检测到 Ctrl+C
2025-07-22 21:33:04,639 - WARNING - 剪切板中不包含图片
2025-07-22 21:33:04,651 - INFO - 剪切板中的图片已经保存
2025-07-22 21:33:04,651 - INFO - OCR识别任务已提交
2025-07-22 21:33:04,704 - INFO - 识别成功，img_path: D:\2\WechatOCR\dist\img\~~~ocr.png, result_file: json\~~~ocr.png.json
2025-07-22 21:33:05,652 - INFO - 文本已保存到 text_save.txt
2025-07-22 21:33:05,666 - INFO - 已将文件内容复制到剪贴板。
2025-07-22 21:33:41,999 - INFO - 检测到 Ctrl+C
2025-07-22 21:33:42,001 - INFO - 剪切板中的图片已经保存
2025-07-22 21:33:42,002 - INFO - OCR识别任务已提交
2025-07-22 21:33:42,041 - INFO - 检测到 Ctrl+C
2025-07-22 21:33:42,074 - INFO - 识别成功，img_path: D:\2\WechatOCR\dist\img\~~~ocr.png, result_file: json\~~~ocr.png.json
2025-07-22 21:33:42,088 - INFO - 剪切板中的图片已经保存
2025-07-22 21:33:42,089 - INFO - OCR识别任务已提交
2025-07-22 21:33:42,168 - INFO - 识别成功，img_path: D:\2\WechatOCR\dist\img\~~~ocr.png, result_file: json\~~~ocr.png.json
2025-07-22 21:33:43,003 - INFO - 文本已保存到 text_save.txt
2025-07-22 21:33:43,032 - INFO - 已将文件内容复制到剪贴板。
2025-07-22 21:33:43,089 - INFO - 文本已保存到 text_save.txt
2025-07-22 21:33:43,096 - INFO - 已将文件内容复制到剪贴板。
2025-07-22 21:33:53,798 - INFO - 检测到 Ctrl+C
2025-07-22 21:33:53,798 - WARNING - 剪切板中不包含图片
2025-07-22 21:34:44,981 - INFO - 检测到 Ctrl+C
2025-07-22 21:34:44,985 - INFO - 剪切板中的图片已经保存
2025-07-22 21:34:44,985 - INFO - OCR识别任务已提交
2025-07-22 21:34:44,995 - INFO - 检测到 Ctrl+C
2025-07-22 21:34:44,997 - INFO - 剪切板中的图片已经保存
2025-07-22 21:34:44,998 - INFO - OCR识别任务已提交
2025-07-22 21:34:45,131 - INFO - 识别成功，img_path: D:\2\WechatOCR\dist\img\~~~ocr.png, result_file: json\~~~ocr.png.json
2025-07-22 21:34:45,138 - INFO - 识别成功，img_path: D:\2\WechatOCR\dist\img\~~~ocr.png, result_file: json\~~~ocr.png.json
2025-07-22 21:34:45,986 - INFO - 文本已保存到 text_save.txt
2025-07-22 21:34:45,998 - INFO - 文本已保存到 text_save.txt
2025-07-22 21:34:46,027 - INFO - 已将文件内容复制到剪贴板。
2025-07-22 21:34:46,029 - INFO - 已将文件内容复制到剪贴板。
2025-07-22 21:35:13,717 - INFO - 检测到 Ctrl+C
2025-07-22 21:35:13,717 - INFO - 检测到 Ctrl+C
2025-07-22 21:35:13,719 - WARNING - 剪切板中不包含图片
2025-07-22 21:35:13,720 - INFO - 剪切板中的图片已经保存
2025-07-22 21:35:13,721 - INFO - OCR识别任务已提交
2025-07-22 21:35:13,776 - INFO - 识别成功，img_path: D:\2\WechatOCR\dist\img\~~~ocr.png, result_file: json\~~~ocr.png.json
2025-07-22 21:35:14,721 - INFO - 文本已保存到 text_save.txt
2025-07-22 21:35:14,733 - INFO - 已将文件内容复制到剪贴板。
2025-07-22 21:43:55,867 - INFO - 检测到 Ctrl+C
2025-07-22 21:43:55,867 - WARNING - 剪切板中不包含图片
2025-07-22 21:43:55,870 - INFO - 剪切板中的图片已经保存
2025-07-22 21:43:55,870 - INFO - OCR识别任务已提交
2025-07-22 21:43:56,245 - INFO - 识别成功，img_path: D:\2\WechatOCR\dist\img\~~~ocr.png, result_file: json\~~~ocr.png.json
2025-07-22 21:43:56,871 - INFO - 文本已保存到 text_save.txt
2025-07-22 21:43:56,880 - INFO - 已将文件内容复制到剪贴板。
2025-07-22 21:44:19,302 - INFO - 检测到 Ctrl+C
2025-07-22 21:44:19,311 - INFO - 剪切板中的图片已经保存
2025-07-22 21:44:19,311 - INFO - OCR识别任务已提交
2025-07-22 21:44:19,316 - INFO - 检测到 Ctrl+C
2025-07-22 21:44:19,345 - INFO - 剪切板中的图片已经保存
2025-07-22 21:44:19,345 - INFO - OCR识别任务已提交
2025-07-22 21:44:19,593 - INFO - 识别成功，img_path: D:\2\WechatOCR\dist\img\~~~ocr.png, result_file: json\~~~ocr.png.json
2025-07-22 21:44:19,715 - INFO - 识别成功，img_path: D:\2\WechatOCR\dist\img\~~~ocr.png, result_file: json\~~~ocr.png.json
2025-07-22 21:44:20,312 - INFO - 文本已保存到 text_save.txt
2025-07-22 21:44:20,320 - INFO - 已将文件内容复制到剪贴板。
2025-07-22 21:44:20,347 - INFO - 文本已保存到 text_save.txt
2025-07-22 21:44:20,354 - INFO - 已将文件内容复制到剪贴板。
2025-07-22 21:45:05,388 - INFO - 检测到 Ctrl+C
2025-07-22 21:45:05,388 - WARNING - 剪切板中不包含图片
2025-07-22 21:45:33,468 - INFO - 检测到 Ctrl+C
2025-07-22 21:45:33,473 - INFO - 剪切板中的图片已经保存
2025-07-22 21:45:33,473 - INFO - 检测到 Ctrl+C
2025-07-22 21:45:33,474 - INFO - OCR识别任务已提交
2025-07-22 21:45:33,494 - INFO - 剪切板中的图片已经保存
2025-07-22 21:45:33,494 - INFO - OCR识别任务已提交
2025-07-22 21:45:33,554 - INFO - 识别成功，img_path: D:\2\WechatOCR\dist\img\~~~ocr.png, result_file: json\~~~ocr.png.json
2025-07-22 21:45:33,572 - INFO - 识别成功，img_path: D:\2\WechatOCR\dist\img\~~~ocr.png, result_file: json\~~~ocr.png.json
2025-07-22 21:45:34,486 - INFO - 文本已保存到 text_save.txt
2025-07-22 21:45:34,512 - INFO - 文本已保存到 text_save.txt
2025-07-22 21:45:34,532 - INFO - 已将文件内容复制到剪贴板。
2025-07-22 21:45:34,535 - INFO - 已将文件内容复制到剪贴板。
2025-07-22 21:45:58,653 - INFO - 检测到 Ctrl+C
2025-07-22 21:45:58,653 - INFO - 检测到 Ctrl+C
2025-07-22 21:45:58,654 - WARNING - 剪切板中不包含图片
2025-07-22 21:45:58,654 - WARNING - 剪切板中不包含图片
2025-07-22 21:46:28,254 - INFO - 检测到 Ctrl+C
2025-07-22 21:46:28,769 - INFO - 剪切板中的图片已经保存
2025-07-22 21:46:28,779 - INFO - OCR识别任务已提交
2025-07-22 21:46:29,088 - INFO - 识别成功，img_path: D:\2\WechatOCR\dist\img\~~~ocr.png, result_file: json\~~~ocr.png.json
2025-07-22 21:46:29,780 - INFO - 文本已保存到 text_save.txt
2025-07-22 21:46:29,788 - INFO - 已将文件内容复制到剪贴板。
2025-07-22 21:47:26,561 - INFO - 检测到 Ctrl+C
2025-07-22 21:47:26,562 - WARNING - 剪切板中不包含图片
2025-07-22 21:47:55,323 - INFO - 检测到 Ctrl+C
2025-07-22 21:47:55,323 - INFO - 检测到 Ctrl+C
2025-07-22 21:47:55,323 - WARNING - 剪切板中不包含图片
2025-07-22 21:47:55,323 - WARNING - 剪切板中不包含图片
2025-07-22 21:49:03,802 - INFO - 检测到 Ctrl+C
2025-07-22 21:49:03,804 - INFO - 剪切板中的图片已经保存
2025-07-22 21:49:03,805 - INFO - OCR识别任务已提交
2025-07-22 21:49:03,843 - INFO - 检测到 Ctrl+C
2025-07-22 21:49:03,846 - INFO - 剪切板中的图片已经保存
2025-07-22 21:49:03,847 - INFO - OCR识别任务已提交
2025-07-22 21:49:03,920 - INFO - 识别成功，img_path: D:\2\WechatOCR\dist\img\~~~ocr.png, result_file: json\~~~ocr.png.json
2025-07-22 21:49:03,966 - INFO - 识别成功，img_path: D:\2\WechatOCR\dist\img\~~~ocr.png, result_file: json\~~~ocr.png.json
2025-07-22 21:49:04,806 - INFO - 文本已保存到 text_save.txt
2025-07-22 21:49:04,821 - INFO - 已将文件内容复制到剪贴板。
2025-07-22 21:49:04,848 - INFO - 文本已保存到 text_save.txt
2025-07-22 21:49:04,855 - INFO - 已将文件内容复制到剪贴板。
2025-07-22 21:49:20,483 - INFO - 检测到 Ctrl+C
2025-07-22 21:49:20,483 - WARNING - 剪切板中不包含图片
2025-07-22 21:49:20,975 - INFO - 检测到 Ctrl+C
2025-07-22 21:49:20,978 - WARNING - 剪切板中不包含图片
2025-07-22 21:51:53,257 - INFO - 检测到 Ctrl+C
2025-07-22 21:51:53,259 - INFO - 检测到 Ctrl+C
2025-07-22 21:51:53,282 - WARNING - 剪切板中不包含图片
2025-07-22 21:51:53,285 - INFO - 剪切板中的图片已经保存
2025-07-22 21:51:53,286 - INFO - OCR识别任务已提交
2025-07-22 21:51:53,335 - INFO - 识别成功，img_path: D:\2\WechatOCR\dist\img\~~~ocr.png, result_file: json\~~~ocr.png.json
2025-07-22 21:51:54,288 - INFO - 文本已保存到 text_save.txt
2025-07-22 21:51:54,295 - INFO - 已将文件内容复制到剪贴板。
2025-07-22 21:51:55,592 - INFO - 检测到 Esc，准备退出
2025-07-22 21:51:55,592 - INFO - OCR 服务已关闭
2025-07-22 21:51:55,592 - INFO - 程序退出
2025-07-22 21:51:55,597 - INFO - 检测到 Esc，准备退出
2025-07-22 21:51:55,597 - INFO - OCR 服务已关闭
2025-07-22 21:51:55,597 - INFO - 程序退出
2025-07-22 21:51:58,358 - INFO - OCR 服务已启动
2025-07-22 21:52:02,118 - INFO - 检测到 Ctrl+C
2025-07-22 21:52:02,130 - INFO - 剪切板中的图片已经保存
2025-07-22 21:52:02,130 - INFO - OCR识别任务已提交
2025-07-22 21:52:02,268 - INFO - 识别成功，img_path: D:\2\WechatOCR\dist\img\~~~ocr.png, result_file: json\~~~ocr.png.json
2025-07-22 21:52:03,131 - INFO - 文本已保存到 text_save.txt
2025-07-22 21:52:03,176 - INFO - 已将文件内容复制到剪贴板。
2025-07-22 21:52:59,773 - INFO - 检测到 Ctrl+C
2025-07-22 21:52:59,780 - INFO - 剪切板中的图片已经保存
2025-07-22 21:52:59,781 - INFO - OCR识别任务已提交
2025-07-22 21:53:00,022 - INFO - 识别成功，img_path: D:\2\WechatOCR\dist\img\~~~ocr.png, result_file: json\~~~ocr.png.json
2025-07-22 21:53:00,782 - INFO - 文本已保存到 text_save.txt
2025-07-22 21:53:00,791 - INFO - 已将文件内容复制到剪贴板。
2025-07-22 21:56:44,237 - INFO - 检测到 Ctrl+C
2025-07-22 21:56:44,240 - INFO - 剪切板中的图片已经保存
2025-07-22 21:56:44,240 - INFO - OCR识别任务已提交
2025-07-22 21:56:44,381 - INFO - 识别成功，img_path: D:\2\WechatOCR\dist\img\~~~ocr.png, result_file: json\~~~ocr.png.json
2025-07-22 21:56:45,240 - INFO - 文本已保存到 text_save.txt
2025-07-22 21:56:45,253 - INFO - 已将文件内容复制到剪贴板。
2025-07-22 21:58:19,265 - INFO - 检测到 Ctrl+C
2025-07-22 21:58:19,266 - INFO - 剪切板中的图片已经保存
2025-07-22 21:58:19,266 - INFO - OCR识别任务已提交
2025-07-22 21:58:19,325 - INFO - 识别成功，img_path: D:\2\WechatOCR\dist\img\~~~ocr.png, result_file: json\~~~ocr.png.json
2025-07-22 21:58:20,267 - INFO - 文本已保存到 text_save.txt
2025-07-22 21:58:20,276 - INFO - 已将文件内容复制到剪贴板。
2025-07-22 22:13:41,326 - INFO - 检测到 Ctrl+C
2025-07-22 22:13:41,326 - WARNING - 剪切板中不包含图片
2025-07-22 22:18:40,055 - INFO - 检测到 Ctrl+C
2025-07-22 22:18:40,068 - WARNING - 剪切板中不包含图片
2025-07-22 22:18:57,381 - INFO - 检测到 Ctrl+C
2025-07-22 22:18:57,383 - INFO - 剪切板中的图片已经保存
2025-07-22 22:18:57,383 - INFO - OCR识别任务已提交
2025-07-22 22:18:57,466 - INFO - 识别成功，img_path: D:\2\WechatOCR\dist\img\~~~ocr.png, result_file: json\~~~ocr.png.json
2025-07-22 22:18:58,397 - INFO - 文本已保存到 text_save.txt
2025-07-22 22:18:58,442 - INFO - 已将文件内容复制到剪贴板。
2025-07-22 22:22:17,847 - INFO - 检测到 Ctrl+C
2025-07-22 22:22:17,852 - INFO - 剪切板中的图片已经保存
2025-07-22 22:22:17,853 - INFO - OCR识别任务已提交
2025-07-22 22:22:18,024 - INFO - 识别成功，img_path: D:\2\WechatOCR\dist\img\~~~ocr.png, result_file: json\~~~ocr.png.json
2025-07-22 22:22:18,853 - INFO - 文本已保存到 text_save.txt
2025-07-22 22:22:18,860 - INFO - 已将文件内容复制到剪贴板。
2025-07-22 22:23:13,639 - INFO - 检测到 Ctrl+C
2025-07-22 22:23:13,650 - INFO - 剪切板中的图片已经保存
2025-07-22 22:23:13,650 - INFO - OCR识别任务已提交
2025-07-22 22:23:13,809 - INFO - 识别成功，img_path: D:\2\WechatOCR\dist\img\~~~ocr.png, result_file: json\~~~ocr.png.json
2025-07-22 22:23:14,650 - INFO - 文本已保存到 text_save.txt
2025-07-22 22:23:14,657 - INFO - 已将文件内容复制到剪贴板。
2025-07-22 22:25:05,719 - INFO - OCR 服务已启动
2025-07-22 22:25:09,734 - INFO - 检测到 Ctrl+C
2025-07-22 22:25:09,738 - INFO - 检测到 Ctrl+C
2025-07-22 22:25:09,743 - INFO - 剪切板中的图片已经保存
2025-07-22 22:25:09,743 - INFO - OCR识别任务已提交
2025-07-22 22:25:09,753 - INFO - 剪切板中的图片已经保存
2025-07-22 22:25:09,753 - INFO - OCR识别任务已提交
2025-07-22 22:25:09,991 - INFO - 识别成功，img_path: D:\2\WechatOCR\dist\img\~~~ocr.png, result_file: json\~~~ocr.png.json
2025-07-22 22:25:10,029 - INFO - 识别成功，img_path: D:\2\WechatOCR\dist\img\~~~ocr.png, result_file: json\~~~ocr.png.json
2025-07-22 22:25:10,752 - INFO - 文本已保存到 text_save.txt
2025-07-22 22:25:10,754 - INFO - 文本已保存到 text_save.txt
2025-07-22 22:25:10,938 - INFO - 已将文件内容复制到剪贴板。
2025-07-22 22:25:11,767 - INFO - 已将文件内容复制到剪贴板。
2025-07-22 22:26:14,739 - INFO - 检测到 Ctrl+C
2025-07-22 22:26:14,756 - INFO - 检测到 Ctrl+C
2025-07-22 22:26:14,804 - INFO - 剪切板中的图片已经保存
2025-07-22 22:26:14,805 - INFO - OCR识别任务已提交
2025-07-22 22:26:14,822 - INFO - 剪切板中的图片已经保存
2025-07-22 22:26:14,822 - INFO - OCR识别任务已提交
2025-07-22 22:26:15,600 - INFO - 识别成功，img_path: D:\2\WechatOCR\dist\img\~~~ocr.png, result_file: json\~~~ocr.png.json
2025-07-22 22:26:15,665 - INFO - 识别成功，img_path: D:\2\WechatOCR\dist\img\~~~ocr.png, result_file: json\~~~ocr.png.json
2025-07-22 22:26:15,821 - INFO - 文本已保存到 text_save.txt
2025-07-22 22:26:15,824 - INFO - 文本已保存到 text_save.txt
2025-07-22 22:26:15,994 - INFO - 已将文件内容复制到剪贴板。
2025-07-22 22:26:16,001 - INFO - 已将文件内容复制到剪贴板。
2025-07-22 22:29:24,354 - INFO - 检测到 Esc，准备退出
2025-07-22 22:29:24,354 - INFO - OCR 服务已关闭
2025-07-22 22:29:24,355 - INFO - 程序退出
2025-07-22 22:29:24,355 - INFO - 检测到 Esc，准备退出
2025-07-22 22:29:24,357 - INFO - OCR 服务已关闭
2025-07-22 22:29:24,357 - INFO - 程序退出
2025-07-22 22:29:26,932 - INFO - OCR 服务已启动
2025-07-22 22:29:30,129 - INFO - 检测到 Ctrl+C
2025-07-22 22:29:30,188 - INFO - 剪切板中的图片已经保存
2025-07-22 22:29:30,188 - INFO - OCR识别任务已提交
2025-07-22 22:29:30,304 - INFO - 识别成功，img_path: D:\2\WechatOCR\dist\img\~~~ocr.png, result_file: json\~~~ocr.png.json
2025-07-22 22:29:31,189 - INFO - 文本已保存到 text_save.txt
2025-07-22 22:29:31,226 - INFO - 已将文件内容复制到剪贴板。
2025-07-22 22:31:16,985 - INFO - 检测到 Ctrl+C
2025-07-22 22:31:16,987 - INFO - 剪切板中的图片已经保存
2025-07-22 22:31:16,987 - INFO - OCR识别任务已提交
2025-07-22 22:31:17,084 - INFO - 识别成功，img_path: D:\2\WechatOCR\dist\img\~~~ocr.png, result_file: json\~~~ocr.png.json
2025-07-22 22:31:17,988 - INFO - 文本已保存到 text_save.txt
2025-07-22 22:31:17,994 - INFO - 已将文件内容复制到剪贴板。
2025-07-22 22:35:24,853 - INFO - 检测到 Esc，准备退出
2025-07-22 22:35:24,853 - INFO - OCR 服务已关闭
2025-07-22 22:35:24,853 - INFO - 程序退出
2025-07-22 22:35:39,918 - INFO - OCR 服务已启动
2025-07-22 22:35:42,329 - INFO - 检测到 Ctrl+C
2025-07-22 22:35:42,342 - INFO - 剪切板中的图片已经保存
2025-07-22 22:35:42,342 - INFO - OCR识别任务已提交
2025-07-22 22:35:42,452 - INFO - 识别成功，img_path: D:\2\WechatOCR\dist\img\~~~ocr.png, result_file: json\~~~ocr.png.json
2025-07-22 22:35:43,343 - INFO - 文本已保存到 text_save.txt
2025-07-22 22:35:43,381 - INFO - 已将文件内容复制到剪贴板。
2025-07-22 22:35:45,085 - INFO - 检测到 Esc，准备退出
2025-07-22 22:35:45,086 - INFO - OCR 服务已关闭
2025-07-22 22:35:45,086 - INFO - 程序退出
2025-07-22 22:54:14,828 - INFO - OCR 服务已启动
2025-07-22 22:54:18,948 - INFO - 检测到 Ctrl+C
2025-07-22 22:54:18,968 - INFO - 剪切板中的图片已经保存
2025-07-22 22:54:18,969 - INFO - OCR识别任务已提交
2025-07-22 22:54:19,338 - INFO - 识别成功，img_path: D:\2\WechatOCR\dist\img\~~~ocr.png, result_file: json\~~~ocr.png.json
2025-07-22 22:54:19,978 - INFO - 文本已保存到 text_save.txt
2025-07-22 22:54:20,389 - INFO - 已将文件内容复制到剪贴板。
2025-07-22 22:55:18,987 - INFO - 检测到 Esc，准备退出
2025-07-22 22:55:18,987 - INFO - OCR 服务已关闭
2025-07-22 22:55:18,987 - INFO - 程序退出
2025-07-22 23:00:48,403 - INFO - OCR 服务已启动
2025-07-22 23:00:50,346 - INFO - 检测到 Ctrl+C
2025-07-22 23:00:50,365 - INFO - 剪切板中的图片已经保存
2025-07-22 23:00:50,365 - INFO - OCR识别任务已提交
2025-07-22 23:00:50,477 - INFO - 识别成功，img_path: D:\2\WechatOCR\dist\img\~~~ocr.png, result_file: json\~~~ocr.png.json
2025-07-22 23:00:51,367 - INFO - 文本已保存到 text_save.txt
2025-07-22 23:00:51,435 - INFO - 已将文件内容复制到剪贴板。
2025-07-22 23:01:40,876 - INFO - 检测到 Ctrl+C
2025-07-22 23:01:40,893 - INFO - 剪切板中的图片已经保存
2025-07-22 23:01:40,893 - INFO - OCR识别任务已提交
2025-07-22 23:01:41,096 - INFO - 识别成功，img_path: D:\2\WechatOCR\dist\img\~~~ocr.png, result_file: json\~~~ocr.png.json
2025-07-22 23:01:41,894 - INFO - 文本已保存到 text_save.txt
2025-07-22 23:01:41,903 - INFO - 已将文件内容复制到剪贴板。
2025-07-22 23:02:44,224 - INFO - 检测到 Ctrl+C
2025-07-22 23:02:44,225 - WARNING - 剪切板中不包含图片
2025-07-22 23:03:48,483 - INFO - 检测到 Esc，准备退出
2025-07-22 23:03:48,483 - INFO - OCR 服务已关闭
2025-07-22 23:03:48,483 - INFO - 程序退出
2025-07-23 22:21:30,894 - INFO - OCR 服务已启动
2025-07-23 22:21:37,517 - INFO - 检测到 Ctrl+C
2025-07-23 22:21:37,530 - INFO - 剪切板中的图片已经保存
2025-07-23 22:21:37,531 - INFO - OCR识别任务已提交
2025-07-23 22:21:37,610 - INFO - 识别成功，img_path: D:\2\WechatOCR\dist\img\~~~ocr.png, result_file: json\~~~ocr.png.json
2025-07-23 22:21:38,532 - INFO - 文本已保存到 text_save.txt
2025-07-23 22:21:38,571 - INFO - 已将文件内容复制到剪贴板。
2025-07-23 22:24:18,080 - INFO - 检测到 Ctrl+C
2025-07-23 22:24:18,080 - WARNING - 剪切板中不包含图片
2025-07-23 22:25:20,277 - INFO - 检测到 Ctrl+C
2025-07-23 22:25:20,277 - WARNING - 剪切板中不包含图片
2025-07-23 22:34:25,562 - INFO - 检测到 Ctrl+C
2025-07-23 22:34:25,562 - WARNING - 剪切板中不包含图片
2025-07-23 22:34:53,648 - INFO - 检测到 Ctrl+C
2025-07-23 22:34:54,148 - WARNING - 剪切板中不包含图片
2025-07-23 22:38:03,364 - INFO - 检测到 Ctrl+C
2025-07-23 22:38:03,364 - WARNING - 剪切板中不包含图片
2025-07-23 22:42:05,557 - INFO - 检测到 Ctrl+C
2025-07-23 22:42:05,559 - ERROR - 保存剪切板图片失败
Traceback (most recent call last):
  File "main.py", line 22, in save_clipboard_pic
AttributeError: 'list' object has no attribute 'save'
2025-07-23 22:45:14,514 - INFO - 检测到 Ctrl+C
2025-07-23 22:45:14,514 - WARNING - 剪切板中不包含图片
2025-07-23 22:47:19,187 - INFO - 检测到 Ctrl+C
2025-07-23 22:47:19,187 - WARNING - 剪切板中不包含图片
2025-07-23 22:48:36,344 - INFO - 检测到 Ctrl+C
2025-07-23 22:48:36,344 - WARNING - 剪切板中不包含图片
2025-07-23 22:49:19,580 - INFO - 检测到 Ctrl+C
2025-07-23 22:49:19,580 - WARNING - 剪切板中不包含图片
2025-07-23 22:50:47,565 - INFO - 检测到 Ctrl+C
2025-07-23 22:50:47,566 - WARNING - 剪切板中不包含图片
2025-07-23 22:50:52,081 - INFO - 检测到 Ctrl+C
2025-07-23 22:50:52,081 - WARNING - 剪切板中不包含图片
2025-07-23 22:51:00,003 - INFO - 检测到 Ctrl+C
2025-07-23 22:51:00,003 - WARNING - 剪切板中不包含图片
2025-07-23 22:56:34,774 - INFO - 检测到 Ctrl+C
2025-07-23 22:56:34,774 - WARNING - 剪切板中不包含图片
2025-07-23 22:56:48,416 - INFO - 检测到 Ctrl+C
2025-07-23 22:56:48,416 - WARNING - 剪切板中不包含图片
2025-07-23 23:04:09,792 - INFO - 检测到 Ctrl+C
2025-07-23 23:04:09,792 - WARNING - 剪切板中不包含图片
2025-07-23 23:09:28,696 - INFO - 检测到 Ctrl+C
2025-07-23 23:09:28,696 - WARNING - 剪切板中不包含图片
2025-07-23 23:11:05,813 - INFO - 检测到 Ctrl+C
2025-07-23 23:11:05,813 - WARNING - 剪切板中不包含图片
2025-07-23 23:12:47,479 - INFO - 检测到 Ctrl+C
2025-07-23 23:12:47,479 - WARNING - 剪切板中不包含图片
2025-07-23 23:29:15,278 - INFO - 检测到 Ctrl+C
2025-07-23 23:29:15,278 - WARNING - 剪切板中不包含图片
2025-07-23 23:30:09,754 - INFO - 检测到 Ctrl+C
2025-07-23 23:30:09,754 - WARNING - 剪切板中不包含图片
2025-07-23 23:33:45,908 - INFO - 检测到 Ctrl+C
2025-07-23 23:33:45,908 - WARNING - 剪切板中不包含图片
2025-07-23 23:41:36,849 - INFO - 检测到 Ctrl+C
2025-07-23 23:41:36,849 - WARNING - 剪切板中不包含图片
2025-07-23 23:42:44,472 - INFO - 检测到 Ctrl+C
2025-07-23 23:42:44,472 - WARNING - 剪切板中不包含图片
2025-07-23 23:44:52,512 - INFO - 检测到 Ctrl+C
2025-07-23 23:44:52,512 - WARNING - 剪切板中不包含图片
2025-07-23 23:51:51,230 - INFO - 检测到 Ctrl+C
2025-07-23 23:51:51,230 - WARNING - 剪切板中不包含图片
2025-07-23 23:52:43,594 - INFO - 检测到 Ctrl+C
2025-07-23 23:52:43,594 - WARNING - 剪切板中不包含图片
2025-07-23 23:52:48,409 - INFO - 检测到 Ctrl+C
2025-07-23 23:52:48,409 - WARNING - 剪切板中不包含图片
2025-07-23 23:56:09,805 - INFO - 检测到 Ctrl+C
2025-07-23 23:56:09,805 - WARNING - 剪切板中不包含图片
2025-07-23 23:58:03,171 - INFO - 检测到 Ctrl+C
2025-07-23 23:58:03,171 - WARNING - 剪切板中不包含图片
2025-07-23 23:58:27,157 - INFO - 检测到 Ctrl+C
2025-07-23 23:58:27,158 - WARNING - 剪切板中不包含图片
2025-07-23 23:58:40,396 - INFO - 检测到 Ctrl+C
2025-07-23 23:58:40,396 - WARNING - 剪切板中不包含图片
2025-07-24 00:01:56,060 - INFO - OCR 服务已启动
2025-07-24 00:01:58,471 - INFO - 检测到 Ctrl+C
2025-07-24 00:01:58,477 - INFO - 检测到 Ctrl+C
2025-07-24 00:01:58,487 - INFO - 剪切板中的图片已经保存
2025-07-24 00:01:58,488 - INFO - OCR识别任务已提交
2025-07-24 00:01:58,504 - INFO - 剪切板中的图片已经保存
2025-07-24 00:01:58,520 - INFO - OCR识别任务已提交
2025-07-24 00:01:58,556 - INFO - 识别成功，img_path: D:\2\WechatOCR\dist\img\~~~ocr.png, result_file: json\~~~ocr.png.json
2025-07-24 00:01:58,952 - INFO - 识别成功，img_path: D:\2\WechatOCR\dist\img\~~~ocr.png, result_file: json\~~~ocr.png.json
2025-07-24 00:01:59,489 - INFO - 文本已保存到 text_save.txt
2025-07-24 00:01:59,523 - INFO - 文本已保存到 text_save.txt
2025-07-24 00:01:59,529 - INFO - 已将文件内容复制到剪贴板。
2025-07-24 00:01:59,535 - INFO - 已将文件内容复制到剪贴板。
2025-07-24 00:02:19,092 - INFO - 检测到 Ctrl+C
2025-07-24 00:02:19,093 - INFO - 剪切板中的图片已经保存
2025-07-24 00:02:19,093 - INFO - OCR识别任务已提交
2025-07-24 00:02:19,100 - INFO - 检测到 Ctrl+C
2025-07-24 00:02:19,101 - INFO - 剪切板中的图片已经保存
2025-07-24 00:02:19,101 - INFO - OCR识别任务已提交
2025-07-24 00:02:19,149 - INFO - 识别成功，img_path: D:\2\WechatOCR\dist\img\~~~ocr.png, result_file: json\~~~ocr.png.json
2025-07-24 00:02:19,155 - INFO - 识别成功，img_path: D:\2\WechatOCR\dist\img\~~~ocr.png, result_file: json\~~~ocr.png.json
2025-07-24 00:02:20,094 - INFO - 文本已保存到 text_save.txt
2025-07-24 00:02:20,101 - INFO - 已将文件内容复制到剪贴板。
2025-07-24 00:02:20,102 - INFO - 文本已保存到 text_save.txt
2025-07-24 00:02:20,111 - INFO - 已将文件内容复制到剪贴板。
2025-07-24 00:02:27,425 - INFO - 检测到 Ctrl+C
2025-07-24 00:02:27,425 - WARNING - 剪切板中不包含图片
2025-07-24 00:02:45,895 - INFO - 检测到 Ctrl+C
2025-07-24 00:02:45,895 - INFO - 剪切板中的图片已经保存
2025-07-24 00:02:45,897 - INFO - OCR识别任务已提交
2025-07-24 00:02:45,897 - INFO - 检测到 Ctrl+C
2025-07-24 00:02:45,898 - INFO - 剪切板中的图片已经保存
2025-07-24 00:02:45,898 - INFO - OCR识别任务已提交
2025-07-24 00:02:45,954 - INFO - 识别成功，img_path: D:\2\WechatOCR\dist\img\~~~ocr.png, result_file: json\~~~ocr.png.json
2025-07-24 00:02:45,956 - INFO - 识别成功，img_path: D:\2\WechatOCR\dist\img\~~~ocr.png, result_file: json\~~~ocr.png.json
2025-07-24 00:02:46,897 - INFO - 文本已保存到 text_save.txt
2025-07-24 00:02:46,899 - INFO - 文本已保存到 text_save.txt
2025-07-24 00:02:46,914 - INFO - 已将文件内容复制到剪贴板。
2025-07-24 00:02:46,917 - INFO - 已将文件内容复制到剪贴板。
2025-07-24 00:03:09,594 - INFO - 检测到 Ctrl+C
2025-07-24 00:03:09,594 - WARNING - 剪切板中不包含图片
2025-07-24 00:03:10,697 - INFO - 检测到 Ctrl+C
2025-07-24 00:03:10,697 - WARNING - 剪切板中不包含图片
2025-07-24 00:03:10,701 - INFO - 检测到 Ctrl+C
2025-07-24 00:03:10,701 - WARNING - 剪切板中不包含图片
2025-07-24 00:03:13,113 - INFO - 检测到 Ctrl+C
2025-07-24 00:03:13,113 - WARNING - 剪切板中不包含图片
2025-07-24 00:03:13,113 - WARNING - 剪切板中不包含图片
2025-07-24 00:04:12,423 - INFO - 检测到 Ctrl+C
2025-07-24 00:04:12,423 - WARNING - 剪切板中不包含图片
2025-07-24 00:04:12,423 - WARNING - 剪切板中不包含图片
2025-07-24 00:06:45,508 - INFO - 检测到 Ctrl+C
2025-07-24 00:06:45,508 - WARNING - 剪切板中不包含图片
2025-07-24 00:06:45,508 - WARNING - 剪切板中不包含图片
2025-07-24 00:13:23,745 - INFO - 检测到 Ctrl+C
2025-07-24 00:13:23,745 - WARNING - 剪切板中不包含图片
2025-07-24 00:13:27,157 - INFO - 检测到 Ctrl+C
2025-07-24 00:13:27,157 - WARNING - 剪切板中不包含图片
2025-07-24 00:15:28,953 - INFO - 检测到 Ctrl+C
2025-07-24 00:15:28,955 - WARNING - 剪切板中不包含图片
2025-07-24 00:15:28,980 - INFO - 检测到 Ctrl+C
2025-07-24 00:15:28,980 - WARNING - 剪切板中不包含图片
2025-07-24 00:17:21,232 - INFO - 检测到 Ctrl+C
2025-07-24 00:17:21,232 - WARNING - 剪切板中不包含图片
2025-07-24 00:17:21,252 - INFO - 检测到 Ctrl+C
2025-07-24 00:17:21,252 - WARNING - 剪切板中不包含图片
2025-07-24 00:17:47,115 - INFO - 检测到 Ctrl+C
2025-07-24 00:17:47,115 - WARNING - 剪切板中不包含图片
2025-07-24 00:17:47,145 - INFO - 检测到 Ctrl+C
2025-07-24 00:17:47,145 - WARNING - 剪切板中不包含图片
2025-07-24 00:18:11,396 - INFO - 检测到 Ctrl+C
2025-07-24 00:18:11,396 - WARNING - 剪切板中不包含图片
2025-07-24 00:18:11,422 - INFO - 检测到 Ctrl+C
2025-07-24 00:18:11,422 - WARNING - 剪切板中不包含图片
2025-07-24 00:18:25,748 - INFO - 检测到 Ctrl+C
2025-07-24 00:18:25,748 - WARNING - 剪切板中不包含图片
2025-07-24 00:18:25,769 - INFO - 检测到 Ctrl+C
2025-07-24 00:18:25,769 - WARNING - 剪切板中不包含图片
2025-07-24 00:18:57,350 - INFO - 检测到 Ctrl+C
2025-07-24 00:18:57,351 - WARNING - 剪切板中不包含图片
2025-07-24 00:18:57,373 - INFO - 检测到 Ctrl+C
2025-07-24 00:18:57,373 - WARNING - 剪切板中不包含图片
2025-07-24 00:19:07,307 - INFO - 检测到 Ctrl+C
2025-07-24 00:19:07,307 - WARNING - 剪切板中不包含图片
2025-07-24 00:19:07,393 - INFO - 检测到 Ctrl+C
2025-07-24 00:19:07,394 - WARNING - 剪切板中不包含图片
2025-07-24 00:22:54,890 - INFO - 检测到 Ctrl+C
2025-07-24 00:22:54,890 - WARNING - 剪切板中不包含图片
2025-07-24 00:26:51,234 - INFO - 检测到 Ctrl+C
2025-07-24 00:26:51,235 - WARNING - 剪切板中不包含图片
2025-07-24 00:26:51,266 - INFO - 检测到 Ctrl+C
2025-07-24 00:26:51,266 - WARNING - 剪切板中不包含图片
2025-07-24 00:27:54,779 - INFO - 检测到 Ctrl+C
2025-07-24 00:27:54,779 - WARNING - 剪切板中不包含图片
2025-07-24 00:27:54,860 - INFO - 检测到 Ctrl+C
2025-07-24 00:27:54,860 - WARNING - 剪切板中不包含图片
2025-07-24 00:28:51,346 - INFO - 检测到 Ctrl+C
2025-07-24 00:28:51,346 - WARNING - 剪切板中不包含图片
2025-07-24 00:28:51,373 - INFO - 检测到 Ctrl+C
2025-07-24 00:28:51,373 - WARNING - 剪切板中不包含图片
2025-07-24 00:30:07,228 - INFO - 检测到 Ctrl+C
2025-07-24 00:30:07,229 - WARNING - 剪切板中不包含图片
2025-07-24 00:30:07,294 - INFO - 检测到 Ctrl+C
2025-07-24 00:30:07,294 - WARNING - 剪切板中不包含图片
2025-07-24 00:38:37,047 - INFO - 检测到 Ctrl+C
2025-07-24 00:38:37,048 - WARNING - 剪切板中不包含图片
2025-07-24 00:38:37,059 - INFO - 检测到 Ctrl+C
2025-07-24 00:38:37,059 - WARNING - 剪切板中不包含图片
2025-07-24 00:38:49,299 - INFO - 检测到 Ctrl+C
2025-07-24 00:38:49,299 - WARNING - 剪切板中不包含图片
2025-07-24 00:38:49,388 - INFO - 检测到 Ctrl+C
2025-07-24 00:38:49,388 - WARNING - 剪切板中不包含图片
2025-07-24 00:41:38,967 - INFO - 检测到 Ctrl+C
2025-07-24 00:41:38,967 - WARNING - 剪切板中不包含图片
2025-07-24 00:44:31,931 - INFO - 检测到 Ctrl+C
2025-07-24 00:44:31,931 - WARNING - 剪切板中不包含图片
2025-07-24 00:46:53,413 - INFO - 检测到 Ctrl+C
2025-07-24 00:46:53,413 - WARNING - 剪切板中不包含图片
2025-07-24 00:46:53,486 - INFO - 检测到 Ctrl+C
2025-07-24 00:46:53,486 - WARNING - 剪切板中不包含图片
2025-07-24 00:46:55,391 - INFO - 检测到 Ctrl+C
2025-07-24 00:46:55,391 - WARNING - 剪切板中不包含图片
2025-07-24 00:46:55,418 - INFO - 检测到 Ctrl+C
2025-07-24 00:46:55,418 - WARNING - 剪切板中不包含图片
2025-07-24 00:46:55,993 - INFO - 检测到 Ctrl+C
2025-07-24 00:46:55,993 - WARNING - 剪切板中不包含图片
2025-07-24 00:46:57,597 - INFO - 检测到 Ctrl+C
2025-07-24 00:46:57,597 - WARNING - 剪切板中不包含图片
2025-07-24 00:46:57,625 - INFO - 检测到 Ctrl+C
2025-07-24 00:46:57,625 - WARNING - 剪切板中不包含图片
2025-07-24 00:46:58,198 - INFO - 检测到 Ctrl+C
2025-07-24 00:46:58,198 - WARNING - 剪切板中不包含图片
2025-07-24 00:46:58,226 - INFO - 检测到 Ctrl+C
2025-07-24 00:46:58,226 - WARNING - 剪切板中不包含图片
2025-07-24 00:47:18,057 - INFO - 检测到 Ctrl+C
2025-07-24 00:47:18,057 - WARNING - 剪切板中不包含图片
2025-07-24 00:47:18,093 - INFO - 检测到 Ctrl+C
2025-07-24 00:47:18,093 - WARNING - 剪切板中不包含图片
2025-07-24 00:48:39,527 - INFO - 检测到 Ctrl+C
2025-07-24 00:48:39,527 - WARNING - 剪切板中不包含图片
2025-07-24 00:48:39,566 - INFO - 检测到 Ctrl+C
2025-07-24 00:48:39,566 - WARNING - 剪切板中不包含图片
2025-07-24 00:53:08,698 - INFO - 检测到 Ctrl+C
2025-07-24 00:53:08,698 - WARNING - 剪切板中不包含图片
2025-07-24 01:16:55,600 - INFO - 检测到 Ctrl+C
2025-07-24 01:16:55,607 - WARNING - 剪切板中不包含图片
2025-07-24 01:16:55,603 - INFO - 检测到 Ctrl+C
2025-07-24 01:16:55,612 - WARNING - 剪切板中不包含图片
2025-07-24 01:22:46,207 - INFO - 检测到 Ctrl+C
2025-07-24 01:22:46,207 - WARNING - 剪切板中不包含图片
2025-07-24 01:22:46,240 - INFO - 检测到 Ctrl+C
2025-07-24 01:22:46,241 - WARNING - 剪切板中不包含图片
2025-07-24 01:26:03,048 - INFO - 检测到 Ctrl+C
2025-07-24 01:26:03,054 - WARNING - 剪切板中不包含图片
2025-07-24 01:26:03,070 - INFO - 检测到 Ctrl+C
2025-07-24 01:26:03,072 - WARNING - 剪切板中不包含图片
2025-07-24 01:26:06,271 - INFO - 检测到 Ctrl+C
2025-07-24 01:26:06,271 - WARNING - 剪切板中不包含图片
2025-07-24 01:26:44,997 - INFO - 检测到 Ctrl+C
2025-07-24 01:26:45,005 - WARNING - 剪切板中不包含图片
2025-07-24 01:26:45,008 - INFO - 检测到 Ctrl+C
2025-07-24 01:26:45,008 - WARNING - 剪切板中不包含图片
2025-07-24 01:34:26,306 - INFO - 检测到 Ctrl+C
2025-07-24 01:34:26,306 - INFO - 检测到 Ctrl+C
2025-07-24 01:34:26,306 - WARNING - 剪切板中不包含图片
2025-07-24 01:34:26,307 - WARNING - 剪切板中不包含图片
2025-07-24 01:40:24,725 - INFO - 检测到 Ctrl+C
2025-07-24 01:40:24,725 - WARNING - 剪切板中不包含图片
2025-07-24 01:40:24,725 - WARNING - 剪切板中不包含图片
2025-07-24 01:41:05,754 - INFO - 检测到 Ctrl+C
2025-07-24 01:41:05,754 - INFO - 检测到 Ctrl+C
2025-07-24 01:41:05,755 - WARNING - 剪切板中不包含图片
2025-07-24 01:41:05,756 - WARNING - 剪切板中不包含图片
2025-07-24 01:42:28,613 - INFO - 检测到 Ctrl+C
2025-07-24 01:42:28,613 - WARNING - 剪切板中不包含图片
2025-07-24 01:42:28,613 - WARNING - 剪切板中不包含图片
2025-07-24 01:44:11,618 - INFO - 检测到 Ctrl+C
2025-07-24 01:44:11,618 - WARNING - 剪切板中不包含图片
2025-07-24 01:44:21,748 - INFO - 检测到 Ctrl+C
2025-07-24 01:44:21,748 - WARNING - 剪切板中不包含图片
2025-07-24 01:45:28,241 - INFO - 检测到 Ctrl+C
2025-07-24 01:45:28,241 - WARNING - 剪切板中不包含图片
2025-07-24 01:45:28,279 - INFO - 检测到 Ctrl+C
2025-07-24 01:45:28,279 - WARNING - 剪切板中不包含图片
2025-07-24 01:56:04,847 - INFO - 检测到 Ctrl+C
2025-07-24 01:56:04,859 - INFO - 检测到 Ctrl+C
2025-07-24 01:56:04,859 - WARNING - 剪切板中不包含图片
2025-07-24 01:56:05,356 - WARNING - 剪切板中不包含图片
2025-07-24 01:56:42,670 - INFO - 检测到 Ctrl+C
2025-07-24 01:56:42,670 - WARNING - 剪切板中不包含图片
2025-07-24 01:56:42,677 - INFO - 检测到 Ctrl+C
2025-07-24 01:56:42,678 - WARNING - 剪切板中不包含图片
2025-07-24 01:59:47,247 - INFO - 检测到 Ctrl+C
2025-07-24 01:59:47,247 - WARNING - 剪切板中不包含图片
2025-07-24 01:59:47,250 - INFO - 检测到 Ctrl+C
2025-07-24 01:59:47,250 - WARNING - 剪切板中不包含图片
2025-07-24 02:00:01,388 - INFO - 检测到 Ctrl+C
2025-07-24 02:00:01,388 - WARNING - 剪切板中不包含图片
2025-07-24 02:01:40,103 - INFO - 检测到 Ctrl+C
2025-07-24 02:01:40,103 - WARNING - 剪切板中不包含图片
2025-07-24 02:02:11,001 - INFO - 检测到 Ctrl+C
2025-07-24 02:02:11,001 - INFO - 检测到 Ctrl+C
2025-07-24 02:02:11,001 - WARNING - 剪切板中不包含图片
2025-07-24 02:02:11,001 - WARNING - 剪切板中不包含图片
2025-07-24 02:02:53,737 - INFO - 检测到 Ctrl+C
2025-07-24 02:02:53,737 - WARNING - 剪切板中不包含图片
2025-07-24 02:09:40,709 - INFO - 检测到 Ctrl+C
2025-07-24 02:09:40,709 - WARNING - 剪切板中不包含图片
2025-07-24 02:09:40,721 - INFO - 检测到 Ctrl+C
2025-07-24 02:09:40,721 - WARNING - 剪切板中不包含图片
2025-07-24 23:23:38,884 - INFO - OCR 服务已启动
2025-07-24 23:23:41,295 - INFO - 检测到 Ctrl+C
2025-07-24 23:23:41,312 - INFO - 剪切板中的图片已经保存
2025-07-24 23:23:41,313 - INFO - OCR识别任务已提交
2025-07-24 23:23:41,388 - INFO - 识别成功，img_path: D:\2\WechatOCR\dist\img\~~~ocr.png, result_file: json\~~~ocr.png.json
2025-07-24 23:23:42,315 - INFO - 文本已保存到 text_save.txt
2025-07-24 23:23:42,373 - INFO - 已将文件内容复制到剪贴板。
2025-07-24 23:23:58,829 - INFO - 检测到 Ctrl+C
2025-07-24 23:23:58,831 - INFO - 剪切板中的图片已经保存
2025-07-24 23:23:58,831 - INFO - OCR识别任务已提交
2025-07-24 23:23:58,882 - INFO - 识别成功，img_path: D:\2\WechatOCR\dist\img\~~~ocr.png, result_file: json\~~~ocr.png.json
2025-07-24 23:23:59,832 - INFO - 文本已保存到 text_save.txt
2025-07-24 23:23:59,846 - INFO - 已将文件内容复制到剪贴板。
2025-07-24 23:24:19,115 - INFO - 检测到 Ctrl+C
2025-07-24 23:24:19,117 - INFO - 剪切板中的图片已经保存
2025-07-24 23:24:19,118 - INFO - OCR识别任务已提交
2025-07-24 23:24:19,164 - INFO - 识别成功，img_path: D:\2\WechatOCR\dist\img\~~~ocr.png, result_file: json\~~~ocr.png.json
2025-07-24 23:24:20,118 - INFO - 文本已保存到 text_save.txt
2025-07-24 23:24:20,132 - INFO - 已将文件内容复制到剪贴板。
2025-07-24 23:24:25,347 - INFO - 检测到 Ctrl+C
2025-07-24 23:24:25,347 - WARNING - 剪切板中不包含图片
2025-07-24 23:24:26,350 - INFO - 检测到 Ctrl+C
2025-07-24 23:24:26,350 - WARNING - 剪切板中不包含图片
2025-07-24 23:24:27,055 - INFO - 检测到 Ctrl+C
2025-07-24 23:24:27,055 - WARNING - 剪切板中不包含图片
2025-07-24 23:24:32,070 - INFO - 检测到 Ctrl+C
2025-07-24 23:24:32,070 - WARNING - 剪切板中不包含图片
2025-07-24 23:46:06,234 - INFO - 检测到 Ctrl+C
2025-07-24 23:46:06,234 - WARNING - 剪切板中不包含图片
2025-07-24 23:47:08,682 - INFO - 检测到 Ctrl+C
2025-07-24 23:47:08,684 - WARNING - 剪切板中不包含图片
2025-07-24 23:56:20,276 - INFO - 检测到 Ctrl+C
2025-07-24 23:56:20,297 - WARNING - 剪切板中不包含图片
2025-07-24 23:56:28,217 - INFO - 检测到 Ctrl+C
2025-07-24 23:56:28,218 - WARNING - 剪切板中不包含图片
2025-07-24 23:57:32,790 - INFO - 检测到 Ctrl+C
2025-07-24 23:57:32,791 - WARNING - 剪切板中不包含图片
2025-07-24 23:57:35,602 - INFO - 检测到 Ctrl+C
2025-07-24 23:57:35,602 - WARNING - 剪切板中不包含图片
2025-07-24 23:58:07,057 - INFO - 检测到 Ctrl+C
2025-07-24 23:58:07,059 - WARNING - 剪切板中不包含图片
2025-07-24 23:58:56,483 - INFO - 检测到 Ctrl+C
2025-07-24 23:58:56,485 - WARNING - 剪切板中不包含图片
2025-07-24 23:59:10,609 - INFO - 检测到 Ctrl+C
2025-07-24 23:59:10,611 - WARNING - 剪切板中不包含图片
2025-07-25 00:03:25,907 - INFO - 检测到 Ctrl+C
2025-07-25 00:03:25,907 - WARNING - 剪切板中不包含图片
2025-07-25 00:51:16,983 - INFO - 检测到 Ctrl+C
2025-07-25 00:51:16,983 - WARNING - 剪切板中不包含图片
2025-07-25 00:51:20,791 - INFO - 检测到 Ctrl+C
2025-07-25 00:51:20,795 - ERROR - 保存剪切板图片失败
Traceback (most recent call last):
  File "main.py", line 22, in save_clipboard_pic
AttributeError: 'list' object has no attribute 'save'
2025-07-25 00:52:39,056 - INFO - 检测到 Ctrl+C
2025-07-25 00:52:39,056 - WARNING - 剪切板中不包含图片
2025-07-25 00:56:46,786 - INFO - 检测到 Ctrl+C
2025-07-25 00:56:46,786 - WARNING - 剪切板中不包含图片
2025-07-25 00:57:24,897 - INFO - 检测到 Ctrl+C
2025-07-25 00:57:24,897 - WARNING - 剪切板中不包含图片
2025-07-25 00:58:20,266 - INFO - 检测到 Ctrl+C
2025-07-25 00:58:20,266 - WARNING - 剪切板中不包含图片
2025-07-25 00:58:59,583 - INFO - 检测到 Ctrl+C
2025-07-25 00:58:59,583 - WARNING - 剪切板中不包含图片
2025-07-25 01:00:31,958 - INFO - 检测到 Ctrl+C
2025-07-25 01:00:31,958 - WARNING - 剪切板中不包含图片
2025-07-25 01:03:08,508 - INFO - 检测到 Ctrl+C
2025-07-25 01:03:08,508 - WARNING - 剪切板中不包含图片
2025-07-25 01:04:05,270 - INFO - 检测到 Ctrl+C
2025-07-25 01:04:05,270 - WARNING - 剪切板中不包含图片
2025-07-25 01:04:30,143 - INFO - 检测到 Ctrl+C
2025-07-25 01:04:30,143 - WARNING - 剪切板中不包含图片
2025-07-25 01:05:36,440 - INFO - 检测到 Ctrl+C
2025-07-25 01:05:36,440 - WARNING - 剪切板中不包含图片
2025-07-25 01:07:03,395 - INFO - 检测到 Ctrl+C
2025-07-25 01:07:03,395 - WARNING - 剪切板中不包含图片
2025-07-25 01:08:16,603 - INFO - 检测到 Ctrl+C
2025-07-25 01:08:16,603 - WARNING - 剪切板中不包含图片
2025-07-25 01:10:14,036 - INFO - 检测到 Ctrl+C
2025-07-25 01:10:14,036 - WARNING - 剪切板中不包含图片
2025-07-25 01:11:18,418 - INFO - 检测到 Ctrl+C
2025-07-25 01:11:18,418 - WARNING - 剪切板中不包含图片
2025-07-25 01:12:26,816 - INFO - 检测到 Ctrl+C
2025-07-25 01:12:26,816 - WARNING - 剪切板中不包含图片
2025-07-25 01:14:26,362 - INFO - 检测到 Ctrl+C
2025-07-25 01:14:26,362 - WARNING - 剪切板中不包含图片
2025-07-25 01:15:13,497 - INFO - 检测到 Ctrl+C
2025-07-25 01:15:13,497 - WARNING - 剪切板中不包含图片
2025-07-25 01:15:30,245 - INFO - 检测到 Ctrl+C
2025-07-25 01:15:30,245 - WARNING - 剪切板中不包含图片
2025-07-25 01:18:41,705 - INFO - 检测到 Ctrl+C
2025-07-25 01:18:41,705 - WARNING - 剪切板中不包含图片
2025-07-25 01:19:00,357 - INFO - 检测到 Ctrl+C
2025-07-25 01:19:00,357 - WARNING - 剪切板中不包含图片
2025-07-25 01:19:38,871 - INFO - 检测到 Ctrl+C
2025-07-25 01:19:38,871 - WARNING - 剪切板中不包含图片
2025-07-25 01:31:17,187 - INFO - 检测到 Ctrl+C
2025-07-25 01:31:17,195 - ERROR - 保存剪切板图片失败
Traceback (most recent call last):
  File "main.py", line 22, in save_clipboard_pic
AttributeError: 'list' object has no attribute 'save'
2025-07-25 01:31:34,460 - INFO - 检测到 Ctrl+C
2025-07-25 01:31:34,460 - ERROR - 保存剪切板图片失败
Traceback (most recent call last):
  File "main.py", line 22, in save_clipboard_pic
AttributeError: 'list' object has no attribute 'save'
2025-07-25 01:33:08,040 - INFO - 检测到 Ctrl+C
2025-07-25 01:33:08,040 - WARNING - 剪切板中不包含图片
2025-07-25 01:33:56,576 - INFO - 检测到 Ctrl+C
2025-07-25 01:33:56,576 - WARNING - 剪切板中不包含图片
2025-07-26 00:01:29,910 - INFO - OCR 服务已启动
2025-07-26 00:01:43,356 - INFO - 检测到 Ctrl+C
2025-07-26 00:01:43,372 - INFO - 剪切板中的图片已经保存
2025-07-26 00:01:43,372 - INFO - OCR识别任务已提交
2025-07-26 00:01:43,454 - INFO - 识别成功，img_path: D:\2\WechatOCR\dist\img\~~~ocr.png, result_file: json\~~~ocr.png.json
2025-07-26 00:01:44,373 - INFO - 文本已保存到 text_save.txt
2025-07-26 00:01:44,414 - INFO - 已将文件内容复制到剪贴板。
2025-07-26 00:02:02,477 - INFO - 检测到 Ctrl+C
2025-07-26 00:02:02,479 - INFO - 剪切板中的图片已经保存
2025-07-26 00:02:02,480 - INFO - OCR识别任务已提交
2025-07-26 00:02:02,529 - INFO - 识别成功，img_path: D:\2\WechatOCR\dist\img\~~~ocr.png, result_file: json\~~~ocr.png.json
2025-07-26 00:02:03,480 - INFO - 文本已保存到 text_save.txt
2025-07-26 00:02:03,496 - INFO - 已将文件内容复制到剪贴板。
2025-07-26 00:02:18,453 - INFO - 检测到 Ctrl+C
2025-07-26 00:02:18,454 - INFO - 剪切板中的图片已经保存
2025-07-26 00:02:18,454 - INFO - OCR识别任务已提交
2025-07-26 00:02:18,502 - INFO - 识别成功，img_path: D:\2\WechatOCR\dist\img\~~~ocr.png, result_file: json\~~~ocr.png.json
2025-07-26 00:02:19,454 - INFO - 文本已保存到 text_save.txt
2025-07-26 00:02:19,464 - INFO - 已将文件内容复制到剪贴板。
2025-07-26 00:04:01,025 - INFO - 检测到 Ctrl+C
2025-07-26 00:04:01,026 - WARNING - 剪切板中不包含图片
2025-07-26 00:05:19,384 - INFO - 检测到 Ctrl+C
2025-07-26 00:05:19,385 - WARNING - 剪切板中不包含图片
2025-07-26 00:08:32,435 - INFO - 检测到 Ctrl+C
2025-07-26 00:08:32,435 - WARNING - 剪切板中不包含图片
2025-07-26 00:08:43,168 - INFO - 检测到 Ctrl+C
2025-07-26 00:08:43,169 - WARNING - 剪切板中不包含图片
2025-07-26 00:10:33,436 - INFO - 检测到 Ctrl+C
2025-07-26 00:10:33,437 - WARNING - 剪切板中不包含图片
2025-07-26 00:11:02,839 - INFO - 检测到 Ctrl+C
2025-07-26 00:11:02,839 - WARNING - 剪切板中不包含图片
2025-07-26 00:11:12,672 - INFO - 检测到 Ctrl+C
2025-07-26 00:11:12,672 - WARNING - 剪切板中不包含图片
2025-07-26 00:11:26,925 - INFO - 检测到 Ctrl+C
2025-07-26 00:11:26,926 - WARNING - 剪切板中不包含图片
2025-07-26 00:11:36,154 - INFO - 检测到 Ctrl+C
2025-07-26 00:11:36,154 - WARNING - 剪切板中不包含图片
2025-07-26 00:12:19,200 - INFO - 检测到 Ctrl+C
2025-07-26 00:12:19,200 - WARNING - 剪切板中不包含图片
2025-07-26 00:12:25,620 - INFO - 检测到 Ctrl+C
2025-07-26 00:12:25,620 - WARNING - 剪切板中不包含图片
2025-07-26 00:13:15,282 - INFO - 检测到 Ctrl+C
2025-07-26 00:13:15,282 - WARNING - 剪切板中不包含图片
2025-07-26 00:13:22,103 - INFO - 检测到 Ctrl+C
2025-07-26 00:13:22,104 - WARNING - 剪切板中不包含图片
2025-07-26 00:22:19,336 - INFO - 检测到 Ctrl+C
2025-07-26 00:22:19,336 - WARNING - 剪切板中不包含图片
2025-07-26 00:28:53,315 - INFO - 检测到 Ctrl+C
2025-07-26 00:28:53,316 - WARNING - 剪切板中不包含图片
2025-07-26 00:36:14,530 - INFO - 检测到 Ctrl+C
2025-07-26 00:36:14,538 - ERROR - 保存剪切板图片失败
Traceback (most recent call last):
  File "main.py", line 22, in save_clipboard_pic
AttributeError: 'list' object has no attribute 'save'
2025-07-26 00:48:15,013 - INFO - 检测到 Ctrl+C
2025-07-26 00:48:15,015 - ERROR - 保存剪切板图片失败
Traceback (most recent call last):
  File "main.py", line 22, in save_clipboard_pic
AttributeError: 'list' object has no attribute 'save'
2025-07-26 00:57:46,729 - INFO - 检测到 Ctrl+C
2025-07-26 00:57:46,730 - ERROR - 保存剪切板图片失败
Traceback (most recent call last):
  File "main.py", line 22, in save_clipboard_pic
AttributeError: 'list' object has no attribute 'save'
2025-07-26 00:58:22,549 - INFO - 检测到 Ctrl+C
2025-07-26 00:58:22,550 - ERROR - 保存剪切板图片失败
Traceback (most recent call last):
  File "main.py", line 22, in save_clipboard_pic
AttributeError: 'list' object has no attribute 'save'
2025-07-26 01:02:11,326 - INFO - 检测到 Ctrl+C
2025-07-26 01:02:11,329 - WARNING - 剪切板中不包含图片
2025-07-26 01:02:47,451 - INFO - 检测到 Ctrl+C
2025-07-26 01:02:47,451 - WARNING - 剪切板中不包含图片
2025-07-26 01:21:33,469 - INFO - 检测到 Ctrl+C
2025-07-26 01:21:33,470 - WARNING - 剪切板中不包含图片
2025-07-26 01:23:01,521 - INFO - 检测到 Ctrl+C
2025-07-26 01:23:01,521 - WARNING - 剪切板中不包含图片
2025-07-26 01:23:55,701 - INFO - 检测到 Ctrl+C
2025-07-26 01:23:56,202 - WARNING - 剪切板中不包含图片
2025-07-26 01:25:36,634 - INFO - 检测到 Ctrl+C
2025-07-26 01:25:36,634 - WARNING - 剪切板中不包含图片
2025-07-26 01:26:20,480 - INFO - 检测到 Ctrl+C
2025-07-26 01:26:20,480 - WARNING - 剪切板中不包含图片
2025-07-26 01:27:11,052 - INFO - 检测到 Ctrl+C
2025-07-26 01:27:11,052 - WARNING - 剪切板中不包含图片
2025-07-26 01:29:48,877 - INFO - 检测到 Ctrl+C
2025-07-26 01:29:48,877 - WARNING - 剪切板中不包含图片
2025-07-26 01:30:41,360 - INFO - 检测到 Ctrl+C
2025-07-26 01:30:41,362 - WARNING - 剪切板中不包含图片
2025-07-26 01:33:18,808 - INFO - 检测到 Ctrl+C
2025-07-26 01:33:18,808 - WARNING - 剪切板中不包含图片
2025-07-26 01:36:31,271 - INFO - 检测到 Ctrl+C
2025-07-26 01:36:31,271 - WARNING - 剪切板中不包含图片
2025-07-26 01:40:20,641 - INFO - 检测到 Ctrl+C
2025-07-26 01:40:20,641 - WARNING - 剪切板中不包含图片
2025-07-26 23:54:53,205 - INFO - OCR 服务已启动
2025-07-26 23:54:55,616 - INFO - 检测到 Ctrl+C
2025-07-26 23:54:55,628 - INFO - 剪切板中的图片已经保存
2025-07-26 23:54:55,628 - INFO - OCR识别任务已提交
2025-07-26 23:54:55,682 - INFO - 识别成功，img_path: D:\2\WechatOCR\dist\img\~~~ocr.png, result_file: json\~~~ocr.png.json
2025-07-26 23:54:56,629 - INFO - 文本已保存到 text_save.txt
2025-07-26 23:54:56,667 - INFO - 已将文件内容复制到剪贴板。
2025-07-26 23:55:13,718 - INFO - 检测到 Ctrl+C
2025-07-26 23:55:13,718 - INFO - 剪切板中的图片已经保存
2025-07-26 23:55:13,718 - INFO - OCR识别任务已提交
2025-07-26 23:55:13,765 - INFO - 识别成功，img_path: D:\2\WechatOCR\dist\img\~~~ocr.png, result_file: json\~~~ocr.png.json
2025-07-26 23:55:14,720 - INFO - 文本已保存到 text_save.txt
2025-07-26 23:55:14,727 - INFO - 已将文件内容复制到剪贴板。
2025-07-26 23:56:44,499 - INFO - 检测到 Ctrl+C
2025-07-26 23:56:44,499 - ERROR - 保存剪切板图片失败
Traceback (most recent call last):
  File "main.py", line 22, in save_clipboard_pic
AttributeError: 'list' object has no attribute 'save'
2025-07-26 23:58:50,254 - INFO - 检测到 Ctrl+C
2025-07-26 23:58:50,254 - WARNING - 剪切板中不包含图片
2025-07-26 23:59:05,300 - INFO - 检测到 Ctrl+C
2025-07-26 23:59:05,300 - WARNING - 剪切板中不包含图片
2025-07-27 00:00:33,779 - INFO - 检测到 Ctrl+C
2025-07-27 00:00:33,779 - WARNING - 剪切板中不包含图片
2025-07-27 00:07:13,718 - INFO - 检测到 Esc，准备退出
2025-07-27 00:07:13,719 - INFO - OCR 服务已关闭
2025-07-27 00:07:13,719 - INFO - 程序退出
2025-07-27 23:40:14,719 - INFO - OCR 服务已启动
2025-07-27 23:40:15,723 - INFO - 检测到 Ctrl+C
2025-07-27 23:40:15,723 - WARNING - 剪切板中不包含图片
2025-07-27 23:40:17,528 - INFO - 检测到 Ctrl+C
2025-07-27 23:40:17,541 - INFO - 剪切板中的图片已经保存
2025-07-27 23:40:17,542 - INFO - OCR识别任务已提交
2025-07-27 23:40:17,613 - INFO - 识别成功，img_path: D:\2\WechatOCR\dist\img\~~~ocr.png, result_file: json\~~~ocr.png.json
2025-07-27 23:40:18,544 - INFO - 文本已保存到 text_save.txt
2025-07-27 23:40:18,593 - INFO - 已将文件内容复制到剪贴板。
2025-07-27 23:40:37,855 - INFO - 检测到 Ctrl+C
2025-07-27 23:40:37,856 - INFO - 剪切板中的图片已经保存
2025-07-27 23:40:37,856 - INFO - OCR识别任务已提交
2025-07-27 23:40:37,901 - INFO - 识别成功，img_path: D:\2\WechatOCR\dist\img\~~~ocr.png, result_file: json\~~~ocr.png.json
2025-07-27 23:40:38,857 - INFO - 文本已保存到 text_save.txt
2025-07-27 23:40:38,867 - INFO - 已将文件内容复制到剪贴板。
2025-07-27 23:40:54,418 - INFO - 检测到 Ctrl+C
2025-07-27 23:40:54,418 - WARNING - 剪切板中不包含图片
2025-07-27 23:41:07,366 - INFO - 检测到 Ctrl+C
2025-07-27 23:41:07,366 - WARNING - 剪切板中不包含图片
2025-07-27 23:41:15,193 - INFO - 检测到 Ctrl+C
2025-07-27 23:41:15,703 - WARNING - 剪切板中不包含图片
2025-07-27 23:43:02,345 - INFO - 检测到 Ctrl+C
2025-07-27 23:43:02,346 - WARNING - 剪切板中不包含图片
2025-07-27 23:46:13,453 - INFO - 检测到 Ctrl+C
2025-07-27 23:46:13,454 - WARNING - 剪切板中不包含图片
2025-07-27 23:46:44,355 - INFO - 检测到 Ctrl+C
2025-07-27 23:46:44,355 - WARNING - 剪切板中不包含图片
2025-07-27 23:51:16,229 - INFO - 检测到 Ctrl+C
2025-07-27 23:51:16,229 - WARNING - 剪切板中不包含图片
2025-07-27 23:56:27,953 - INFO - 检测到 Ctrl+C
2025-07-27 23:56:27,953 - ERROR - 保存剪切板图片失败
Traceback (most recent call last):
  File "main.py", line 22, in save_clipboard_pic
AttributeError: 'list' object has no attribute 'save'
2025-07-27 23:56:53,235 - INFO - 检测到 Ctrl+C
2025-07-27 23:56:53,235 - ERROR - 保存剪切板图片失败
Traceback (most recent call last):
  File "main.py", line 22, in save_clipboard_pic
AttributeError: 'list' object has no attribute 'save'
2025-07-27 23:57:51,523 - INFO - 检测到 Ctrl+C
2025-07-27 23:57:51,523 - WARNING - 剪切板中不包含图片
2025-07-27 23:59:20,211 - INFO - 检测到 Ctrl+C
2025-07-27 23:59:20,212 - WARNING - 剪切板中不包含图片
2025-07-27 23:59:54,920 - INFO - 检测到 Ctrl+C
2025-07-27 23:59:54,921 - ERROR - 保存剪切板图片失败
Traceback (most recent call last):
  File "main.py", line 22, in save_clipboard_pic
AttributeError: 'list' object has no attribute 'save'
2025-07-28 00:00:35,260 - INFO - 检测到 Ctrl+C
2025-07-28 00:00:35,260 - WARNING - 剪切板中不包含图片
2025-07-28 00:01:53,014 - INFO - 检测到 Ctrl+C
2025-07-28 00:01:53,014 - ERROR - 保存剪切板图片失败
Traceback (most recent call last):
  File "main.py", line 22, in save_clipboard_pic
AttributeError: 'list' object has no attribute 'save'
2025-07-28 00:01:59,335 - INFO - 检测到 Ctrl+C
2025-07-28 00:01:59,336 - ERROR - 保存剪切板图片失败
Traceback (most recent call last):
  File "main.py", line 22, in save_clipboard_pic
AttributeError: 'list' object has no attribute 'save'
2025-07-28 00:02:28,829 - INFO - 检测到 Ctrl+C
2025-07-28 00:02:28,829 - ERROR - 保存剪切板图片失败
Traceback (most recent call last):
  File "main.py", line 22, in save_clipboard_pic
AttributeError: 'list' object has no attribute 'save'
2025-07-28 00:02:33,043 - INFO - 检测到 Ctrl+C
2025-07-28 00:02:33,043 - ERROR - 保存剪切板图片失败
Traceback (most recent call last):
  File "main.py", line 22, in save_clipboard_pic
AttributeError: 'list' object has no attribute 'save'
2025-07-28 00:04:20,798 - INFO - 检测到 Ctrl+C
2025-07-28 00:04:20,798 - WARNING - 剪切板中不包含图片
2025-07-28 00:05:26,510 - INFO - 检测到 Ctrl+C
2025-07-28 00:05:26,510 - ERROR - 保存剪切板图片失败
Traceback (most recent call last):
  File "main.py", line 22, in save_clipboard_pic
AttributeError: 'list' object has no attribute 'save'
2025-07-28 00:05:44,970 - INFO - 检测到 Ctrl+C
2025-07-28 00:05:44,970 - ERROR - 保存剪切板图片失败
Traceback (most recent call last):
  File "main.py", line 22, in save_clipboard_pic
AttributeError: 'list' object has no attribute 'save'
2025-07-28 00:06:31,824 - INFO - 检测到 Ctrl+C
2025-07-28 00:06:31,824 - WARNING - 剪切板中不包含图片
2025-07-28 00:07:25,415 - INFO - 检测到 Ctrl+C
2025-07-28 00:07:25,415 - WARNING - 剪切板中不包含图片
2025-07-28 00:07:38,856 - INFO - 检测到 Ctrl+C
2025-07-28 00:07:38,856 - WARNING - 剪切板中不包含图片
2025-07-28 00:08:05,445 - INFO - 检测到 Ctrl+C
2025-07-28 00:08:05,445 - ERROR - 保存剪切板图片失败
Traceback (most recent call last):
  File "main.py", line 22, in save_clipboard_pic
AttributeError: 'list' object has no attribute 'save'
2025-07-28 00:08:19,090 - INFO - 检测到 Ctrl+C
2025-07-28 00:08:19,090 - WARNING - 剪切板中不包含图片
2025-07-28 00:08:46,681 - INFO - 检测到 Ctrl+C
2025-07-28 00:08:46,681 - WARNING - 剪切板中不包含图片
2025-07-28 00:08:55,206 - INFO - 检测到 Ctrl+C
2025-07-28 00:08:55,206 - WARNING - 剪切板中不包含图片
2025-07-28 00:09:49,183 - INFO - 检测到 Ctrl+C
2025-07-28 00:09:49,183 - WARNING - 剪切板中不包含图片
2025-07-28 00:10:17,173 - INFO - 检测到 Ctrl+C
2025-07-28 00:10:17,173 - WARNING - 剪切板中不包含图片
2025-07-28 00:10:46,568 - INFO - 检测到 Ctrl+C
2025-07-28 00:10:46,568 - WARNING - 剪切板中不包含图片
2025-07-28 00:10:54,595 - INFO - 检测到 Ctrl+C
2025-07-28 00:10:54,595 - WARNING - 剪切板中不包含图片
2025-07-28 00:11:29,811 - INFO - 检测到 Ctrl+C
2025-07-28 00:11:29,811 - WARNING - 剪切板中不包含图片
2025-07-28 00:12:46,367 - INFO - 检测到 Ctrl+C
2025-07-28 00:12:46,367 - WARNING - 剪切板中不包含图片
2025-07-28 00:13:14,757 - INFO - 检测到 Ctrl+C
2025-07-28 00:13:14,757 - ERROR - 保存剪切板图片失败
Traceback (most recent call last):
  File "main.py", line 22, in save_clipboard_pic
AttributeError: 'list' object has no attribute 'save'
2025-07-28 00:13:52,083 - INFO - 检测到 Ctrl+C
2025-07-28 00:13:52,083 - ERROR - 保存剪切板图片失败
Traceback (most recent call last):
  File "main.py", line 22, in save_clipboard_pic
AttributeError: 'list' object has no attribute 'save'
2025-07-28 00:15:31,504 - INFO - 检测到 Ctrl+C
2025-07-28 00:15:31,504 - ERROR - 保存剪切板图片失败
Traceback (most recent call last):
  File "main.py", line 22, in save_clipboard_pic
AttributeError: 'list' object has no attribute 'save'
2025-07-28 00:16:05,011 - INFO - 检测到 Ctrl+C
2025-07-28 00:16:05,011 - ERROR - 保存剪切板图片失败
Traceback (most recent call last):
  File "main.py", line 22, in save_clipboard_pic
AttributeError: 'list' object has no attribute 'save'
2025-07-28 00:16:48,970 - INFO - 检测到 Ctrl+C
2025-07-28 00:16:48,970 - ERROR - 保存剪切板图片失败
Traceback (most recent call last):
  File "main.py", line 22, in save_clipboard_pic
AttributeError: 'list' object has no attribute 'save'
2025-07-28 00:16:53,384 - INFO - 检测到 Ctrl+C
2025-07-28 00:16:53,384 - ERROR - 保存剪切板图片失败
Traceback (most recent call last):
  File "main.py", line 22, in save_clipboard_pic
AttributeError: 'list' object has no attribute 'save'
2025-07-28 00:17:09,934 - INFO - 检测到 Ctrl+C
2025-07-28 00:17:09,934 - ERROR - 保存剪切板图片失败
Traceback (most recent call last):
  File "main.py", line 22, in save_clipboard_pic
AttributeError: 'list' object has no attribute 'save'
2025-07-28 00:17:42,547 - INFO - 检测到 Ctrl+C
2025-07-28 00:17:42,547 - ERROR - 保存剪切板图片失败
Traceback (most recent call last):
  File "main.py", line 22, in save_clipboard_pic
AttributeError: 'list' object has no attribute 'save'
2025-07-28 00:18:30,411 - INFO - 检测到 Ctrl+C
2025-07-28 00:18:30,412 - ERROR - 保存剪切板图片失败
Traceback (most recent call last):
  File "main.py", line 22, in save_clipboard_pic
AttributeError: 'list' object has no attribute 'save'
2025-07-28 00:18:37,034 - INFO - 检测到 Ctrl+C
2025-07-28 00:18:37,034 - ERROR - 保存剪切板图片失败
Traceback (most recent call last):
  File "main.py", line 22, in save_clipboard_pic
AttributeError: 'list' object has no attribute 'save'
2025-07-28 00:19:04,023 - INFO - 检测到 Ctrl+C
2025-07-28 00:19:04,023 - ERROR - 保存剪切板图片失败
Traceback (most recent call last):
  File "main.py", line 22, in save_clipboard_pic
AttributeError: 'list' object has no attribute 'save'
2025-07-28 00:19:32,313 - INFO - 检测到 Ctrl+C
2025-07-28 00:19:32,313 - ERROR - 保存剪切板图片失败
Traceback (most recent call last):
  File "main.py", line 22, in save_clipboard_pic
AttributeError: 'list' object has no attribute 'save'
2025-07-28 00:20:13,958 - INFO - 检测到 Ctrl+C
2025-07-28 00:20:13,958 - ERROR - 保存剪切板图片失败
Traceback (most recent call last):
  File "main.py", line 22, in save_clipboard_pic
AttributeError: 'list' object has no attribute 'save'
2025-07-28 00:20:51,578 - INFO - 检测到 Ctrl+C
2025-07-28 00:20:51,578 - ERROR - 保存剪切板图片失败
Traceback (most recent call last):
  File "main.py", line 22, in save_clipboard_pic
AttributeError: 'list' object has no attribute 'save'
2025-07-28 00:21:10,343 - INFO - 检测到 Ctrl+C
2025-07-28 00:21:10,343 - ERROR - 保存剪切板图片失败
Traceback (most recent call last):
  File "main.py", line 22, in save_clipboard_pic
AttributeError: 'list' object has no attribute 'save'
2025-07-28 00:21:28,101 - INFO - 检测到 Ctrl+C
2025-07-28 00:21:28,101 - ERROR - 保存剪切板图片失败
Traceback (most recent call last):
  File "main.py", line 22, in save_clipboard_pic
AttributeError: 'list' object has no attribute 'save'
2025-07-28 00:21:52,587 - INFO - 检测到 Ctrl+C
2025-07-28 00:21:52,587 - ERROR - 保存剪切板图片失败
Traceback (most recent call last):
  File "main.py", line 22, in save_clipboard_pic
AttributeError: 'list' object has no attribute 'save'
2025-07-28 00:22:03,623 - INFO - 检测到 Ctrl+C
2025-07-28 00:22:03,623 - ERROR - 保存剪切板图片失败
Traceback (most recent call last):
  File "main.py", line 22, in save_clipboard_pic
AttributeError: 'list' object has no attribute 'save'
2025-07-28 00:22:47,364 - INFO - 检测到 Ctrl+C
2025-07-28 00:22:47,364 - ERROR - 保存剪切板图片失败
Traceback (most recent call last):
  File "main.py", line 22, in save_clipboard_pic
AttributeError: 'list' object has no attribute 'save'
2025-07-28 00:23:19,165 - INFO - 检测到 Ctrl+C
2025-07-28 00:23:19,165 - ERROR - 保存剪切板图片失败
Traceback (most recent call last):
  File "main.py", line 22, in save_clipboard_pic
AttributeError: 'list' object has no attribute 'save'
2025-07-28 00:23:47,255 - INFO - 检测到 Ctrl+C
2025-07-28 00:23:47,255 - ERROR - 保存剪切板图片失败
Traceback (most recent call last):
  File "main.py", line 22, in save_clipboard_pic
AttributeError: 'list' object has no attribute 'save'
2025-07-28 00:23:52,674 - INFO - 检测到 Ctrl+C
2025-07-28 00:23:52,674 - ERROR - 保存剪切板图片失败
Traceback (most recent call last):
  File "main.py", line 22, in save_clipboard_pic
AttributeError: 'list' object has no attribute 'save'
2025-07-28 00:24:52,465 - INFO - 检测到 Ctrl+C
2025-07-28 00:24:52,466 - ERROR - 保存剪切板图片失败
Traceback (most recent call last):
  File "main.py", line 22, in save_clipboard_pic
AttributeError: 'list' object has no attribute 'save'
2025-07-28 00:25:55,371 - INFO - 检测到 Ctrl+C
2025-07-28 00:25:55,371 - ERROR - 保存剪切板图片失败
Traceback (most recent call last):
  File "main.py", line 22, in save_clipboard_pic
AttributeError: 'list' object has no attribute 'save'
2025-07-28 00:26:39,908 - INFO - 检测到 Ctrl+C
2025-07-28 00:26:39,908 - ERROR - 保存剪切板图片失败
Traceback (most recent call last):
  File "main.py", line 22, in save_clipboard_pic
AttributeError: 'list' object has no attribute 'save'
2025-07-28 00:26:49,739 - INFO - 检测到 Ctrl+C
2025-07-28 00:26:49,739 - ERROR - 保存剪切板图片失败
Traceback (most recent call last):
  File "main.py", line 22, in save_clipboard_pic
AttributeError: 'list' object has no attribute 'save'
2025-07-28 00:27:26,261 - INFO - 检测到 Ctrl+C
2025-07-28 00:27:26,261 - ERROR - 保存剪切板图片失败
Traceback (most recent call last):
  File "main.py", line 22, in save_clipboard_pic
AttributeError: 'list' object has no attribute 'save'
2025-07-28 00:27:42,817 - INFO - 检测到 Ctrl+C
2025-07-28 00:27:42,818 - ERROR - 保存剪切板图片失败
Traceback (most recent call last):
  File "main.py", line 22, in save_clipboard_pic
AttributeError: 'list' object has no attribute 'save'
2025-07-28 00:27:57,268 - INFO - 检测到 Ctrl+C
2025-07-28 00:27:57,268 - ERROR - 保存剪切板图片失败
Traceback (most recent call last):
  File "main.py", line 22, in save_clipboard_pic
AttributeError: 'list' object has no attribute 'save'
2025-07-28 00:27:58,070 - INFO - 检测到 Ctrl+C
2025-07-28 00:27:58,070 - ERROR - 保存剪切板图片失败
Traceback (most recent call last):
  File "main.py", line 22, in save_clipboard_pic
AttributeError: 'list' object has no attribute 'save'
2025-07-28 00:28:39,607 - INFO - 检测到 Ctrl+C
2025-07-28 00:28:39,607 - ERROR - 保存剪切板图片失败
Traceback (most recent call last):
  File "main.py", line 22, in save_clipboard_pic
AttributeError: 'list' object has no attribute 'save'
2025-07-28 00:28:55,557 - INFO - 检测到 Ctrl+C
2025-07-28 00:28:55,557 - ERROR - 保存剪切板图片失败
Traceback (most recent call last):
  File "main.py", line 22, in save_clipboard_pic
AttributeError: 'list' object has no attribute 'save'
2025-07-28 00:29:25,556 - INFO - 检测到 Ctrl+C
2025-07-28 00:29:25,556 - ERROR - 保存剪切板图片失败
Traceback (most recent call last):
  File "main.py", line 22, in save_clipboard_pic
AttributeError: 'list' object has no attribute 'save'
2025-07-28 00:30:16,925 - INFO - 检测到 Ctrl+C
2025-07-28 00:30:16,925 - ERROR - 保存剪切板图片失败
Traceback (most recent call last):
  File "main.py", line 22, in save_clipboard_pic
AttributeError: 'list' object has no attribute 'save'
2025-07-28 00:30:41,001 - INFO - 检测到 Ctrl+C
2025-07-28 00:30:41,001 - ERROR - 保存剪切板图片失败
Traceback (most recent call last):
  File "main.py", line 22, in save_clipboard_pic
AttributeError: 'list' object has no attribute 'save'
2025-07-28 00:30:56,348 - INFO - 检测到 Ctrl+C
2025-07-28 00:30:56,348 - ERROR - 保存剪切板图片失败
Traceback (most recent call last):
  File "main.py", line 22, in save_clipboard_pic
AttributeError: 'list' object has no attribute 'save'
2025-07-28 00:31:18,116 - INFO - 检测到 Ctrl+C
2025-07-28 00:31:18,116 - ERROR - 保存剪切板图片失败
Traceback (most recent call last):
  File "main.py", line 22, in save_clipboard_pic
AttributeError: 'list' object has no attribute 'save'
2025-07-28 00:31:31,862 - INFO - 检测到 Ctrl+C
2025-07-28 00:31:31,862 - ERROR - 保存剪切板图片失败
Traceback (most recent call last):
  File "main.py", line 22, in save_clipboard_pic
AttributeError: 'list' object has no attribute 'save'
2025-07-28 00:32:44,002 - INFO - 检测到 Ctrl+C
2025-07-28 00:32:44,003 - ERROR - 保存剪切板图片失败
Traceback (most recent call last):
  File "main.py", line 22, in save_clipboard_pic
AttributeError: 'list' object has no attribute 'save'
2025-07-28 00:33:49,917 - INFO - 检测到 Ctrl+C
2025-07-28 00:33:49,917 - ERROR - 保存剪切板图片失败
Traceback (most recent call last):
  File "main.py", line 22, in save_clipboard_pic
AttributeError: 'list' object has no attribute 'save'
2025-07-28 00:34:22,620 - INFO - 检测到 Ctrl+C
2025-07-28 00:34:22,620 - WARNING - 剪切板中不包含图片
2025-07-28 00:34:46,194 - INFO - 检测到 Ctrl+C
2025-07-28 00:34:46,194 - WARNING - 剪切板中不包含图片
2025-07-28 00:34:46,996 - INFO - 检测到 Ctrl+C
2025-07-28 00:34:46,996 - WARNING - 剪切板中不包含图片
2025-07-28 00:35:08,859 - INFO - 检测到 Ctrl+C
2025-07-28 00:35:08,860 - ERROR - 保存剪切板图片失败
Traceback (most recent call last):
  File "main.py", line 22, in save_clipboard_pic
AttributeError: 'list' object has no attribute 'save'
2025-07-28 00:35:39,964 - INFO - 检测到 Ctrl+C
2025-07-28 00:35:39,964 - ERROR - 保存剪切板图片失败
Traceback (most recent call last):
  File "main.py", line 22, in save_clipboard_pic
AttributeError: 'list' object has no attribute 'save'
2025-07-28 00:35:56,115 - INFO - 检测到 Ctrl+C
2025-07-28 00:35:56,115 - ERROR - 保存剪切板图片失败
Traceback (most recent call last):
  File "main.py", line 22, in save_clipboard_pic
AttributeError: 'list' object has no attribute 'save'
2025-07-28 00:39:05,860 - INFO - 检测到 Ctrl+C
2025-07-28 00:39:05,860 - WARNING - 剪切板中不包含图片
2025-07-28 00:39:35,158 - INFO - 检测到 Ctrl+C
2025-07-28 00:39:35,158 - WARNING - 剪切板中不包含图片
2025-07-28 00:40:03,451 - INFO - 检测到 Ctrl+C
2025-07-28 00:40:03,451 - WARNING - 剪切板中不包含图片
2025-07-28 00:40:16,490 - INFO - 检测到 Ctrl+C
2025-07-28 00:40:16,491 - WARNING - 剪切板中不包含图片
2025-07-28 00:40:27,126 - INFO - 检测到 Ctrl+C
2025-07-28 00:40:27,127 - WARNING - 剪切板中不包含图片
2025-07-28 00:40:53,709 - INFO - 检测到 Ctrl+C
2025-07-28 00:40:53,709 - WARNING - 剪切板中不包含图片
2025-07-28 00:43:15,071 - INFO - 检测到 Ctrl+C
2025-07-28 00:43:15,071 - WARNING - 剪切板中不包含图片
2025-07-28 00:43:32,125 - INFO - 检测到 Ctrl+C
2025-07-28 00:43:32,125 - WARNING - 剪切板中不包含图片
2025-07-28 00:43:38,444 - INFO - 检测到 Ctrl+C
2025-07-28 00:43:38,445 - WARNING - 剪切板中不包含图片
2025-07-28 22:51:12,265 - INFO - OCR 服务已启动
2025-07-28 22:51:16,281 - INFO - 检测到 Ctrl+C
2025-07-28 22:51:16,296 - INFO - 剪切板中的图片已经保存
2025-07-28 22:51:16,297 - INFO - OCR识别任务已提交
2025-07-28 22:51:16,415 - INFO - 识别成功，img_path: D:\2\WechatOCR\dist\img\~~~ocr.png, result_file: json\~~~ocr.png.json
2025-07-28 22:51:17,297 - INFO - 文本已保存到 text_save.txt
2025-07-28 22:51:17,355 - INFO - 已将文件内容复制到剪贴板。
2025-07-28 22:51:25,083 - INFO - 检测到 Ctrl+C
2025-07-28 22:51:25,085 - INFO - 剪切板中的图片已经保存
2025-07-28 22:51:25,085 - INFO - OCR识别任务已提交
2025-07-28 22:51:25,162 - INFO - 识别成功，img_path: D:\2\WechatOCR\dist\img\~~~ocr.png, result_file: json\~~~ocr.png.json
2025-07-28 22:51:26,086 - INFO - 文本已保存到 text_save.txt
2025-07-28 22:51:26,097 - INFO - 已将文件内容复制到剪贴板。
2025-07-28 22:51:40,252 - INFO - 检测到 Ctrl+C
2025-07-28 22:51:40,260 - INFO - 剪切板中的图片已经保存
2025-07-28 22:51:40,260 - INFO - OCR识别任务已提交
2025-07-28 22:51:40,331 - INFO - 识别成功，img_path: D:\2\WechatOCR\dist\img\~~~ocr.png, result_file: json\~~~ocr.png.json
2025-07-28 22:51:41,262 - INFO - 文本已保存到 text_save.txt
2025-07-28 22:51:41,273 - INFO - 已将文件内容复制到剪贴板。
2025-07-28 22:51:55,429 - INFO - 检测到 Ctrl+C
2025-07-28 22:51:55,431 - INFO - 剪切板中的图片已经保存
2025-07-28 22:51:55,432 - INFO - OCR识别任务已提交
2025-07-28 22:51:55,508 - INFO - 识别成功，img_path: D:\2\WechatOCR\dist\img\~~~ocr.png, result_file: json\~~~ocr.png.json
2025-07-28 22:51:56,433 - INFO - 文本已保存到 text_save.txt
2025-07-28 22:51:56,446 - INFO - 已将文件内容复制到剪贴板。
2025-07-28 22:52:09,598 - INFO - 检测到 Ctrl+C
2025-07-28 22:52:09,601 - INFO - 剪切板中的图片已经保存
2025-07-28 22:52:09,601 - INFO - OCR识别任务已提交
2025-07-28 22:52:09,699 - INFO - 识别成功，img_path: D:\2\WechatOCR\dist\img\~~~ocr.png, result_file: json\~~~ocr.png.json
2025-07-28 22:52:10,602 - INFO - 文本已保存到 text_save.txt
2025-07-28 22:52:10,611 - INFO - 已将文件内容复制到剪贴板。
2025-07-28 22:52:17,135 - INFO - 检测到 Ctrl+C
2025-07-28 22:52:17,136 - INFO - 剪切板中的图片已经保存
2025-07-28 22:52:17,137 - INFO - OCR识别任务已提交
2025-07-28 22:52:17,225 - INFO - 识别成功，img_path: D:\2\WechatOCR\dist\img\~~~ocr.png, result_file: json\~~~ocr.png.json
2025-07-28 22:52:18,137 - INFO - 文本已保存到 text_save.txt
2025-07-28 22:52:18,147 - INFO - 已将文件内容复制到剪贴板。
2025-07-28 22:52:25,774 - INFO - 检测到 Ctrl+C
2025-07-28 22:52:25,775 - INFO - 剪切板中的图片已经保存
2025-07-28 22:52:25,775 - INFO - OCR识别任务已提交
2025-07-28 22:52:25,836 - INFO - 识别成功，img_path: D:\2\WechatOCR\dist\img\~~~ocr.png, result_file: json\~~~ocr.png.json
2025-07-28 22:52:26,776 - INFO - 文本已保存到 text_save.txt
2025-07-28 22:52:26,788 - INFO - 已将文件内容复制到剪贴板。
2025-07-28 22:52:33,211 - INFO - 检测到 Ctrl+C
2025-07-28 22:52:33,213 - INFO - 剪切板中的图片已经保存
2025-07-28 22:52:33,213 - INFO - OCR识别任务已提交
2025-07-28 22:52:33,285 - INFO - 识别成功，img_path: D:\2\WechatOCR\dist\img\~~~ocr.png, result_file: json\~~~ocr.png.json
2025-07-28 22:52:34,214 - INFO - 文本已保存到 text_save.txt
2025-07-28 22:52:34,224 - INFO - 已将文件内容复制到剪贴板。
2025-07-28 23:16:42,730 - INFO - 检测到 Ctrl+C
2025-07-28 23:16:42,730 - WARNING - 剪切板中不包含图片
2025-07-28 23:19:06,080 - INFO - 检测到 Ctrl+C
2025-07-28 23:19:06,080 - WARNING - 剪切板中不包含图片
2025-07-28 23:21:21,298 - INFO - 检测到 Ctrl+C
2025-07-28 23:21:21,298 - WARNING - 剪切板中不包含图片
2025-07-28 23:24:15,124 - INFO - 检测到 Ctrl+C
2025-07-28 23:24:15,125 - WARNING - 剪切板中不包含图片
2025-07-28 23:31:56,161 - INFO - 检测到 Ctrl+C
2025-07-28 23:31:56,162 - WARNING - 剪切板中不包含图片
2025-07-28 23:39:09,742 - INFO - 检测到 Ctrl+C
2025-07-28 23:39:09,742 - WARNING - 剪切板中不包含图片
2025-07-28 23:39:35,492 - INFO - 检测到 Ctrl+C
2025-07-28 23:39:35,492 - WARNING - 剪切板中不包含图片
2025-07-28 23:41:24,574 - INFO - 检测到 Ctrl+C
2025-07-28 23:41:24,575 - WARNING - 剪切板中不包含图片
2025-07-28 23:42:46,201 - INFO - 检测到 Ctrl+C
2025-07-28 23:42:46,203 - WARNING - 剪切板中不包含图片
2025-07-28 23:43:05,820 - INFO - 检测到 Ctrl+C
2025-07-28 23:43:05,820 - WARNING - 剪切板中不包含图片
2025-07-28 23:44:18,750 - INFO - 检测到 Ctrl+C
2025-07-28 23:44:18,751 - WARNING - 剪切板中不包含图片
2025-07-28 23:45:01,164 - INFO - 检测到 Ctrl+C
2025-07-28 23:45:01,666 - WARNING - 剪切板中不包含图片
2025-07-28 23:45:21,662 - INFO - 检测到 Ctrl+C
2025-07-28 23:45:21,662 - WARNING - 剪切板中不包含图片
2025-07-28 23:45:29,694 - INFO - 检测到 Ctrl+C
2025-07-28 23:45:30,195 - WARNING - 剪切板中不包含图片
2025-07-28 23:46:01,026 - INFO - 检测到 Ctrl+C
2025-07-28 23:46:01,027 - WARNING - 剪切板中不包含图片
2025-07-28 23:46:16,695 - INFO - 检测到 Ctrl+C
2025-07-28 23:46:16,696 - WARNING - 剪切板中不包含图片
2025-07-28 23:47:47,639 - INFO - 检测到 Ctrl+C
2025-07-28 23:47:47,640 - WARNING - 剪切板中不包含图片
2025-07-28 23:48:07,913 - INFO - 检测到 Ctrl+C
2025-07-28 23:48:07,914 - WARNING - 剪切板中不包含图片
2025-07-28 23:48:42,636 - INFO - 检测到 Ctrl+C
2025-07-28 23:48:42,637 - WARNING - 剪切板中不包含图片
2025-07-28 23:49:44,067 - INFO - 检测到 Ctrl+C
2025-07-28 23:49:44,067 - WARNING - 剪切板中不包含图片
2025-07-28 23:49:48,584 - INFO - 检测到 Ctrl+C
2025-07-28 23:49:48,586 - WARNING - 剪切板中不包含图片
2025-07-28 23:50:11,464 - INFO - 检测到 Ctrl+C
2025-07-28 23:50:11,465 - WARNING - 剪切板中不包含图片
2025-07-28 23:50:32,940 - INFO - 检测到 Ctrl+C
2025-07-28 23:50:32,940 - WARNING - 剪切板中不包含图片
2025-07-28 23:51:32,346 - INFO - 检测到 Ctrl+C
2025-07-28 23:51:32,348 - WARNING - 剪切板中不包含图片
2025-07-28 23:52:26,250 - INFO - 检测到 Ctrl+C
2025-07-28 23:52:26,250 - WARNING - 剪切板中不包含图片
2025-07-28 23:53:18,940 - INFO - 检测到 Ctrl+C
2025-07-28 23:53:19,442 - WARNING - 剪切板中不包含图片
2025-07-28 23:53:55,364 - INFO - 检测到 Ctrl+C
2025-07-28 23:53:55,365 - WARNING - 剪切板中不包含图片
2025-07-28 23:54:18,847 - INFO - 检测到 Ctrl+C
2025-07-28 23:54:18,847 - WARNING - 剪切板中不包含图片
2025-07-28 23:55:54,278 - INFO - 检测到 Ctrl+C
2025-07-28 23:55:54,278 - WARNING - 剪切板中不包含图片
2025-07-28 23:56:19,258 - INFO - 检测到 Ctrl+C
2025-07-28 23:56:19,759 - WARNING - 剪切板中不包含图片
2025-07-28 23:56:32,802 - INFO - 检测到 Ctrl+C
2025-07-28 23:56:32,802 - WARNING - 剪切板中不包含图片
2025-07-28 23:56:40,226 - INFO - 检测到 Ctrl+C
2025-07-28 23:56:40,226 - WARNING - 剪切板中不包含图片
2025-07-28 23:57:05,620 - INFO - 检测到 Ctrl+C
2025-07-28 23:57:05,620 - WARNING - 剪切板中不包含图片
2025-07-28 23:57:39,332 - INFO - 检测到 Ctrl+C
2025-07-28 23:57:39,332 - WARNING - 剪切板中不包含图片
2025-07-28 23:57:46,757 - INFO - 检测到 Ctrl+C
2025-07-28 23:57:46,758 - WARNING - 剪切板中不包含图片
2025-07-28 23:58:16,561 - INFO - 检测到 Ctrl+C
2025-07-28 23:58:16,561 - WARNING - 剪切板中不包含图片
2025-07-28 23:58:30,306 - INFO - 检测到 Ctrl+C
2025-07-28 23:58:30,306 - WARNING - 剪切板中不包含图片
2025-07-28 23:59:14,753 - INFO - 检测到 Ctrl+C
2025-07-28 23:59:14,753 - WARNING - 剪切板中不包含图片
2025-07-28 23:59:35,321 - INFO - 检测到 Ctrl+C
2025-07-28 23:59:35,321 - WARNING - 剪切板中不包含图片
2025-07-29 00:00:00,903 - INFO - 检测到 Ctrl+C
2025-07-29 00:00:00,903 - WARNING - 剪切板中不包含图片
2025-07-29 00:01:51,700 - INFO - 检测到 Ctrl+C
2025-07-29 00:01:51,700 - WARNING - 剪切板中不包含图片
2025-07-29 00:01:58,923 - INFO - 检测到 Ctrl+C
2025-07-29 00:01:58,923 - WARNING - 剪切板中不包含图片
2025-07-29 00:02:10,968 - INFO - 检测到 Ctrl+C
2025-07-29 00:02:10,968 - WARNING - 剪切板中不包含图片
2025-07-29 00:02:58,030 - INFO - 检测到 Ctrl+C
2025-07-29 00:02:58,030 - WARNING - 剪切板中不包含图片
2025-07-29 00:02:58,631 - INFO - 检测到 Ctrl+C
2025-07-29 00:02:58,632 - WARNING - 剪切板中不包含图片
2025-07-29 00:03:20,806 - INFO - 检测到 Ctrl+C
2025-07-29 00:03:20,806 - WARNING - 剪切板中不包含图片
2025-07-29 00:07:03,824 - INFO - 检测到 Ctrl+C
2025-07-29 00:07:03,824 - WARNING - 剪切板中不包含图片
2025-07-29 00:07:56,510 - INFO - 检测到 Ctrl+C
2025-07-29 00:07:56,511 - WARNING - 剪切板中不包含图片
2025-07-29 00:08:56,531 - INFO - 检测到 Ctrl+C
2025-07-29 00:08:56,531 - WARNING - 剪切板中不包含图片
2025-07-29 00:08:59,644 - INFO - 检测到 Ctrl+C
2025-07-29 00:08:59,644 - WARNING - 剪切板中不包含图片
2025-07-29 00:09:23,925 - INFO - 检测到 Ctrl+C
2025-07-29 00:09:23,925 - WARNING - 剪切板中不包含图片
2025-07-29 00:09:35,665 - INFO - 检测到 Ctrl+C
2025-07-29 00:09:36,166 - WARNING - 剪切板中不包含图片
2025-07-29 00:09:43,091 - INFO - 检测到 Ctrl+C
2025-07-29 00:09:43,093 - WARNING - 剪切板中不包含图片
2025-07-29 00:10:04,070 - INFO - 检测到 Ctrl+C
2025-07-29 00:10:04,070 - WARNING - 剪切板中不包含图片
2025-07-29 00:10:35,574 - INFO - 检测到 Ctrl+C
2025-07-29 00:10:35,574 - WARNING - 剪切板中不包含图片
2025-07-29 00:10:51,633 - INFO - 检测到 Ctrl+C
2025-07-29 00:10:51,633 - WARNING - 剪切板中不包含图片
2025-07-29 00:11:10,103 - INFO - 检测到 Ctrl+C
2025-07-29 00:11:10,103 - WARNING - 剪切板中不包含图片
2025-07-29 00:11:56,762 - INFO - 检测到 Ctrl+C
2025-07-29 00:11:56,771 - INFO - 剪切板中的图片已经保存
2025-07-29 00:11:56,775 - INFO - OCR识别任务已提交
2025-07-29 00:11:56,850 - INFO - 识别成功，img_path: D:\2\WechatOCR\dist\img\~~~ocr.png, result_file: json\~~~ocr.png.json
2025-07-29 00:11:57,777 - INFO - 文本已保存到 text_save.txt
2025-07-29 00:11:57,799 - INFO - 已将文件内容复制到剪贴板。
2025-07-29 00:12:19,371 - INFO - 检测到 Ctrl+C
2025-07-29 00:12:19,373 - INFO - 剪切板中的图片已经保存
2025-07-29 00:12:19,373 - INFO - OCR识别任务已提交
2025-07-29 00:12:19,427 - INFO - 识别成功，img_path: D:\2\WechatOCR\dist\img\~~~ocr.png, result_file: json\~~~ocr.png.json
2025-07-29 00:12:20,374 - INFO - 文本已保存到 text_save.txt
2025-07-29 00:12:20,388 - INFO - 已将文件内容复制到剪贴板。
2025-07-29 00:12:31,632 - INFO - 检测到 Ctrl+C
2025-07-29 00:12:31,636 - ERROR - 保存剪切板图片失败
Traceback (most recent call last):
  File "main.py", line 22, in save_clipboard_pic
AttributeError: 'list' object has no attribute 'save'
2025-07-29 00:14:40,954 - INFO - 检测到 Ctrl+C
2025-07-29 00:14:40,955 - WARNING - 剪切板中不包含图片
2025-07-29 00:14:49,385 - INFO - 检测到 Ctrl+C
2025-07-29 00:14:49,385 - WARNING - 剪切板中不包含图片
2025-07-29 00:14:50,287 - INFO - 检测到 Ctrl+C
2025-07-29 00:14:50,288 - WARNING - 剪切板中不包含图片
2025-07-29 00:16:26,101 - INFO - 检测到 Ctrl+C
2025-07-29 00:16:26,102 - WARNING - 剪切板中不包含图片
2025-07-29 00:26:13,120 - INFO - 检测到 Ctrl+C
2025-07-29 00:26:13,120 - WARNING - 剪切板中不包含图片
2025-07-29 00:27:37,282 - INFO - 检测到 Ctrl+C
2025-07-29 00:27:37,283 - WARNING - 剪切板中不包含图片
2025-07-29 00:27:44,405 - INFO - 检测到 Ctrl+C
2025-07-29 00:27:44,405 - WARNING - 剪切板中不包含图片
2025-07-29 00:27:56,747 - INFO - 检测到 Ctrl+C
2025-07-29 00:27:56,748 - WARNING - 剪切板中不包含图片
2025-07-29 00:28:08,388 - INFO - 检测到 Ctrl+C
2025-07-29 00:28:08,389 - WARNING - 剪切板中不包含图片
2025-07-29 00:29:32,366 - INFO - 检测到 Ctrl+C
2025-07-29 00:29:32,367 - WARNING - 剪切板中不包含图片
2025-07-29 00:31:15,413 - INFO - 检测到 Ctrl+C
2025-07-29 00:31:15,413 - WARNING - 剪切板中不包含图片
2025-07-29 00:32:22,131 - INFO - 检测到 Ctrl+C
2025-07-29 00:32:22,131 - WARNING - 剪切板中不包含图片
2025-07-29 00:32:31,965 - INFO - 检测到 Ctrl+C
2025-07-29 00:32:31,966 - WARNING - 剪切板中不包含图片
2025-07-29 23:09:17,664 - INFO - OCR 服务已启动
2025-07-29 23:09:21,577 - INFO - 检测到 Ctrl+C
2025-07-29 23:09:21,592 - INFO - 剪切板中的图片已经保存
2025-07-29 23:09:21,592 - INFO - OCR识别任务已提交
2025-07-29 23:09:21,670 - INFO - 识别成功，img_path: D:\2\WechatOCR\dist\img\~~~ocr.png, result_file: json\~~~ocr.png.json
2025-07-29 23:09:22,593 - INFO - 文本已保存到 text_save.txt
2025-07-29 23:09:22,635 - INFO - 已将文件内容复制到剪贴板。
2025-07-29 23:10:23,019 - INFO - 检测到 Ctrl+C
2025-07-29 23:10:23,019 - WARNING - 剪切板中不包含图片
2025-07-29 23:10:28,937 - INFO - 检测到 Ctrl+C
2025-07-29 23:10:28,937 - WARNING - 剪切板中不包含图片
2025-07-29 23:23:32,587 - INFO - 检测到 Esc，准备退出
2025-07-29 23:23:32,588 - INFO - OCR 服务已关闭
2025-07-29 23:23:32,588 - INFO - 程序退出
2025-07-30 23:22:01,812 - INFO - OCR 服务已启动
2025-07-30 23:22:10,718 - INFO - OCR 服务已启动
2025-07-30 23:22:12,729 - INFO - 检测到 Ctrl+C
2025-07-30 23:22:12,737 - WARNING - 剪切板中不包含图片
2025-07-30 23:22:12,777 - INFO - 剪切板中的图片已经保存
2025-07-30 23:22:12,777 - INFO - OCR识别任务已提交
2025-07-30 23:22:12,854 - INFO - 识别成功，img_path: D:\2\WechatOCR\dist\img\~~~ocr.png, result_file: json\~~~ocr.png.json
2025-07-30 23:22:13,779 - INFO - 文本已保存到 text_save.txt
2025-07-30 23:22:13,841 - INFO - 已将文件内容复制到剪贴板。
2025-07-30 23:22:30,769 - INFO - OCR 服务已启动
2025-07-30 23:22:34,464 - INFO - 检测到 Ctrl+C
2025-07-30 23:22:34,468 - INFO - 剪切板中的图片已经保存
2025-07-30 23:22:34,469 - INFO - OCR识别任务已提交
2025-07-30 23:22:34,488 - INFO - 检测到 Ctrl+C
2025-07-30 23:22:34,504 - INFO - 剪切板中的图片已经保存
2025-07-30 23:22:34,504 - INFO - OCR识别任务已提交
2025-07-30 23:22:34,523 - INFO - 识别成功，img_path: D:\2\WechatOCR\dist\img\~~~ocr.png, result_file: json\~~~ocr.png.json
2025-07-30 23:22:34,527 - INFO - 检测到 Ctrl+C
2025-07-30 23:22:34,555 - INFO - 识别成功，img_path: D:\2\WechatOCR\dist\img\~~~ocr.png, result_file: json\~~~ocr.png.json
2025-07-30 23:22:34,577 - INFO - 剪切板中的图片已经保存
2025-07-30 23:22:34,577 - INFO - OCR识别任务已提交
2025-07-30 23:22:34,631 - INFO - 识别成功，img_path: D:\2\WechatOCR\dist\img\~~~ocr.png, result_file: json\~~~ocr.png.json
2025-07-30 23:22:35,470 - INFO - 文本已保存到 text_save.txt
2025-07-30 23:22:35,503 - INFO - 已将文件内容复制到剪贴板。
2025-07-30 23:22:35,504 - INFO - 文本已保存到 text_save.txt
2025-07-30 23:22:35,578 - INFO - 文本已保存到 text_save.txt
2025-07-30 23:22:35,780 - INFO - 已将文件内容复制到剪贴板。
2025-07-30 23:22:35,800 - INFO - 已将文件内容复制到剪贴板。
2025-07-30 23:22:39,803 - INFO - 检测到 Ctrl+C
2025-07-30 23:22:39,803 - WARNING - 剪切板中不包含图片
2025-07-30 23:23:14,674 - INFO - 检测到 Ctrl+C
2025-07-30 23:23:14,674 - WARNING - 剪切板中不包含图片
2025-07-30 23:23:14,696 - INFO - 检测到 Ctrl+C
2025-07-30 23:23:14,696 - WARNING - 剪切板中不包含图片
2025-07-30 23:23:14,709 - INFO - 检测到 Ctrl+C
2025-07-30 23:23:14,709 - WARNING - 剪切板中不包含图片
2025-07-30 23:25:17,336 - INFO - 检测到 Ctrl+C
2025-07-30 23:25:17,336 - WARNING - 剪切板中不包含图片
2025-07-30 23:25:17,341 - INFO - 检测到 Ctrl+C
2025-07-30 23:25:17,341 - WARNING - 剪切板中不包含图片
2025-07-30 23:25:17,344 - INFO - 检测到 Ctrl+C
2025-07-30 23:25:17,344 - WARNING - 剪切板中不包含图片
2025-07-30 23:38:25,257 - INFO - 检测到 Esc，准备退出
2025-07-30 23:38:25,258 - INFO - 检测到 Esc，准备退出
2025-07-30 23:38:25,258 - INFO - OCR 服务已关闭
2025-07-30 23:38:25,258 - INFO - 程序退出
2025-07-30 23:38:25,258 - INFO - 程序退出
2025-07-30 23:38:25,259 - INFO - OCR 服务已关闭
2025-07-30 23:38:25,259 - INFO - 程序退出
2025-07-31 21:12:40,142 - INFO - OCR 服务已启动
2025-07-31 21:12:47,666 - INFO - 检测到 Ctrl+C
2025-07-31 21:12:47,678 - INFO - 剪切板中的图片已经保存
2025-07-31 21:12:47,678 - INFO - OCR识别任务已提交
2025-07-31 21:12:47,785 - INFO - 识别成功，img_path: D:\2\WechatOCR\dist\img\~~~ocr.png, result_file: json\~~~ocr.png.json
2025-07-31 21:12:48,679 - INFO - 文本已保存到 text_save.txt
2025-07-31 21:12:48,712 - INFO - 已将文件内容复制到剪贴板。
2025-07-31 21:15:22,846 - INFO - 检测到 Ctrl+C
2025-07-31 21:15:22,846 - WARNING - 剪切板中不包含图片
2025-07-31 21:22:22,748 - INFO - 检测到 Ctrl+C
2025-07-31 21:22:22,748 - WARNING - 剪切板中不包含图片
2025-07-31 22:20:57,068 - INFO - 检测到 Esc，准备退出
2025-07-31 22:20:57,075 - INFO - OCR 服务已关闭
2025-07-31 22:20:57,076 - INFO - 程序退出
2025-07-31 23:32:39,752 - INFO - OCR 服务已启动
2025-07-31 23:32:42,362 - INFO - 检测到 Ctrl+C
2025-07-31 23:32:42,375 - INFO - 剪切板中的图片已经保存
2025-07-31 23:32:42,376 - INFO - OCR识别任务已提交
2025-07-31 23:32:42,451 - INFO - 识别成功，img_path: D:\2\WechatOCR\dist\img\~~~ocr.png, result_file: json\~~~ocr.png.json
2025-07-31 23:32:43,377 - INFO - 文本已保存到 text_save.txt
2025-07-31 23:32:43,432 - INFO - 已将文件内容复制到剪贴板。
2025-07-31 23:33:16,043 - INFO - 检测到 Ctrl+C
2025-07-31 23:33:16,043 - WARNING - 剪切板中不包含图片
2025-07-31 23:33:55,182 - INFO - 检测到 Ctrl+C
2025-07-31 23:33:55,182 - WARNING - 剪切板中不包含图片
2025-07-31 23:34:00,798 - INFO - 检测到 Ctrl+C
2025-07-31 23:34:00,798 - WARNING - 剪切板中不包含图片
2025-07-31 23:34:10,325 - INFO - 检测到 Ctrl+C
2025-07-31 23:34:10,325 - WARNING - 剪切板中不包含图片
2025-07-31 23:34:20,859 - INFO - 检测到 Ctrl+C
2025-07-31 23:34:20,859 - WARNING - 剪切板中不包含图片
2025-07-31 23:34:33,200 - INFO - 检测到 Ctrl+C
2025-07-31 23:34:33,200 - WARNING - 剪切板中不包含图片
2025-07-31 23:35:43,957 - INFO - 检测到 Ctrl+C
2025-07-31 23:35:43,957 - WARNING - 剪切板中不包含图片
2025-07-31 23:36:32,823 - INFO - 检测到 Ctrl+C
2025-07-31 23:36:32,823 - WARNING - 剪切板中不包含图片
2025-07-31 23:36:57,806 - INFO - 检测到 Ctrl+C
2025-07-31 23:36:57,806 - WARNING - 剪切板中不包含图片
2025-07-31 23:45:52,292 - INFO - 检测到 Ctrl+C
2025-07-31 23:45:52,295 - WARNING - 剪切板中不包含图片
2025-07-31 23:46:20,502 - INFO - 检测到 Ctrl+C
2025-07-31 23:46:20,502 - WARNING - 剪切板中不包含图片
2025-07-31 23:46:28,829 - INFO - 检测到 Ctrl+C
2025-07-31 23:46:28,829 - WARNING - 剪切板中不包含图片
2025-07-31 23:46:45,786 - INFO - 检测到 Ctrl+C
2025-07-31 23:46:45,786 - WARNING - 剪切板中不包含图片
2025-07-31 23:51:52,935 - INFO - 检测到 Ctrl+C
2025-07-31 23:51:52,935 - WARNING - 剪切板中不包含图片
2025-07-31 23:52:04,874 - INFO - 检测到 Ctrl+C
2025-07-31 23:52:04,874 - WARNING - 剪切板中不包含图片
2025-07-31 23:52:44,606 - INFO - 检测到 Ctrl+C
2025-07-31 23:52:44,606 - WARNING - 剪切板中不包含图片
2025-07-31 23:53:03,264 - INFO - 检测到 Ctrl+C
2025-07-31 23:53:03,264 - WARNING - 剪切板中不包含图片
2025-08-06 23:03:08,959 - INFO - OCR 服务已启动
2025-08-06 23:03:13,775 - INFO - 检测到 Ctrl+C
2025-08-06 23:03:13,817 - INFO - 剪切板中的图片已经保存
2025-08-06 23:03:13,817 - INFO - OCR识别任务已提交
2025-08-06 23:03:14,103 - INFO - 识别成功，img_path: D:\2\WechatOCR\dist\img\~~~ocr.png, result_file: json\~~~ocr.png.json
2025-08-06 23:03:14,818 - INFO - 文本已保存到 text_save.txt
2025-08-06 23:03:14,860 - INFO - 已将文件内容复制到剪贴板。
2025-08-06 23:03:18,170 - INFO - 检测到 Ctrl+C
2025-08-06 23:03:18,170 - WARNING - 剪切板中不包含图片
2025-08-06 23:03:43,349 - INFO - 检测到 Ctrl+C
2025-08-06 23:03:43,349 - WARNING - 剪切板中不包含图片
2025-08-06 23:04:05,618 - INFO - 检测到 Ctrl+C
2025-08-06 23:04:05,618 - WARNING - 剪切板中不包含图片
2025-08-06 23:05:24,862 - INFO - 检测到 Ctrl+C
2025-08-06 23:05:24,862 - WARNING - 剪切板中不包含图片
2025-08-06 23:05:25,463 - INFO - 检测到 Ctrl+C
2025-08-06 23:05:25,463 - WARNING - 剪切板中不包含图片
2025-08-06 23:05:35,493 - INFO - 检测到 Ctrl+C
2025-08-06 23:05:35,493 - WARNING - 剪切板中不包含图片
2025-08-06 23:05:39,604 - INFO - 检测到 Ctrl+C
2025-08-06 23:05:39,605 - WARNING - 剪切板中不包含图片
2025-08-06 23:06:39,791 - INFO - 检测到 Ctrl+C
2025-08-06 23:06:39,791 - WARNING - 剪切板中不包含图片
2025-08-06 23:06:56,647 - INFO - 检测到 Ctrl+C
2025-08-06 23:06:56,647 - WARNING - 剪切板中不包含图片
2025-08-06 23:08:58,531 - INFO - 检测到 Ctrl+C
2025-08-06 23:08:58,531 - WARNING - 剪切板中不包含图片
2025-08-06 23:10:19,579 - INFO - 检测到 Ctrl+C
2025-08-06 23:10:19,579 - WARNING - 剪切板中不包含图片
2025-08-06 23:12:41,012 - INFO - 检测到 Ctrl+C
2025-08-06 23:12:41,012 - WARNING - 剪切板中不包含图片
2025-08-06 23:14:56,132 - INFO - 检测到 Ctrl+C
2025-08-06 23:14:56,132 - WARNING - 剪切板中不包含图片
2025-08-06 23:14:57,234 - INFO - 检测到 Ctrl+C
2025-08-06 23:14:57,234 - WARNING - 剪切板中不包含图片
2025-08-06 23:15:46,384 - INFO - 检测到 Ctrl+C
2025-08-06 23:15:46,384 - WARNING - 剪切板中不包含图片
2025-08-06 23:16:38,940 - INFO - 检测到 Ctrl+C
2025-08-06 23:16:38,940 - WARNING - 剪切板中不包含图片
2025-08-06 23:16:39,641 - INFO - 检测到 Ctrl+C
2025-08-06 23:16:39,641 - WARNING - 剪切板中不包含图片
2025-08-06 23:17:11,939 - INFO - 检测到 Esc，准备退出
2025-08-06 23:17:11,940 - INFO - OCR 服务已关闭
2025-08-06 23:17:11,940 - INFO - 程序退出
2025-08-06 23:41:28,782 - INFO - OCR 服务已启动
2025-08-06 23:41:34,099 - INFO - 检测到 Ctrl+C
2025-08-06 23:41:34,112 - INFO - 剪切板中的图片已经保存
2025-08-06 23:41:34,112 - INFO - OCR识别任务已提交
2025-08-06 23:41:34,230 - INFO - 识别成功，img_path: D:\2\WechatOCR\dist\img\~~~ocr.png, result_file: json\~~~ocr.png.json
2025-08-06 23:41:35,114 - INFO - 文本已保存到 text_save.txt
2025-08-06 23:41:35,156 - INFO - 已将文件内容复制到剪贴板。
2025-08-06 23:41:49,906 - INFO - 检测到 Ctrl+C
2025-08-06 23:41:49,906 - WARNING - 剪切板中不包含图片
2025-08-06 23:41:58,731 - INFO - 检测到 Ctrl+C
2025-08-06 23:41:58,731 - WARNING - 剪切板中不包含图片
2025-08-06 23:42:14,378 - INFO - 检测到 Ctrl+C
2025-08-06 23:42:14,378 - WARNING - 剪切板中不包含图片
2025-08-06 23:45:08,098 - INFO - 检测到 Ctrl+C
2025-08-06 23:45:08,098 - WARNING - 剪切板中不包含图片
2025-08-06 23:46:01,865 - INFO - 检测到 Ctrl+C
2025-08-06 23:46:01,865 - WARNING - 剪切板中不包含图片
2025-08-06 23:46:45,196 - INFO - 检测到 Ctrl+C
2025-08-06 23:46:45,196 - WARNING - 剪切板中不包含图片
2025-08-06 23:48:22,298 - INFO - 检测到 Ctrl+C
2025-08-06 23:48:22,298 - WARNING - 剪切板中不包含图片
2025-08-06 23:48:55,000 - INFO - 检测到 Ctrl+C
2025-08-06 23:48:55,000 - WARNING - 剪切板中不包含图片
2025-08-06 23:49:08,446 - INFO - 检测到 Ctrl+C
2025-08-06 23:49:08,446 - WARNING - 剪切板中不包含图片
2025-08-06 23:52:47,434 - INFO - 检测到 Ctrl+C
2025-08-06 23:52:47,434 - WARNING - 剪切板中不包含图片
2025-08-06 23:52:56,962 - INFO - 检测到 Ctrl+C
2025-08-06 23:52:56,962 - WARNING - 剪切板中不包含图片
2025-08-06 23:53:04,584 - INFO - 检测到 Ctrl+C
2025-08-06 23:53:04,584 - WARNING - 剪切板中不包含图片
2025-08-06 23:56:37,944 - INFO - 检测到 Ctrl+C
2025-08-06 23:56:37,944 - WARNING - 剪切板中不包含图片
2025-08-06 23:58:59,375 - INFO - 检测到 Ctrl+C
2025-08-06 23:58:59,375 - WARNING - 剪切板中不包含图片
2025-08-07 00:01:24,121 - INFO - 检测到 Ctrl+C
2025-08-07 00:01:24,135 - INFO - 剪切板中的图片已经保存
2025-08-07 00:01:24,135 - INFO - OCR识别任务已提交
2025-08-07 00:01:24,524 - INFO - 识别成功，img_path: D:\2\WechatOCR\dist\img\~~~ocr.png, result_file: json\~~~ocr.png.json
2025-08-07 00:01:25,136 - INFO - 文本已保存到 text_save.txt
2025-08-07 00:01:25,144 - INFO - 已将文件内容复制到剪贴板。
2025-08-07 00:03:17,489 - INFO - 检测到 Ctrl+C
2025-08-07 00:03:17,489 - WARNING - 剪切板中不包含图片
2025-08-07 00:04:00,425 - INFO - 检测到 Ctrl+C
2025-08-07 00:04:00,432 - INFO - 剪切板中的图片已经保存
2025-08-07 00:04:00,433 - INFO - OCR识别任务已提交
2025-08-07 00:04:00,699 - INFO - 识别成功，img_path: D:\2\WechatOCR\dist\img\~~~ocr.png, result_file: json\~~~ocr.png.json
2025-08-07 00:04:01,433 - INFO - 文本已保存到 text_save.txt
2025-08-07 00:04:01,442 - INFO - 已将文件内容复制到剪贴板。
2025-08-07 00:04:25,614 - INFO - 检测到 Ctrl+C
2025-08-07 00:04:25,616 - WARNING - 剪切板中不包含图片
2025-08-07 00:05:10,859 - INFO - 检测到 Ctrl+C
2025-08-07 00:05:10,859 - WARNING - 剪切板中不包含图片
2025-08-07 00:06:20,677 - INFO - 检测到 Ctrl+C
2025-08-07 00:06:20,677 - WARNING - 剪切板中不包含图片
2025-08-07 00:08:29,075 - INFO - 检测到 Ctrl+C
2025-08-07 00:08:29,075 - WARNING - 剪切板中不包含图片
2025-08-07 00:10:20,819 - INFO - 检测到 Ctrl+C
2025-08-07 00:10:20,819 - WARNING - 剪切板中不包含图片
2025-08-07 00:10:45,392 - INFO - 检测到 Ctrl+C
2025-08-07 00:10:45,392 - WARNING - 剪切板中不包含图片
2025-08-07 00:11:15,279 - INFO - 检测到 Ctrl+C
2025-08-07 00:11:15,279 - WARNING - 剪切板中不包含图片
2025-08-07 00:11:54,496 - INFO - 检测到 Ctrl+C
2025-08-07 00:11:54,497 - WARNING - 剪切板中不包含图片
2025-08-07 00:12:11,850 - INFO - 检测到 Ctrl+C
2025-08-07 00:12:11,850 - WARNING - 剪切板中不包含图片
2025-08-07 00:13:41,917 - INFO - 检测到 Ctrl+C
2025-08-07 00:13:41,917 - WARNING - 剪切板中不包含图片
2025-08-07 00:14:21,035 - INFO - 检测到 Ctrl+C
2025-08-07 00:14:21,035 - WARNING - 剪切板中不包含图片
2025-08-07 00:16:56,111 - INFO - 检测到 Ctrl+C
2025-08-07 00:16:56,111 - WARNING - 剪切板中不包含图片
2025-08-07 00:17:00,123 - INFO - 检测到 Ctrl+C
2025-08-07 00:17:00,123 - WARNING - 剪切板中不包含图片
2025-08-07 00:17:00,725 - INFO - 检测到 Ctrl+C
2025-08-07 00:17:00,725 - WARNING - 剪切板中不包含图片
2025-08-07 00:17:23,996 - INFO - 检测到 Ctrl+C
2025-08-07 00:17:23,996 - WARNING - 剪切板中不包含图片
2025-08-07 00:20:16,129 - INFO - 检测到 Ctrl+C
2025-08-07 00:20:16,129 - WARNING - 剪切板中不包含图片
2025-08-07 00:20:25,354 - INFO - 检测到 Ctrl+C
2025-08-07 00:20:25,354 - WARNING - 剪切板中不包含图片
2025-08-07 00:21:05,585 - INFO - 检测到 Ctrl+C
2025-08-07 00:21:05,585 - WARNING - 剪切板中不包含图片
2025-08-07 14:47:59,117 - INFO - OCR 服务已启动
2025-08-07 14:48:03,333 - INFO - 检测到 Esc，准备退出
2025-08-07 14:48:03,334 - INFO - OCR 服务已关闭
2025-08-07 14:48:03,334 - INFO - 程序退出
2025-08-07 14:48:10,560 - INFO - OCR 服务已启动
2025-08-07 14:48:14,876 - INFO - 检测到 Ctrl+C
2025-08-07 14:48:14,901 - INFO - 剪切板中的图片已经保存
2025-08-07 14:48:14,902 - INFO - OCR识别任务已提交
2025-08-07 14:48:15,094 - INFO - 识别成功，img_path: D:\2\WechatOCR\dist\img\~~~ocr.png, result_file: json\~~~ocr.png.json
2025-08-07 14:48:15,904 - INFO - 文本已保存到 text_save.txt
2025-08-07 14:48:15,961 - INFO - 已将文件内容复制到剪贴板。
2025-08-07 14:48:16,461 - INFO - 检测到 Esc，准备退出
2025-08-07 14:48:16,461 - INFO - OCR 服务已关闭
2025-08-07 14:48:16,462 - INFO - 程序退出
2025-08-07 14:51:54,791 - INFO - OCR 服务已启动
2025-08-07 14:51:57,605 - INFO - 检测到 Ctrl+C
2025-08-07 14:51:57,662 - INFO - 剪切板中的图片已经保存
2025-08-07 14:51:57,663 - INFO - OCR识别任务已提交
2025-08-07 14:51:58,003 - INFO - 识别成功，img_path: D:\2\WechatOCR\dist\img\~~~ocr.png, result_file: json\~~~ocr.png.json
2025-08-07 14:51:58,664 - INFO - 文本已保存到 text_save.txt
2025-08-07 14:51:58,706 - INFO - 已将文件内容复制到剪贴板。
2025-08-07 14:53:15,862 - INFO - 检测到 Esc，准备退出
2025-08-07 14:53:15,862 - INFO - OCR 服务已关闭
2025-08-07 14:53:15,862 - INFO - 程序退出
2025-08-07 15:01:58,631 - INFO - OCR 服务已启动
2025-08-07 15:02:03,349 - INFO - 检测到 Ctrl+C
2025-08-07 15:02:03,364 - INFO - 剪切板中的图片已经保存
2025-08-07 15:02:03,364 - INFO - OCR识别任务已提交
2025-08-07 15:02:03,432 - INFO - 识别成功，img_path: D:\2\WechatOCR\dist\img\~~~ocr.png, result_file: json\~~~ocr.png.json
2025-08-07 15:02:04,364 - INFO - 文本已保存到 text_save.txt
2025-08-07 15:02:04,428 - INFO - 已将文件内容复制到剪贴板。
2025-08-07 15:02:04,928 - INFO - 检测到 Esc，准备退出
2025-08-07 15:02:04,929 - INFO - OCR 服务已关闭
2025-08-07 15:02:04,929 - INFO - 程序退出
2025-08-07 15:29:09,944 - INFO - OCR 服务已启动
2025-08-07 15:29:14,860 - INFO - 检测到 Ctrl+C
2025-08-07 15:29:14,875 - INFO - 剪切板中的图片已经保存
2025-08-07 15:29:14,875 - INFO - OCR识别任务已提交
2025-08-07 15:29:14,967 - INFO - 识别成功，img_path: D:\2\WechatOCR\dist\img\~~~ocr.png, result_file: json\~~~ocr.png.json
2025-08-07 15:29:15,877 - INFO - 文本已保存到 text_save.txt
2025-08-07 15:29:15,918 - INFO - 已将文件内容复制到剪贴板。
2025-08-07 15:30:27,648 - INFO - 检测到 Ctrl+C
2025-08-07 15:30:27,649 - WARNING - 剪切板中不包含图片
2025-08-07 15:31:23,535 - INFO - 检测到 Esc，准备退出
2025-08-07 15:31:23,536 - INFO - OCR 服务已关闭
2025-08-07 15:31:23,536 - INFO - 程序退出
2025-08-07 15:32:24,594 - INFO - OCR 服务已启动
2025-08-07 15:32:27,504 - INFO - 检测到 Ctrl+C
2025-08-07 15:32:27,517 - INFO - 剪切板中的图片已经保存
2025-08-07 15:32:27,517 - INFO - OCR识别任务已提交
2025-08-07 15:32:27,666 - INFO - 识别成功，img_path: D:\2\WechatOCR\dist\img\~~~ocr.png, result_file: json\~~~ocr.png.json
2025-08-07 15:32:28,519 - INFO - 文本已保存到 text_save.txt
2025-08-07 15:32:28,562 - INFO - 已将文件内容复制到剪贴板。
2025-08-07 15:35:10,386 - INFO - 检测到 Esc，准备退出
2025-08-07 15:35:10,386 - INFO - OCR 服务已关闭
2025-08-07 15:35:10,387 - INFO - 程序退出
2025-08-07 16:25:42,892 - INFO - OCR 服务已启动
2025-08-07 16:25:54,331 - INFO - 检测到 Ctrl+C
2025-08-07 16:25:54,343 - INFO - 剪切板中的图片已经保存
2025-08-07 16:25:54,344 - INFO - OCR识别任务已提交
2025-08-07 16:25:54,552 - INFO - 识别成功，img_path: D:\2\WechatOCR\dist\img\~~~ocr.png, result_file: json\~~~ocr.png.json
2025-08-07 16:25:55,345 - INFO - 文本已保存到 text_save.txt
2025-08-07 16:25:55,399 - INFO - 已将文件内容复制到剪贴板。
2025-08-07 16:27:18,661 - INFO - 检测到 Ctrl+C
2025-08-07 16:27:18,663 - WARNING - 剪切板中不包含图片
2025-08-07 16:27:20,067 - INFO - 检测到 Ctrl+C
2025-08-07 16:27:20,067 - WARNING - 剪切板中不包含图片
2025-08-07 16:27:20,769 - INFO - 检测到 Ctrl+C
2025-08-07 16:27:20,769 - WARNING - 剪切板中不包含图片
2025-08-07 16:27:40,836 - INFO - 检测到 Ctrl+C
2025-08-07 16:27:40,836 - WARNING - 剪切板中不包含图片
2025-08-07 16:29:32,002 - INFO - 检测到 Ctrl+C
2025-08-07 16:29:32,002 - WARNING - 剪切板中不包含图片
2025-08-07 16:32:55,994 - INFO - 检测到 Esc，准备退出
2025-08-07 16:32:55,995 - INFO - OCR 服务已关闭
2025-08-07 16:32:55,995 - INFO - 程序退出
2025-08-07 16:44:53,321 - INFO - OCR 服务已启动
2025-08-07 16:44:59,442 - INFO - 检测到 Ctrl+C
2025-08-07 16:44:59,978 - INFO - 剪切板中的图片已经保存
2025-08-07 16:44:59,978 - INFO - OCR识别任务已提交
2025-08-07 16:45:00,291 - INFO - 识别成功，img_path: D:\2\WechatOCR\dist\img\~~~ocr.png, result_file: json\~~~ocr.png.json
2025-08-07 16:45:00,979 - INFO - 文本已保存到 text_save.txt
2025-08-07 16:45:01,042 - INFO - 已将文件内容复制到剪贴板。
2025-08-07 16:45:04,050 - INFO - OCR 服务已启动
2025-08-07 16:47:12,871 - INFO - 检测到 Ctrl+C
2025-08-07 16:47:12,872 - WARNING - 剪切板中不包含图片
2025-08-07 16:48:25,099 - INFO - 检测到 Ctrl+C
2025-08-07 16:48:25,100 - INFO - 检测到 Ctrl+C
2025-08-07 16:48:25,100 - WARNING - 剪切板中不包含图片
2025-08-07 16:48:25,116 - INFO - 剪切板中的图片已经保存
2025-08-07 16:48:25,116 - INFO - OCR识别任务已提交
2025-08-07 16:48:25,270 - INFO - 识别成功，img_path: D:\2\WechatOCR\dist\img\~~~ocr.png, result_file: json\~~~ocr.png.json
2025-08-07 16:48:26,118 - INFO - 文本已保存到 text_save.txt
2025-08-07 16:48:26,126 - INFO - 已将文件内容复制到剪贴板。
2025-08-07 16:49:05,058 - INFO - 检测到 Ctrl+C
2025-08-07 16:49:05,058 - WARNING - 剪切板中不包含图片
2025-08-07 16:49:32,629 - INFO - 检测到 Ctrl+C
2025-08-07 16:49:32,629 - WARNING - 剪切板中不包含图片
2025-08-07 16:49:41,556 - INFO - 检测到 Ctrl+C
2025-08-07 16:49:41,572 - INFO - 检测到 Ctrl+C
2025-08-07 16:49:41,572 - WARNING - 剪切板中不包含图片
2025-08-07 16:49:42,062 - WARNING - 剪切板中不包含图片
2025-08-07 16:49:54,501 - INFO - 检测到 Ctrl+C
2025-08-07 16:49:54,501 - WARNING - 剪切板中不包含图片
2025-08-07 16:49:54,512 - INFO - 检测到 Ctrl+C
2025-08-07 16:49:54,512 - WARNING - 剪切板中不包含图片
2025-08-07 16:50:04,536 - INFO - 检测到 Ctrl+C
2025-08-07 16:50:04,536 - WARNING - 剪切板中不包含图片
2025-08-07 16:50:04,545 - INFO - 检测到 Ctrl+C
2025-08-07 16:50:04,545 - WARNING - 剪切板中不包含图片
2025-08-07 16:50:12,369 - INFO - 检测到 Ctrl+C
2025-08-07 16:50:12,369 - WARNING - 剪切板中不包含图片
2025-08-07 16:50:12,461 - INFO - 检测到 Ctrl+C
2025-08-07 16:50:12,462 - WARNING - 剪切板中不包含图片
2025-08-07 16:50:31,024 - INFO - 检测到 Ctrl+C
2025-08-07 16:50:31,025 - WARNING - 剪切板中不包含图片
2025-08-07 16:50:31,032 - INFO - 检测到 Ctrl+C
2025-08-07 16:50:31,032 - WARNING - 剪切板中不包含图片
2025-08-07 16:50:41,758 - INFO - 检测到 Ctrl+C
2025-08-07 16:50:41,759 - WARNING - 剪切板中不包含图片
2025-08-07 16:50:41,767 - INFO - 检测到 Ctrl+C
2025-08-07 16:50:41,767 - WARNING - 剪切板中不包含图片
2025-08-07 16:50:47,074 - INFO - 检测到 Ctrl+C
2025-08-07 16:50:47,075 - WARNING - 剪切板中不包含图片
2025-08-07 16:50:47,085 - INFO - 检测到 Ctrl+C
2025-08-07 16:50:47,085 - WARNING - 剪切板中不包含图片
2025-08-07 16:52:18,072 - INFO - 检测到 Ctrl+C
2025-08-07 16:52:18,072 - WARNING - 剪切板中不包含图片
2025-08-07 16:52:18,074 - INFO - 检测到 Ctrl+C
2025-08-07 16:52:18,074 - WARNING - 剪切板中不包含图片
2025-08-07 16:52:54,987 - INFO - 检测到 Ctrl+C
2025-08-07 16:52:54,987 - WARNING - 剪切板中不包含图片
2025-08-07 16:52:54,988 - WARNING - 剪切板中不包含图片
2025-08-07 16:53:09,532 - INFO - 检测到 Ctrl+C
2025-08-07 16:53:09,532 - WARNING - 剪切板中不包含图片
2025-08-07 16:55:26,786 - INFO - 检测到 Ctrl+C
2025-08-07 16:55:26,786 - WARNING - 剪切板中不包含图片
2025-08-07 16:55:26,877 - INFO - 检测到 Ctrl+C
2025-08-07 16:55:26,877 - WARNING - 剪切板中不包含图片
2025-08-07 16:55:41,922 - INFO - 检测到 Ctrl+C
2025-08-07 16:55:41,922 - WARNING - 剪切板中不包含图片
2025-08-07 16:55:41,931 - INFO - 检测到 Ctrl+C
2025-08-07 16:55:41,931 - WARNING - 剪切板中不包含图片
2025-08-07 16:56:22,958 - INFO - 检测到 Ctrl+C
2025-08-07 16:56:22,958 - WARNING - 剪切板中不包含图片
2025-08-07 16:57:26,461 - INFO - 检测到 Ctrl+C
2025-08-07 16:57:26,461 - WARNING - 剪切板中不包含图片
2025-08-07 16:57:26,472 - INFO - 检测到 Ctrl+C
2025-08-07 16:57:26,472 - WARNING - 剪切板中不包含图片
2025-08-07 16:57:40,215 - INFO - 检测到 Ctrl+C
2025-08-07 16:57:40,215 - WARNING - 剪切板中不包含图片
2025-08-07 16:57:40,307 - INFO - 检测到 Ctrl+C
2025-08-07 16:57:40,307 - WARNING - 剪切板中不包含图片
2025-08-07 17:00:33,164 - INFO - 检测到 Ctrl+C
2025-08-07 17:00:33,165 - WARNING - 剪切板中不包含图片
2025-08-07 17:00:33,168 - INFO - 检测到 Ctrl+C
2025-08-07 17:00:33,169 - WARNING - 剪切板中不包含图片
2025-08-07 17:01:41,488 - INFO - 检测到 Ctrl+C
2025-08-07 17:01:41,488 - INFO - 检测到 Ctrl+C
2025-08-07 17:01:41,488 - WARNING - 剪切板中不包含图片
2025-08-07 17:01:41,489 - WARNING - 剪切板中不包含图片
2025-08-07 17:03:52,226 - INFO - 检测到 Ctrl+C
2025-08-07 17:03:52,226 - WARNING - 剪切板中不包含图片
2025-08-07 17:05:05,559 - INFO - 检测到 Esc，准备退出
2025-08-07 17:05:05,559 - INFO - OCR 服务已关闭
2025-08-07 17:05:05,559 - INFO - 程序退出
2025-08-07 17:05:05,559 - INFO - 程序退出
2025-08-07 17:10:46,854 - INFO - OCR 服务已启动
2025-08-07 17:10:50,869 - INFO - 检测到 Ctrl+C
2025-08-07 17:10:50,888 - INFO - 剪切板中的图片已经保存
2025-08-07 17:10:50,888 - INFO - OCR识别任务已提交
2025-08-07 17:10:51,060 - INFO - 识别成功，img_path: D:\2\WechatOCR\dist\img\~~~ocr.png, result_file: json\~~~ocr.png.json
2025-08-07 17:10:51,888 - INFO - 文本已保存到 text_save.txt
2025-08-07 17:10:51,938 - INFO - 已将文件内容复制到剪贴板。
2025-08-07 17:12:41,510 - INFO - 检测到 Ctrl+C
2025-08-07 17:12:41,510 - WARNING - 剪切板中不包含图片
2025-08-07 17:12:48,934 - INFO - 检测到 Ctrl+C
2025-08-07 17:12:48,934 - WARNING - 剪切板中不包含图片
2025-08-07 17:13:17,829 - INFO - 检测到 Ctrl+C
2025-08-07 17:13:17,830 - WARNING - 剪切板中不包含图片
2025-08-07 17:15:35,893 - INFO - 检测到 Ctrl+C
2025-08-07 17:15:35,894 - WARNING - 剪切板中不包含图片
2025-08-07 17:15:39,204 - INFO - 检测到 Ctrl+C
2025-08-07 17:15:39,204 - WARNING - 剪切板中不包含图片
2025-08-07 17:15:41,210 - INFO - 检测到 Ctrl+C
2025-08-07 17:15:41,210 - WARNING - 剪切板中不包含图片
2025-08-07 17:16:29,257 - INFO - 检测到 Ctrl+C
2025-08-07 17:16:29,257 - WARNING - 剪切板中不包含图片
2025-08-07 17:18:11,152 - INFO - 检测到 Ctrl+C
2025-08-07 17:18:11,152 - WARNING - 剪切板中不包含图片
2025-08-07 17:18:44,348 - INFO - 检测到 Ctrl+C
2025-08-07 17:18:44,349 - WARNING - 剪切板中不包含图片
2025-08-07 17:19:18,843 - INFO - 检测到 Ctrl+C
2025-08-07 17:19:18,845 - WARNING - 剪切板中不包含图片
2025-08-07 17:20:05,086 - INFO - 检测到 Ctrl+C
2025-08-07 17:20:05,086 - WARNING - 剪切板中不包含图片
2025-08-07 17:20:33,067 - INFO - 检测到 Ctrl+C
2025-08-07 17:20:33,067 - WARNING - 剪切板中不包含图片
2025-08-07 17:20:42,796 - INFO - 检测到 Ctrl+C
2025-08-07 17:20:42,797 - WARNING - 剪切板中不包含图片
2025-08-07 17:20:52,026 - INFO - 检测到 Ctrl+C
2025-08-07 17:20:52,026 - WARNING - 剪切板中不包含图片
2025-08-07 17:22:50,078 - INFO - 检测到 Ctrl+C
2025-08-07 17:22:50,079 - WARNING - 剪切板中不包含图片
2025-08-07 17:23:19,163 - INFO - 检测到 Ctrl+C
2025-08-07 17:23:19,163 - WARNING - 剪切板中不包含图片
2025-08-07 17:23:23,777 - INFO - 检测到 Ctrl+C
2025-08-07 17:23:23,777 - WARNING - 剪切板中不包含图片
2025-08-07 17:23:31,397 - INFO - 检测到 Ctrl+C
2025-08-07 17:23:31,397 - WARNING - 剪切板中不包含图片
2025-08-07 17:24:38,890 - INFO - 检测到 Ctrl+C
2025-08-07 17:24:38,891 - WARNING - 剪切板中不包含图片
2025-08-07 17:25:12,296 - INFO - 检测到 Ctrl+C
2025-08-07 17:25:12,296 - WARNING - 剪切板中不包含图片
2025-08-07 17:29:40,727 - INFO - 检测到 Ctrl+C
2025-08-07 17:29:40,728 - WARNING - 剪切板中不包含图片
2025-08-07 17:29:55,573 - INFO - 检测到 Ctrl+C
2025-08-07 17:29:55,574 - WARNING - 剪切板中不包含图片
2025-08-07 17:32:06,508 - INFO - 检测到 Ctrl+C
2025-08-07 17:32:06,508 - WARNING - 剪切板中不包含图片
2025-08-07 17:32:09,718 - INFO - 检测到 Ctrl+C
2025-08-07 17:32:09,718 - WARNING - 剪切板中不包含图片
2025-08-07 17:34:47,445 - INFO - 检测到 Ctrl+C
2025-08-07 17:34:47,445 - WARNING - 剪切板中不包含图片
2025-08-07 17:35:12,431 - INFO - 检测到 Ctrl+C
2025-08-07 17:35:12,431 - WARNING - 剪切板中不包含图片
2025-08-07 17:35:17,447 - INFO - 检测到 Ctrl+C
2025-08-07 17:35:17,447 - WARNING - 剪切板中不包含图片
2025-08-07 17:37:25,474 - INFO - 检测到 Esc，准备退出
2025-08-07 17:37:25,474 - INFO - OCR 服务已关闭
2025-08-07 17:37:25,474 - INFO - 程序退出
2025-08-07 20:51:22,052 - INFO - OCR 服务已启动
2025-08-07 20:51:25,367 - INFO - 检测到 Ctrl+C
2025-08-07 20:51:25,385 - INFO - 剪切板中的图片已经保存
2025-08-07 20:51:25,385 - INFO - OCR识别任务已提交
2025-08-07 20:51:25,665 - INFO - 识别成功，img_path: D:\2\WechatOCR\dist\img\~~~ocr.png, result_file: json\~~~ocr.png.json
2025-08-07 20:51:26,386 - INFO - 文本已保存到 text_save.txt
2025-08-07 20:51:26,501 - INFO - 已将文件内容复制到剪贴板。
2025-08-07 20:54:21,768 - INFO - 检测到 Ctrl+C
2025-08-07 20:54:21,768 - WARNING - 剪切板中不包含图片
2025-08-07 20:54:58,190 - INFO - 检测到 Ctrl+C
2025-08-07 20:54:58,190 - WARNING - 剪切板中不包含图片
2025-08-07 20:55:52,467 - INFO - 检测到 Ctrl+C
2025-08-07 20:55:52,467 - WARNING - 剪切板中不包含图片
2025-08-07 21:04:30,559 - INFO - 检测到 Ctrl+C
2025-08-07 21:04:30,559 - WARNING - 剪切板中不包含图片
2025-08-07 21:05:14,808 - INFO - 检测到 Ctrl+C
2025-08-07 21:05:14,808 - WARNING - 剪切板中不包含图片
2025-08-07 21:09:10,712 - INFO - 检测到 Esc，准备退出
2025-08-07 21:09:10,714 - INFO - OCR 服务已关闭
2025-08-07 21:09:10,714 - INFO - 程序退出
2025-08-07 21:16:32,169 - INFO - OCR 服务已启动
2025-08-07 21:16:37,889 - INFO - 检测到 Ctrl+C
2025-08-07 21:16:37,902 - INFO - 剪切板中的图片已经保存
2025-08-07 21:16:37,903 - INFO - OCR识别任务已提交
2025-08-07 21:16:37,977 - INFO - 识别成功，img_path: D:\2\WechatOCR\dist\img\~~~ocr.png, result_file: json\~~~ocr.png.json
2025-08-07 21:16:38,903 - INFO - 文本已保存到 text_save.txt
2025-08-07 21:16:38,950 - INFO - 已将文件内容复制到剪贴板。
2025-08-07 21:18:07,540 - INFO - 检测到 Ctrl+C
2025-08-07 21:18:07,540 - WARNING - 剪切板中不包含图片
2025-08-07 21:18:10,951 - INFO - 检测到 Ctrl+C
2025-08-07 21:18:10,951 - WARNING - 剪切板中不包含图片
2025-08-07 21:18:11,652 - INFO - 检测到 Ctrl+C
2025-08-07 21:18:11,652 - WARNING - 剪切板中不包含图片
2025-08-07 21:18:15,162 - INFO - 检测到 Ctrl+C
2025-08-07 21:18:15,162 - WARNING - 剪切板中不包含图片
2025-08-07 21:18:23,485 - INFO - 检测到 Ctrl+C
2025-08-07 21:18:23,485 - WARNING - 剪切板中不包含图片
2025-08-07 21:18:36,224 - INFO - 检测到 Ctrl+C
2025-08-07 21:18:36,224 - WARNING - 剪切板中不包含图片
2025-08-07 21:18:42,041 - INFO - 检测到 Ctrl+C
2025-08-07 21:18:42,041 - WARNING - 剪切板中不包含图片
2025-08-07 21:18:49,461 - INFO - 检测到 Ctrl+C
2025-08-07 21:18:49,461 - WARNING - 剪切板中不包含图片
2025-08-07 21:18:57,183 - INFO - 检测到 Ctrl+C
2025-08-07 21:18:57,183 - WARNING - 剪切板中不包含图片
2025-08-07 21:19:18,157 - INFO - 检测到 Ctrl+C
2025-08-07 21:19:18,157 - WARNING - 剪切板中不包含图片
2025-08-07 21:20:56,458 - INFO - 检测到 Ctrl+C
2025-08-07 21:20:56,458 - WARNING - 剪切板中不包含图片
2025-08-07 21:21:49,525 - INFO - OCR 服务已启动
2025-08-07 21:21:54,745 - INFO - 检测到 Ctrl+C
2025-08-07 21:21:54,747 - INFO - 检测到 Ctrl+C
2025-08-07 21:21:54,750 - INFO - 剪切板中的图片已经保存
2025-08-07 21:21:54,751 - INFO - OCR识别任务已提交
2025-08-07 21:21:54,759 - INFO - 剪切板中的图片已经保存
2025-08-07 21:21:54,759 - INFO - OCR识别任务已提交
2025-08-07 21:21:55,105 - INFO - 识别成功，img_path: D:\2\WechatOCR\dist\img\~~~ocr.png, result_file: json\~~~ocr.png.json
2025-08-07 21:21:55,105 - INFO - 识别成功，img_path: D:\2\WechatOCR\dist\img\~~~ocr.png, result_file: json\~~~ocr.png.json
2025-08-07 21:21:55,753 - INFO - 文本已保存到 text_save.txt
2025-08-07 21:21:55,760 - INFO - 文本已保存到 text_save.txt
2025-08-07 21:21:55,785 - INFO - 已将文件内容复制到剪贴板。
2025-08-07 21:21:55,891 - INFO - 已将文件内容复制到剪贴板。
2025-08-07 21:22:08,224 - INFO - 检测到 Ctrl+C
2025-08-07 21:22:08,224 - WARNING - 剪切板中不包含图片
2025-08-07 21:23:49,484 - INFO - 检测到 Ctrl+C
2025-08-07 21:23:49,484 - WARNING - 剪切板中不包含图片
2025-08-07 21:23:50,085 - INFO - 检测到 Ctrl+C
2025-08-07 21:23:50,085 - WARNING - 剪切板中不包含图片
2025-08-07 21:24:16,071 - INFO - 检测到 Ctrl+C
2025-08-07 21:24:16,071 - WARNING - 剪切板中不包含图片
2025-08-07 21:24:37,842 - INFO - 检测到 Ctrl+C
2025-08-07 21:24:37,842 - WARNING - 剪切板中不包含图片
2025-08-07 21:24:47,371 - INFO - 检测到 Esc，准备退出
2025-08-07 21:24:47,371 - INFO - OCR 服务已关闭
2025-08-07 21:24:47,372 - INFO - 程序退出
2025-08-07 21:24:47,372 - INFO - 检测到 Esc，准备退出
2025-08-07 21:24:47,372 - INFO - OCR 服务已关闭
2025-08-07 21:24:47,372 - INFO - 程序退出
2025-08-12 22:18:12,718 - INFO - OCR 服务已启动
2025-08-12 22:18:25,758 - INFO - 检测到 Ctrl+C
2025-08-12 22:18:25,775 - INFO - 剪切板中的图片已经保存
2025-08-12 22:18:25,775 - INFO - OCR识别任务已提交
2025-08-12 22:18:26,029 - INFO - 识别成功，img_path: D:\2\WechatOCR\dist\img\~~~ocr.png, result_file: json\~~~ocr.png.json
2025-08-12 22:18:26,777 - INFO - 文本已保存到 text_save.txt
2025-08-12 22:18:26,811 - INFO - 已将文件内容复制到剪贴板。
2025-08-12 22:18:40,147 - INFO - 检测到 Ctrl+C
2025-08-12 22:18:40,158 - INFO - 剪切板中的图片已经保存
2025-08-12 22:18:40,159 - INFO - OCR识别任务已提交
2025-08-12 22:18:40,393 - INFO - 识别成功，img_path: D:\2\WechatOCR\dist\img\~~~ocr.png, result_file: json\~~~ocr.png.json
2025-08-12 22:18:41,159 - INFO - 文本已保存到 text_save.txt
2025-08-12 22:18:41,167 - INFO - 已将文件内容复制到剪贴板。
2025-08-12 22:18:54,403 - INFO - 检测到 Ctrl+C
2025-08-12 22:18:54,417 - INFO - 剪切板中的图片已经保存
2025-08-12 22:18:54,418 - INFO - OCR识别任务已提交
2025-08-12 22:18:54,746 - INFO - 识别成功，img_path: D:\2\WechatOCR\dist\img\~~~ocr.png, result_file: json\~~~ocr.png.json
2025-08-12 22:18:55,418 - INFO - 文本已保存到 text_save.txt
2025-08-12 22:18:55,426 - INFO - 已将文件内容复制到剪贴板。
2025-08-12 22:19:06,556 - INFO - 检测到 Ctrl+C
2025-08-12 22:19:06,565 - INFO - 剪切板中的图片已经保存
2025-08-12 22:19:06,565 - INFO - OCR识别任务已提交
2025-08-12 22:19:06,799 - INFO - 识别成功，img_path: D:\2\WechatOCR\dist\img\~~~ocr.png, result_file: json\~~~ocr.png.json
2025-08-12 22:19:07,567 - INFO - 文本已保存到 text_save.txt
2025-08-12 22:19:07,574 - INFO - 已将文件内容复制到剪贴板。
2025-08-12 22:19:18,205 - INFO - 检测到 Ctrl+C
2025-08-12 22:19:18,215 - INFO - 剪切板中的图片已经保存
2025-08-12 22:19:18,215 - INFO - OCR识别任务已提交
2025-08-12 22:19:18,447 - INFO - 识别成功，img_path: D:\2\WechatOCR\dist\img\~~~ocr.png, result_file: json\~~~ocr.png.json
2025-08-12 22:19:19,217 - INFO - 文本已保存到 text_save.txt
2025-08-12 22:19:19,225 - INFO - 已将文件内容复制到剪贴板。
2025-08-12 22:19:27,848 - INFO - 检测到 Ctrl+C
2025-08-12 22:19:27,857 - INFO - 剪切板中的图片已经保存
2025-08-12 22:19:27,858 - INFO - OCR识别任务已提交
2025-08-12 22:19:28,090 - INFO - 识别成功，img_path: D:\2\WechatOCR\dist\img\~~~ocr.png, result_file: json\~~~ocr.png.json
2025-08-12 22:19:28,859 - INFO - 文本已保存到 text_save.txt
2025-08-12 22:19:28,867 - INFO - 已将文件内容复制到剪贴板。
2025-08-12 22:19:39,897 - INFO - 检测到 Ctrl+C
2025-08-12 22:19:39,909 - INFO - 剪切板中的图片已经保存
2025-08-12 22:19:39,910 - INFO - OCR识别任务已提交
2025-08-12 22:19:40,148 - INFO - 识别成功，img_path: D:\2\WechatOCR\dist\img\~~~ocr.png, result_file: json\~~~ocr.png.json
2025-08-12 22:19:40,910 - INFO - 文本已保存到 text_save.txt
2025-08-12 22:19:40,918 - INFO - 已将文件内容复制到剪贴板。
2025-08-12 22:19:48,542 - INFO - 检测到 Ctrl+C
2025-08-12 22:19:49,058 - INFO - 剪切板中的图片已经保存
2025-08-12 22:19:49,058 - INFO - OCR识别任务已提交
2025-08-12 22:19:49,185 - INFO - 识别成功，img_path: D:\2\WechatOCR\dist\img\~~~ocr.png, result_file: json\~~~ocr.png.json
2025-08-12 22:19:50,059 - INFO - 文本已保存到 text_save.txt
2025-08-12 22:19:50,066 - INFO - 已将文件内容复制到剪贴板。
2025-08-12 22:19:55,425 - INFO - OCR 服务已启动
2025-08-12 22:19:57,532 - INFO - 检测到 Ctrl+C
2025-08-12 22:19:57,546 - INFO - 剪切板中的图片已经保存
2025-08-12 22:19:57,546 - INFO - OCR识别任务已提交
2025-08-12 22:19:57,593 - INFO - 检测到 Ctrl+C
2025-08-12 22:19:57,595 - INFO - 剪切板中的图片已经保存
2025-08-12 22:19:57,595 - INFO - OCR识别任务已提交
2025-08-12 22:19:57,713 - INFO - 识别成功，img_path: D:\2\WechatOCR\dist\img\~~~ocr.png, result_file: json\~~~ocr.png.json
2025-08-12 22:19:57,771 - INFO - 识别成功，img_path: D:\2\WechatOCR\dist\img\~~~ocr.png, result_file: json\~~~ocr.png.json
2025-08-12 22:19:58,547 - INFO - 文本已保存到 text_save.txt
2025-08-12 22:19:58,583 - INFO - 已将文件内容复制到剪贴板。
2025-08-12 22:19:58,596 - INFO - 文本已保存到 text_save.txt
2025-08-12 22:19:58,605 - INFO - 已将文件内容复制到剪贴板。
2025-08-12 22:20:33,877 - INFO - 检测到 Ctrl+C
2025-08-12 22:20:33,877 - WARNING - 剪切板中不包含图片
2025-08-12 22:20:46,713 - INFO - 检测到 Ctrl+C
2025-08-12 22:20:46,722 - INFO - 剪切板中的图片已经保存
2025-08-12 22:20:46,722 - INFO - OCR识别任务已提交
2025-08-12 22:20:46,735 - INFO - 检测到 Ctrl+C
2025-08-12 22:20:46,971 - INFO - 识别成功，img_path: D:\2\WechatOCR\dist\img\~~~ocr.png, result_file: json\~~~ocr.png.json
2025-08-12 22:20:47,255 - INFO - 剪切板中的图片已经保存
2025-08-12 22:20:47,256 - INFO - OCR识别任务已提交
2025-08-12 22:20:47,515 - INFO - 识别成功，img_path: D:\2\WechatOCR\dist\img\~~~ocr.png, result_file: json\~~~ocr.png.json
2025-08-12 22:20:47,723 - INFO - 文本已保存到 text_save.txt
2025-08-12 22:20:47,731 - INFO - 已将文件内容复制到剪贴板。
2025-08-12 22:20:48,256 - INFO - 文本已保存到 text_save.txt
2025-08-12 22:20:48,266 - INFO - 已将文件内容复制到剪贴板。
2025-08-12 22:20:56,588 - INFO - 检测到 Ctrl+C
2025-08-12 22:20:56,598 - INFO - 剪切板中的图片已经保存
2025-08-12 22:20:56,599 - INFO - OCR识别任务已提交
2025-08-12 22:20:56,657 - INFO - 检测到 Ctrl+C
2025-08-12 22:20:56,668 - INFO - 剪切板中的图片已经保存
2025-08-12 22:20:56,669 - INFO - OCR识别任务已提交
2025-08-12 22:20:56,884 - INFO - 识别成功，img_path: D:\2\WechatOCR\dist\img\~~~ocr.png, result_file: json\~~~ocr.png.json
2025-08-12 22:20:56,950 - INFO - 识别成功，img_path: D:\2\WechatOCR\dist\img\~~~ocr.png, result_file: json\~~~ocr.png.json
2025-08-12 22:20:57,599 - INFO - 文本已保存到 text_save.txt
2025-08-12 22:20:57,611 - INFO - 已将文件内容复制到剪贴板。
2025-08-12 22:20:57,670 - INFO - 文本已保存到 text_save.txt
2025-08-12 22:20:57,678 - INFO - 已将文件内容复制到剪贴板。
2025-08-12 22:21:05,400 - INFO - 检测到 Ctrl+C
2025-08-12 22:21:05,412 - INFO - 剪切板中的图片已经保存
2025-08-12 22:21:05,412 - INFO - OCR识别任务已提交
2025-08-12 22:21:05,436 - INFO - 检测到 Ctrl+C
2025-08-12 22:21:05,448 - INFO - 剪切板中的图片已经保存
2025-08-12 22:21:05,449 - INFO - OCR识别任务已提交
2025-08-12 22:21:05,694 - INFO - 识别成功，img_path: D:\2\WechatOCR\dist\img\~~~ocr.png, result_file: json\~~~ocr.png.json
2025-08-12 22:21:05,724 - INFO - 识别成功，img_path: D:\2\WechatOCR\dist\img\~~~ocr.png, result_file: json\~~~ocr.png.json
2025-08-12 22:21:06,414 - INFO - 文本已保存到 text_save.txt
2025-08-12 22:21:06,422 - INFO - 已将文件内容复制到剪贴板。
2025-08-12 22:21:06,450 - INFO - 文本已保存到 text_save.txt
2025-08-12 22:21:06,458 - INFO - 已将文件内容复制到剪贴板。
2025-08-12 22:21:13,446 - INFO - 检测到 Ctrl+C
2025-08-12 22:21:13,456 - INFO - 剪切板中的图片已经保存
2025-08-12 22:21:13,456 - INFO - OCR识别任务已提交
2025-08-12 22:21:13,479 - INFO - 检测到 Ctrl+C
2025-08-12 22:21:13,490 - INFO - 剪切板中的图片已经保存
2025-08-12 22:21:13,490 - INFO - OCR识别任务已提交
2025-08-12 22:21:13,761 - INFO - 识别成功，img_path: D:\2\WechatOCR\dist\img\~~~ocr.png, result_file: json\~~~ocr.png.json
2025-08-12 22:21:13,798 - INFO - 识别成功，img_path: D:\2\WechatOCR\dist\img\~~~ocr.png, result_file: json\~~~ocr.png.json
2025-08-12 22:21:14,457 - INFO - 文本已保存到 text_save.txt
2025-08-12 22:21:14,465 - INFO - 已将文件内容复制到剪贴板。
2025-08-12 22:21:14,492 - INFO - 文本已保存到 text_save.txt
2025-08-12 22:21:14,499 - INFO - 已将文件内容复制到剪贴板。
2025-08-12 22:21:21,890 - INFO - 检测到 Ctrl+C
2025-08-12 22:21:21,900 - INFO - 剪切板中的图片已经保存
2025-08-12 22:21:21,900 - INFO - OCR识别任务已提交
2025-08-12 22:21:21,923 - INFO - 检测到 Ctrl+C
2025-08-12 22:21:21,935 - INFO - 剪切板中的图片已经保存
2025-08-12 22:21:21,935 - INFO - OCR识别任务已提交
2025-08-12 22:21:22,177 - INFO - 识别成功，img_path: D:\2\WechatOCR\dist\img\~~~ocr.png, result_file: json\~~~ocr.png.json
2025-08-12 22:21:22,217 - INFO - 识别成功，img_path: D:\2\WechatOCR\dist\img\~~~ocr.png, result_file: json\~~~ocr.png.json
2025-08-12 22:21:22,902 - INFO - 文本已保存到 text_save.txt
2025-08-12 22:21:22,909 - INFO - 已将文件内容复制到剪贴板。
2025-08-12 22:21:22,936 - INFO - 文本已保存到 text_save.txt
2025-08-12 22:21:22,942 - INFO - 已将文件内容复制到剪贴板。
2025-08-12 22:21:31,668 - INFO - 检测到 Ctrl+C
2025-08-12 22:21:31,673 - INFO - 剪切板中的图片已经保存
2025-08-12 22:21:31,673 - INFO - OCR识别任务已提交
2025-08-12 22:21:31,734 - INFO - 检测到 Ctrl+C
2025-08-12 22:21:31,738 - INFO - 剪切板中的图片已经保存
2025-08-12 22:21:31,738 - INFO - OCR识别任务已提交
2025-08-12 22:21:31,911 - INFO - 识别成功，img_path: D:\2\WechatOCR\dist\img\~~~ocr.png, result_file: json\~~~ocr.png.json
2025-08-12 22:21:31,971 - INFO - 识别成功，img_path: D:\2\WechatOCR\dist\img\~~~ocr.png, result_file: json\~~~ocr.png.json
2025-08-12 22:21:32,674 - INFO - 文本已保存到 text_save.txt
2025-08-12 22:21:32,682 - INFO - 已将文件内容复制到剪贴板。
2025-08-12 22:21:32,738 - INFO - 文本已保存到 text_save.txt
2025-08-12 22:21:32,750 - INFO - 已将文件内容复制到剪贴板。
2025-08-12 22:22:14,895 - INFO - 检测到 Ctrl+C
2025-08-12 22:22:14,908 - INFO - 剪切板中的图片已经保存
2025-08-12 22:22:14,908 - INFO - OCR识别任务已提交
2025-08-12 22:22:14,965 - INFO - 检测到 Ctrl+C
2025-08-12 22:22:14,974 - INFO - 剪切板中的图片已经保存
2025-08-12 22:22:14,974 - INFO - OCR识别任务已提交
2025-08-12 22:22:15,219 - INFO - 识别成功，img_path: D:\2\WechatOCR\dist\img\~~~ocr.png, result_file: json\~~~ocr.png.json
2025-08-12 22:22:15,287 - INFO - 识别成功，img_path: D:\2\WechatOCR\dist\img\~~~ocr.png, result_file: json\~~~ocr.png.json
2025-08-12 22:22:15,909 - INFO - 文本已保存到 text_save.txt
2025-08-12 22:22:15,919 - INFO - 已将文件内容复制到剪贴板。
2025-08-12 22:22:15,975 - INFO - 文本已保存到 text_save.txt
2025-08-12 22:22:15,983 - INFO - 已将文件内容复制到剪贴板。
2025-08-12 22:22:18,464 - INFO - OCR 服务已启动
2025-08-12 22:22:23,682 - INFO - 检测到 Ctrl+C
2025-08-12 22:22:23,702 - INFO - 剪切板中的图片已经保存
2025-08-12 22:22:23,702 - INFO - OCR识别任务已提交
2025-08-12 22:22:23,708 - INFO - 检测到 Ctrl+C
2025-08-12 22:22:23,720 - INFO - 剪切板中的图片已经保存
2025-08-12 22:22:23,720 - INFO - OCR识别任务已提交
2025-08-12 22:22:23,743 - INFO - 检测到 Ctrl+C
2025-08-12 22:22:23,756 - INFO - 剪切板中的图片已经保存
2025-08-12 22:22:23,757 - INFO - OCR识别任务已提交
2025-08-12 22:22:24,065 - INFO - 识别成功，img_path: D:\2\WechatOCR\dist\img\~~~ocr.png, result_file: json\~~~ocr.png.json
2025-08-12 22:22:24,107 - INFO - 识别成功，img_path: D:\2\WechatOCR\dist\img\~~~ocr.png, result_file: json\~~~ocr.png.json
2025-08-12 22:22:24,136 - INFO - 识别成功，img_path: D:\2\WechatOCR\dist\img\~~~ocr.png, result_file: json\~~~ocr.png.json
2025-08-12 22:22:24,703 - INFO - 文本已保存到 text_save.txt
2025-08-12 22:22:24,721 - INFO - 文本已保存到 text_save.txt
2025-08-12 22:22:24,730 - INFO - 已将文件内容复制到剪贴板。
2025-08-12 22:22:24,749 - INFO - 已将文件内容复制到剪贴板。
2025-08-12 22:22:24,758 - INFO - 文本已保存到 text_save.txt
2025-08-12 22:22:24,766 - INFO - 已将文件内容复制到剪贴板。
2025-08-12 22:22:52,007 - INFO - 检测到 Ctrl+C
2025-08-12 22:22:52,019 - INFO - 剪切板中的图片已经保存
2025-08-12 22:22:52,019 - INFO - OCR识别任务已提交
2025-08-12 22:22:52,031 - INFO - 检测到 Ctrl+C
2025-08-12 22:22:52,041 - INFO - 剪切板中的图片已经保存
2025-08-12 22:22:52,041 - INFO - OCR识别任务已提交
2025-08-12 22:22:52,042 - INFO - 检测到 Ctrl+C
2025-08-12 22:22:52,055 - INFO - 剪切板中的图片已经保存
2025-08-12 22:22:52,056 - INFO - OCR识别任务已提交
2025-08-12 22:22:52,385 - INFO - 识别成功，img_path: D:\2\WechatOCR\dist\img\~~~ocr.png, result_file: json\~~~ocr.png.json
2025-08-12 22:22:52,400 - INFO - 识别成功，img_path: D:\2\WechatOCR\dist\img\~~~ocr.png, result_file: json\~~~ocr.png.json
2025-08-12 22:22:52,407 - INFO - 识别成功，img_path: D:\2\WechatOCR\dist\img\~~~ocr.png, result_file: json\~~~ocr.png.json
2025-08-12 22:22:53,020 - INFO - 文本已保存到 text_save.txt
2025-08-12 22:22:53,029 - INFO - 已将文件内容复制到剪贴板。
2025-08-12 22:22:53,042 - INFO - 文本已保存到 text_save.txt
2025-08-12 22:22:53,052 - INFO - 已将文件内容复制到剪贴板。
2025-08-12 22:22:53,056 - INFO - 文本已保存到 text_save.txt
2025-08-12 22:22:53,066 - INFO - 已将文件内容复制到剪贴板。
2025-08-12 22:23:19,138 - INFO - 检测到 Ctrl+C
2025-08-12 22:23:19,148 - INFO - 剪切板中的图片已经保存
2025-08-12 22:23:19,149 - INFO - OCR识别任务已提交
2025-08-12 22:23:19,203 - INFO - 检测到 Ctrl+C
2025-08-12 22:23:19,213 - INFO - 剪切板中的图片已经保存
2025-08-12 22:23:19,214 - INFO - OCR识别任务已提交
2025-08-12 22:23:19,450 - INFO - 识别成功，img_path: D:\2\WechatOCR\dist\img\~~~ocr.png, result_file: json\~~~ocr.png.json
2025-08-12 22:23:19,503 - INFO - 识别成功，img_path: D:\2\WechatOCR\dist\img\~~~ocr.png, result_file: json\~~~ocr.png.json
2025-08-12 22:23:20,150 - INFO - 文本已保存到 text_save.txt
2025-08-12 22:23:20,158 - INFO - 已将文件内容复制到剪贴板。
2025-08-12 22:23:20,215 - INFO - 文本已保存到 text_save.txt
2025-08-12 22:23:20,221 - INFO - 已将文件内容复制到剪贴板。
2025-08-12 22:23:35,767 - INFO - 检测到 Ctrl+C
2025-08-12 22:23:35,772 - INFO - 检测到 Ctrl+C
2025-08-12 22:23:35,781 - INFO - 剪切板中的图片已经保存
2025-08-12 22:23:35,781 - INFO - OCR识别任务已提交
2025-08-12 22:23:35,785 - INFO - 剪切板中的图片已经保存
2025-08-12 22:23:35,785 - INFO - OCR识别任务已提交
2025-08-12 22:23:35,802 - INFO - 检测到 Ctrl+C
2025-08-12 22:23:35,812 - INFO - 剪切板中的图片已经保存
2025-08-12 22:23:35,812 - INFO - OCR识别任务已提交
2025-08-12 22:23:36,129 - INFO - 识别成功，img_path: D:\2\WechatOCR\dist\img\~~~ocr.png, result_file: json\~~~ocr.png.json
2025-08-12 22:23:36,130 - INFO - 识别成功，img_path: D:\2\WechatOCR\dist\img\~~~ocr.png, result_file: json\~~~ocr.png.json
2025-08-12 22:23:36,162 - INFO - 识别成功，img_path: D:\2\WechatOCR\dist\img\~~~ocr.png, result_file: json\~~~ocr.png.json
2025-08-12 22:23:36,784 - INFO - 文本已保存到 text_save.txt
2025-08-12 22:23:36,786 - INFO - 文本已保存到 text_save.txt
2025-08-12 22:23:36,801 - INFO - 已将文件内容复制到剪贴板。
2025-08-12 22:23:36,807 - INFO - 已将文件内容复制到剪贴板。
2025-08-12 22:23:36,813 - INFO - 文本已保存到 text_save.txt
2025-08-12 22:23:36,829 - INFO - 已将文件内容复制到剪贴板。
2025-08-12 22:23:44,221 - INFO - 检测到 Ctrl+C
2025-08-12 22:23:44,229 - INFO - 检测到 Ctrl+C
2025-08-12 22:23:44,230 - INFO - 剪切板中的图片已经保存
2025-08-12 22:23:44,230 - INFO - OCR识别任务已提交
2025-08-12 22:23:44,239 - INFO - 剪切板中的图片已经保存
2025-08-12 22:23:44,240 - INFO - OCR识别任务已提交
2025-08-12 22:23:44,250 - INFO - 检测到 Ctrl+C
2025-08-12 22:23:44,262 - INFO - 剪切板中的图片已经保存
2025-08-12 22:23:44,263 - INFO - OCR识别任务已提交
2025-08-12 22:23:44,541 - INFO - 识别成功，img_path: D:\2\WechatOCR\dist\img\~~~ocr.png, result_file: json\~~~ocr.png.json
2025-08-12 22:23:44,554 - INFO - 识别成功，img_path: D:\2\WechatOCR\dist\img\~~~ocr.png, result_file: json\~~~ocr.png.json
2025-08-12 22:23:44,588 - INFO - 识别成功，img_path: D:\2\WechatOCR\dist\img\~~~ocr.png, result_file: json\~~~ocr.png.json
2025-08-12 22:23:45,230 - INFO - 文本已保存到 text_save.txt
2025-08-12 22:23:45,239 - INFO - 已将文件内容复制到剪贴板。
2025-08-12 22:23:45,240 - INFO - 文本已保存到 text_save.txt
2025-08-12 22:23:45,250 - INFO - 已将文件内容复制到剪贴板。
2025-08-12 22:23:45,264 - INFO - 文本已保存到 text_save.txt
2025-08-12 22:23:45,272 - INFO - 已将文件内容复制到剪贴板。
2025-08-12 22:23:53,462 - INFO - 检测到 Ctrl+C
2025-08-12 22:23:53,473 - INFO - 剪切板中的图片已经保存
2025-08-12 22:23:53,474 - INFO - 检测到 Ctrl+C
2025-08-12 22:23:53,474 - INFO - OCR识别任务已提交
2025-08-12 22:23:53,483 - INFO - 剪切板中的图片已经保存
2025-08-12 22:23:53,483 - INFO - OCR识别任务已提交
2025-08-12 22:23:53,763 - INFO - 识别成功，img_path: D:\2\WechatOCR\dist\img\~~~ocr.png, result_file: json\~~~ocr.png.json
2025-08-12 22:23:53,776 - INFO - 识别成功，img_path: D:\2\WechatOCR\dist\img\~~~ocr.png, result_file: json\~~~ocr.png.json
2025-08-12 22:23:54,475 - INFO - 文本已保存到 text_save.txt
2025-08-12 22:23:54,483 - INFO - 已将文件内容复制到剪贴板。
2025-08-12 22:23:54,484 - INFO - 文本已保存到 text_save.txt
2025-08-12 22:23:54,495 - INFO - 已将文件内容复制到剪贴板。
2025-08-12 22:24:05,716 - INFO - 检测到 Ctrl+C
2025-08-12 22:24:05,724 - INFO - 剪切板中的图片已经保存
2025-08-12 22:24:05,724 - INFO - OCR识别任务已提交
2025-08-12 22:24:05,726 - INFO - 检测到 Ctrl+C
2025-08-12 22:24:05,736 - INFO - 剪切板中的图片已经保存
2025-08-12 22:24:05,737 - INFO - OCR识别任务已提交
2025-08-12 22:24:05,739 - INFO - 检测到 Ctrl+C
2025-08-12 22:24:05,752 - INFO - 剪切板中的图片已经保存
2025-08-12 22:24:05,752 - INFO - OCR识别任务已提交
2025-08-12 22:24:06,038 - INFO - 识别成功，img_path: D:\2\WechatOCR\dist\img\~~~ocr.png, result_file: json\~~~ocr.png.json
2025-08-12 22:24:06,040 - INFO - 识别成功，img_path: D:\2\WechatOCR\dist\img\~~~ocr.png, result_file: json\~~~ocr.png.json
2025-08-12 22:24:06,068 - INFO - 识别成功，img_path: D:\2\WechatOCR\dist\img\~~~ocr.png, result_file: json\~~~ocr.png.json
2025-08-12 22:24:06,725 - INFO - 文本已保存到 text_save.txt
2025-08-12 22:24:06,733 - INFO - 已将文件内容复制到剪贴板。
2025-08-12 22:24:06,738 - INFO - 文本已保存到 text_save.txt
2025-08-12 22:24:06,748 - INFO - 已将文件内容复制到剪贴板。
2025-08-12 22:24:06,754 - INFO - 文本已保存到 text_save.txt
2025-08-12 22:24:06,760 - INFO - 已将文件内容复制到剪贴板。
2025-08-12 22:24:13,655 - INFO - 检测到 Ctrl+C
2025-08-12 22:24:13,664 - INFO - 剪切板中的图片已经保存
2025-08-12 22:24:13,665 - INFO - OCR识别任务已提交
2025-08-12 22:24:13,670 - INFO - 检测到 Ctrl+C
2025-08-12 22:24:13,679 - INFO - 检测到 Ctrl+C
2025-08-12 22:24:13,680 - INFO - 剪切板中的图片已经保存
2025-08-12 22:24:13,680 - INFO - OCR识别任务已提交
2025-08-12 22:24:13,690 - INFO - 剪切板中的图片已经保存
2025-08-12 22:24:13,691 - INFO - OCR识别任务已提交
2025-08-12 22:24:14,039 - INFO - 识别成功，img_path: D:\2\WechatOCR\dist\img\~~~ocr.png, result_file: json\~~~ocr.png.json
2025-08-12 22:24:14,063 - INFO - 识别成功，img_path: D:\2\WechatOCR\dist\img\~~~ocr.png, result_file: json\~~~ocr.png.json
2025-08-12 22:24:14,070 - INFO - 识别成功，img_path: D:\2\WechatOCR\dist\img\~~~ocr.png, result_file: json\~~~ocr.png.json
2025-08-12 22:24:14,666 - INFO - 文本已保存到 text_save.txt
2025-08-12 22:24:14,674 - INFO - 已将文件内容复制到剪贴板。
2025-08-12 22:24:14,681 - INFO - 文本已保存到 text_save.txt
2025-08-12 22:24:14,690 - INFO - 已将文件内容复制到剪贴板。
2025-08-12 22:24:14,692 - INFO - 文本已保存到 text_save.txt
2025-08-12 22:24:14,701 - INFO - 已将文件内容复制到剪贴板。
2025-08-12 22:24:28,614 - INFO - 检测到 Ctrl+C
2025-08-12 22:24:28,623 - INFO - 剪切板中的图片已经保存
2025-08-12 22:24:28,624 - INFO - OCR识别任务已提交
2025-08-12 22:24:28,627 - INFO - 检测到 Ctrl+C
2025-08-12 22:24:28,638 - INFO - 剪切板中的图片已经保存
2025-08-12 22:24:28,638 - INFO - OCR识别任务已提交
2025-08-12 22:24:28,640 - INFO - 检测到 Ctrl+C
2025-08-12 22:24:28,650 - INFO - 剪切板中的图片已经保存
2025-08-12 22:24:28,650 - INFO - OCR识别任务已提交
2025-08-12 22:24:29,009 - INFO - 识别成功，img_path: D:\2\WechatOCR\dist\img\~~~ocr.png, result_file: json\~~~ocr.png.json
2025-08-12 22:24:29,032 - INFO - 识别成功，img_path: D:\2\WechatOCR\dist\img\~~~ocr.png, result_file: json\~~~ocr.png.json
2025-08-12 22:24:29,041 - INFO - 识别成功，img_path: D:\2\WechatOCR\dist\img\~~~ocr.png, result_file: json\~~~ocr.png.json
2025-08-12 22:24:29,625 - INFO - 文本已保存到 text_save.txt
2025-08-12 22:24:29,633 - INFO - 已将文件内容复制到剪贴板。
2025-08-12 22:24:29,639 - INFO - 文本已保存到 text_save.txt
2025-08-12 22:24:29,647 - INFO - 已将文件内容复制到剪贴板。
2025-08-12 22:24:29,652 - INFO - 文本已保存到 text_save.txt
2025-08-12 22:24:29,670 - INFO - 已将文件内容复制到剪贴板。
2025-08-12 22:24:36,890 - INFO - 检测到 Ctrl+C
2025-08-12 22:24:36,902 - INFO - 剪切板中的图片已经保存
2025-08-12 22:24:36,902 - INFO - OCR识别任务已提交
2025-08-12 22:24:36,957 - INFO - 检测到 Ctrl+C
2025-08-12 22:24:36,969 - INFO - 检测到 Ctrl+C
2025-08-12 22:24:36,970 - INFO - 剪切板中的图片已经保存
2025-08-12 22:24:36,971 - INFO - OCR识别任务已提交
2025-08-12 22:24:36,980 - INFO - 剪切板中的图片已经保存
2025-08-12 22:24:36,980 - INFO - OCR识别任务已提交
2025-08-12 22:24:37,248 - INFO - 识别成功，img_path: D:\2\WechatOCR\dist\img\~~~ocr.png, result_file: json\~~~ocr.png.json
2025-08-12 22:24:37,315 - INFO - 识别成功，img_path: D:\2\WechatOCR\dist\img\~~~ocr.png, result_file: json\~~~ocr.png.json
2025-08-12 22:24:37,317 - INFO - 识别成功，img_path: D:\2\WechatOCR\dist\img\~~~ocr.png, result_file: json\~~~ocr.png.json
2025-08-12 22:24:37,903 - INFO - 文本已保存到 text_save.txt
2025-08-12 22:24:37,917 - INFO - 已将文件内容复制到剪贴板。
2025-08-12 22:24:37,971 - INFO - 文本已保存到 text_save.txt
2025-08-12 22:24:37,978 - INFO - 已将文件内容复制到剪贴板。
2025-08-12 22:24:37,981 - INFO - 文本已保存到 text_save.txt
2025-08-12 22:24:38,002 - INFO - 已将文件内容复制到剪贴板。
2025-08-12 22:24:50,412 - INFO - 检测到 Ctrl+C
2025-08-12 22:24:50,422 - INFO - 剪切板中的图片已经保存
2025-08-12 22:24:50,422 - INFO - OCR识别任务已提交
2025-08-12 22:24:50,436 - INFO - 检测到 Ctrl+C
2025-08-12 22:24:50,447 - INFO - 剪切板中的图片已经保存
2025-08-12 22:24:50,447 - INFO - OCR识别任务已提交
2025-08-12 22:24:50,452 - INFO - 检测到 Ctrl+C
2025-08-12 22:24:50,464 - INFO - 剪切板中的图片已经保存
2025-08-12 22:24:50,465 - INFO - OCR识别任务已提交
2025-08-12 22:24:50,766 - INFO - 识别成功，img_path: D:\2\WechatOCR\dist\img\~~~ocr.png, result_file: json\~~~ocr.png.json
2025-08-12 22:24:50,781 - INFO - 识别成功，img_path: D:\2\WechatOCR\dist\img\~~~ocr.png, result_file: json\~~~ocr.png.json
2025-08-12 22:24:50,795 - INFO - 识别成功，img_path: D:\2\WechatOCR\dist\img\~~~ocr.png, result_file: json\~~~ocr.png.json
2025-08-12 22:24:51,423 - INFO - 文本已保存到 text_save.txt
2025-08-12 22:24:51,431 - INFO - 已将文件内容复制到剪贴板。
2025-08-12 22:24:51,449 - INFO - 文本已保存到 text_save.txt
2025-08-12 22:24:51,456 - INFO - 已将文件内容复制到剪贴板。
2025-08-12 22:24:51,466 - INFO - 文本已保存到 text_save.txt
2025-08-12 22:24:51,475 - INFO - 已将文件内容复制到剪贴板。
2025-08-12 22:24:59,678 - INFO - 检测到 Ctrl+C
2025-08-12 22:24:59,689 - INFO - 剪切板中的图片已经保存
2025-08-12 22:24:59,689 - INFO - OCR识别任务已提交
2025-08-12 22:24:59,699 - INFO - 检测到 Ctrl+C
2025-08-12 22:24:59,896 - INFO - 识别成功，img_path: D:\2\WechatOCR\dist\img\~~~ocr.png, result_file: json\~~~ocr.png.json
2025-08-12 22:25:00,211 - INFO - 剪切板中的图片已经保存
2025-08-12 22:25:00,211 - INFO - OCR识别任务已提交
2025-08-12 22:25:00,388 - INFO - 识别成功，img_path: D:\2\WechatOCR\dist\img\~~~ocr.png, result_file: json\~~~ocr.png.json
2025-08-12 22:25:00,690 - INFO - 文本已保存到 text_save.txt
2025-08-12 22:25:00,698 - INFO - 已将文件内容复制到剪贴板。
2025-08-12 22:25:01,212 - INFO - 文本已保存到 text_save.txt
2025-08-12 22:25:01,219 - INFO - 已将文件内容复制到剪贴板。
2025-08-12 22:25:10,325 - INFO - 检测到 Ctrl+C
2025-08-12 22:25:10,335 - INFO - 剪切板中的图片已经保存
2025-08-12 22:25:10,335 - INFO - OCR识别任务已提交
2025-08-12 22:25:10,347 - INFO - 检测到 Ctrl+C
2025-08-12 22:25:10,356 - INFO - 剪切板中的图片已经保存
2025-08-12 22:25:10,357 - INFO - OCR识别任务已提交
2025-08-12 22:25:10,384 - INFO - 检测到 Ctrl+C
2025-08-12 22:25:10,395 - INFO - 剪切板中的图片已经保存
2025-08-12 22:25:10,395 - INFO - OCR识别任务已提交
2025-08-12 22:25:10,662 - INFO - 识别成功，img_path: D:\2\WechatOCR\dist\img\~~~ocr.png, result_file: json\~~~ocr.png.json
2025-08-12 22:25:10,688 - INFO - 识别成功，img_path: D:\2\WechatOCR\dist\img\~~~ocr.png, result_file: json\~~~ocr.png.json
2025-08-12 22:25:10,725 - INFO - 识别成功，img_path: D:\2\WechatOCR\dist\img\~~~ocr.png, result_file: json\~~~ocr.png.json
2025-08-12 22:25:11,336 - INFO - 文本已保存到 text_save.txt
2025-08-12 22:25:11,344 - INFO - 已将文件内容复制到剪贴板。
2025-08-12 22:25:11,358 - INFO - 文本已保存到 text_save.txt
2025-08-12 22:25:11,365 - INFO - 已将文件内容复制到剪贴板。
2025-08-12 22:25:11,396 - INFO - 文本已保存到 text_save.txt
2025-08-12 22:25:11,403 - INFO - 已将文件内容复制到剪贴板。
2025-08-12 22:25:17,622 - INFO - 检测到 Ctrl+C
2025-08-12 22:25:17,630 - INFO - 剪切板中的图片已经保存
2025-08-12 22:25:17,630 - INFO - OCR识别任务已提交
2025-08-12 22:25:17,664 - INFO - 检测到 Ctrl+C
2025-08-12 22:25:17,671 - INFO - 剪切板中的图片已经保存
2025-08-12 22:25:17,672 - INFO - OCR识别任务已提交
2025-08-12 22:25:17,689 - INFO - 检测到 Ctrl+C
2025-08-12 22:25:17,698 - INFO - 剪切板中的图片已经保存
2025-08-12 22:25:17,698 - INFO - OCR识别任务已提交
2025-08-12 22:25:17,999 - INFO - 识别成功，img_path: D:\2\WechatOCR\dist\img\~~~ocr.png, result_file: json\~~~ocr.png.json
2025-08-12 22:25:18,050 - INFO - 识别成功，img_path: D:\2\WechatOCR\dist\img\~~~ocr.png, result_file: json\~~~ocr.png.json
2025-08-12 22:25:18,065 - INFO - 识别成功，img_path: D:\2\WechatOCR\dist\img\~~~ocr.png, result_file: json\~~~ocr.png.json
2025-08-12 22:25:18,631 - INFO - 文本已保存到 text_save.txt
2025-08-12 22:25:18,642 - INFO - 已将文件内容复制到剪贴板。
2025-08-12 22:25:18,672 - INFO - 文本已保存到 text_save.txt
2025-08-12 22:25:18,681 - INFO - 已将文件内容复制到剪贴板。
2025-08-12 22:25:18,699 - INFO - 文本已保存到 text_save.txt
2025-08-12 22:25:18,718 - INFO - 已将文件内容复制到剪贴板。
2025-08-12 22:25:52,714 - INFO - 检测到 Ctrl+C
2025-08-12 22:25:52,724 - INFO - 剪切板中的图片已经保存
2025-08-12 22:25:52,724 - INFO - OCR识别任务已提交
2025-08-12 22:25:52,742 - INFO - 检测到 Ctrl+C
2025-08-12 22:25:52,754 - INFO - 剪切板中的图片已经保存
2025-08-12 22:25:52,755 - INFO - OCR识别任务已提交
2025-08-12 22:25:52,774 - INFO - 检测到 Ctrl+C
2025-08-12 22:25:52,784 - INFO - 剪切板中的图片已经保存
2025-08-12 22:25:52,785 - INFO - OCR识别任务已提交
2025-08-12 22:25:53,034 - INFO - 识别成功，img_path: D:\2\WechatOCR\dist\img\~~~ocr.png, result_file: json\~~~ocr.png.json
2025-08-12 22:25:53,073 - INFO - 识别成功，img_path: D:\2\WechatOCR\dist\img\~~~ocr.png, result_file: json\~~~ocr.png.json
2025-08-12 22:25:53,097 - INFO - 识别成功，img_path: D:\2\WechatOCR\dist\img\~~~ocr.png, result_file: json\~~~ocr.png.json
2025-08-12 22:25:53,725 - INFO - 文本已保存到 text_save.txt
2025-08-12 22:25:53,736 - INFO - 已将文件内容复制到剪贴板。
2025-08-12 22:25:53,756 - INFO - 文本已保存到 text_save.txt
2025-08-12 22:25:53,765 - INFO - 已将文件内容复制到剪贴板。
2025-08-12 22:25:53,785 - INFO - 文本已保存到 text_save.txt
2025-08-12 22:25:53,796 - INFO - 已将文件内容复制到剪贴板。
2025-08-12 22:26:01,620 - INFO - 检测到 Ctrl+C
2025-08-12 22:26:01,631 - INFO - 剪切板中的图片已经保存
2025-08-12 22:26:01,631 - INFO - OCR识别任务已提交
2025-08-12 22:26:01,659 - INFO - 检测到 Ctrl+C
2025-08-12 22:26:01,671 - INFO - 剪切板中的图片已经保存
2025-08-12 22:26:01,671 - INFO - OCR识别任务已提交
2025-08-12 22:26:01,690 - INFO - 检测到 Ctrl+C
2025-08-12 22:26:01,701 - INFO - 剪切板中的图片已经保存
2025-08-12 22:26:01,702 - INFO - OCR识别任务已提交
2025-08-12 22:26:01,980 - INFO - 识别成功，img_path: D:\2\WechatOCR\dist\img\~~~ocr.png, result_file: json\~~~ocr.png.json
2025-08-12 22:26:02,019 - INFO - 识别成功，img_path: D:\2\WechatOCR\dist\img\~~~ocr.png, result_file: json\~~~ocr.png.json
2025-08-12 22:26:02,049 - INFO - 识别成功，img_path: D:\2\WechatOCR\dist\img\~~~ocr.png, result_file: json\~~~ocr.png.json
2025-08-12 22:26:02,632 - INFO - 文本已保存到 text_save.txt
2025-08-12 22:26:02,641 - INFO - 已将文件内容复制到剪贴板。
2025-08-12 22:26:02,672 - INFO - 文本已保存到 text_save.txt
2025-08-12 22:26:02,680 - INFO - 已将文件内容复制到剪贴板。
2025-08-12 22:26:02,703 - INFO - 文本已保存到 text_save.txt
2025-08-12 22:26:02,716 - INFO - 已将文件内容复制到剪贴板。
2025-08-12 22:26:09,299 - INFO - 检测到 Ctrl+C
2025-08-12 22:26:09,310 - INFO - 剪切板中的图片已经保存
2025-08-12 22:26:09,311 - INFO - OCR识别任务已提交
2025-08-12 22:26:09,334 - INFO - 检测到 Ctrl+C
2025-08-12 22:26:09,346 - INFO - 剪切板中的图片已经保存
2025-08-12 22:26:09,346 - INFO - OCR识别任务已提交
2025-08-12 22:26:09,361 - INFO - 检测到 Ctrl+C
2025-08-12 22:26:09,374 - INFO - 剪切板中的图片已经保存
2025-08-12 22:26:09,375 - INFO - OCR识别任务已提交
2025-08-12 22:26:09,634 - INFO - 识别成功，img_path: D:\2\WechatOCR\dist\img\~~~ocr.png, result_file: json\~~~ocr.png.json
2025-08-12 22:26:09,678 - INFO - 识别成功，img_path: D:\2\WechatOCR\dist\img\~~~ocr.png, result_file: json\~~~ocr.png.json
2025-08-12 22:26:09,695 - INFO - 识别成功，img_path: D:\2\WechatOCR\dist\img\~~~ocr.png, result_file: json\~~~ocr.png.json
2025-08-12 22:26:10,312 - INFO - 文本已保存到 text_save.txt
2025-08-12 22:26:10,319 - INFO - 已将文件内容复制到剪贴板。
2025-08-12 22:26:10,347 - INFO - 文本已保存到 text_save.txt
2025-08-12 22:26:10,354 - INFO - 已将文件内容复制到剪贴板。
2025-08-12 22:26:10,376 - INFO - 文本已保存到 text_save.txt
2025-08-12 22:26:10,382 - INFO - 已将文件内容复制到剪贴板。
2025-08-12 22:26:15,769 - INFO - 检测到 Ctrl+C
2025-08-12 22:26:15,783 - INFO - 剪切板中的图片已经保存
2025-08-12 22:26:15,783 - INFO - OCR识别任务已提交
2025-08-12 22:26:15,798 - INFO - 检测到 Ctrl+C
2025-08-12 22:26:15,839 - INFO - 检测到 Ctrl+C
2025-08-12 22:26:15,847 - INFO - 剪切板中的图片已经保存
2025-08-12 22:26:15,847 - INFO - OCR识别任务已提交
2025-08-12 22:26:16,059 - INFO - 识别成功，img_path: D:\2\WechatOCR\dist\img\~~~ocr.png, result_file: json\~~~ocr.png.json
2025-08-12 22:26:16,133 - INFO - 识别成功，img_path: D:\2\WechatOCR\dist\img\~~~ocr.png, result_file: json\~~~ocr.png.json
2025-08-12 22:26:16,320 - INFO - 剪切板中的图片已经保存
2025-08-12 22:26:16,320 - INFO - OCR识别任务已提交
2025-08-12 22:26:16,567 - INFO - 识别成功，img_path: D:\2\WechatOCR\dist\img\~~~ocr.png, result_file: json\~~~ocr.png.json
2025-08-12 22:26:16,784 - INFO - 文本已保存到 text_save.txt
2025-08-12 22:26:16,791 - INFO - 已将文件内容复制到剪贴板。
2025-08-12 22:26:16,848 - INFO - 文本已保存到 text_save.txt
2025-08-12 22:26:16,855 - INFO - 已将文件内容复制到剪贴板。
2025-08-12 22:26:17,321 - INFO - 文本已保存到 text_save.txt
2025-08-12 22:26:17,332 - INFO - 已将文件内容复制到剪贴板。
2025-08-12 22:26:23,677 - INFO - 检测到 Ctrl+C
2025-08-12 22:26:23,710 - INFO - 检测到 Ctrl+C
2025-08-12 22:26:23,719 - INFO - 剪切板中的图片已经保存
2025-08-12 22:26:23,719 - INFO - OCR识别任务已提交
2025-08-12 22:26:23,751 - INFO - 检测到 Ctrl+C
2025-08-12 22:26:23,760 - INFO - 剪切板中的图片已经保存
2025-08-12 22:26:23,760 - INFO - OCR识别任务已提交
2025-08-12 22:26:24,004 - INFO - 识别成功，img_path: D:\2\WechatOCR\dist\img\~~~ocr.png, result_file: json\~~~ocr.png.json
2025-08-12 22:26:24,056 - INFO - 识别成功，img_path: D:\2\WechatOCR\dist\img\~~~ocr.png, result_file: json\~~~ocr.png.json
2025-08-12 22:26:24,187 - INFO - 剪切板中的图片已经保存
2025-08-12 22:26:24,188 - INFO - OCR识别任务已提交
2025-08-12 22:26:24,424 - INFO - 识别成功，img_path: D:\2\WechatOCR\dist\img\~~~ocr.png, result_file: json\~~~ocr.png.json
2025-08-12 22:26:24,721 - INFO - 文本已保存到 text_save.txt
2025-08-12 22:26:24,728 - INFO - 已将文件内容复制到剪贴板。
2025-08-12 22:26:24,761 - INFO - 文本已保存到 text_save.txt
2025-08-12 22:26:24,769 - INFO - 已将文件内容复制到剪贴板。
2025-08-12 22:26:25,189 - INFO - 文本已保存到 text_save.txt
2025-08-12 22:26:25,200 - INFO - 已将文件内容复制到剪贴板。
2025-08-12 22:26:32,519 - INFO - 检测到 Ctrl+C
2025-08-12 22:26:32,528 - INFO - 剪切板中的图片已经保存
2025-08-12 22:26:32,529 - INFO - OCR识别任务已提交
2025-08-12 22:26:32,551 - INFO - 检测到 Ctrl+C
2025-08-12 22:26:32,564 - INFO - 剪切板中的图片已经保存
2025-08-12 22:26:32,565 - INFO - OCR识别任务已提交
2025-08-12 22:26:32,593 - INFO - 检测到 Ctrl+C
2025-08-12 22:26:32,602 - INFO - 剪切板中的图片已经保存
2025-08-12 22:26:32,602 - INFO - OCR识别任务已提交
2025-08-12 22:26:32,876 - INFO - 识别成功，img_path: D:\2\WechatOCR\dist\img\~~~ocr.png, result_file: json\~~~ocr.png.json
2025-08-12 22:26:32,914 - INFO - 识别成功，img_path: D:\2\WechatOCR\dist\img\~~~ocr.png, result_file: json\~~~ocr.png.json
2025-08-12 22:26:32,952 - INFO - 识别成功，img_path: D:\2\WechatOCR\dist\img\~~~ocr.png, result_file: json\~~~ocr.png.json
2025-08-12 22:26:33,530 - INFO - 文本已保存到 text_save.txt
2025-08-12 22:26:33,538 - INFO - 已将文件内容复制到剪贴板。
2025-08-12 22:26:33,566 - INFO - 文本已保存到 text_save.txt
2025-08-12 22:26:33,573 - INFO - 已将文件内容复制到剪贴板。
2025-08-12 22:26:33,604 - INFO - 文本已保存到 text_save.txt
2025-08-12 22:26:33,617 - INFO - 已将文件内容复制到剪贴板。
2025-08-12 22:26:47,617 - INFO - 检测到 Ctrl+C
2025-08-12 22:26:47,626 - INFO - 剪切板中的图片已经保存
2025-08-12 22:26:47,626 - INFO - OCR识别任务已提交
2025-08-12 22:26:47,657 - INFO - 检测到 Ctrl+C
2025-08-12 22:26:47,670 - INFO - 剪切板中的图片已经保存
2025-08-12 22:26:47,670 - INFO - OCR识别任务已提交
2025-08-12 22:26:47,679 - INFO - 检测到 Ctrl+C
2025-08-12 22:26:47,692 - INFO - 剪切板中的图片已经保存
2025-08-12 22:26:47,693 - INFO - OCR识别任务已提交
2025-08-12 22:26:47,920 - INFO - 识别成功，img_path: D:\2\WechatOCR\dist\img\~~~ocr.png, result_file: json\~~~ocr.png.json
2025-08-12 22:26:47,967 - INFO - 识别成功，img_path: D:\2\WechatOCR\dist\img\~~~ocr.png, result_file: json\~~~ocr.png.json
2025-08-12 22:26:47,969 - INFO - 识别成功，img_path: D:\2\WechatOCR\dist\img\~~~ocr.png, result_file: json\~~~ocr.png.json
2025-08-12 22:26:48,627 - INFO - 文本已保存到 text_save.txt
2025-08-12 22:26:48,635 - INFO - 已将文件内容复制到剪贴板。
2025-08-12 22:26:48,670 - INFO - 文本已保存到 text_save.txt
2025-08-12 22:26:48,678 - INFO - 已将文件内容复制到剪贴板。
2025-08-12 22:26:48,693 - INFO - 文本已保存到 text_save.txt
2025-08-12 22:26:48,701 - INFO - 已将文件内容复制到剪贴板。
2025-08-12 22:27:09,659 - INFO - 检测到 Ctrl+C
2025-08-12 22:27:09,670 - INFO - 剪切板中的图片已经保存
2025-08-12 22:27:09,671 - INFO - OCR识别任务已提交
2025-08-12 22:27:09,703 - INFO - 检测到 Ctrl+C
2025-08-12 22:27:09,717 - INFO - 剪切板中的图片已经保存
2025-08-12 22:27:09,717 - INFO - OCR识别任务已提交
2025-08-12 22:27:09,969 - INFO - 识别成功，img_path: D:\2\WechatOCR\dist\img\~~~ocr.png, result_file: json\~~~ocr.png.json
2025-08-12 22:27:10,009 - INFO - 识别成功，img_path: D:\2\WechatOCR\dist\img\~~~ocr.png, result_file: json\~~~ocr.png.json
2025-08-12 22:27:10,672 - INFO - 文本已保存到 text_save.txt
2025-08-12 22:27:10,680 - INFO - 已将文件内容复制到剪贴板。
2025-08-12 22:27:10,718 - INFO - 文本已保存到 text_save.txt
2025-08-12 22:27:10,724 - INFO - 已将文件内容复制到剪贴板。
2025-08-12 22:27:46,681 - INFO - 检测到 Ctrl+C
2025-08-12 22:27:46,693 - INFO - 剪切板中的图片已经保存
2025-08-12 22:27:46,693 - INFO - OCR识别任务已提交
2025-08-12 22:27:46,736 - INFO - 检测到 Ctrl+C
2025-08-12 22:27:46,746 - INFO - 检测到 Ctrl+C
2025-08-12 22:27:46,749 - INFO - 剪切板中的图片已经保存
2025-08-12 22:27:46,750 - INFO - OCR识别任务已提交
2025-08-12 22:27:46,750 - INFO - 识别成功，img_path: D:\2\WechatOCR\dist\img\~~~ocr.png, result_file: json\~~~ocr.png.json
2025-08-12 22:27:46,757 - INFO - 剪切板中的图片已经保存
2025-08-12 22:27:46,757 - INFO - OCR识别任务已提交
2025-08-12 22:27:47,056 - INFO - 识别成功，img_path: D:\2\WechatOCR\dist\img\~~~ocr.png, result_file: json\~~~ocr.png.json
2025-08-12 22:27:47,127 - INFO - 识别成功，img_path: D:\2\WechatOCR\dist\img\~~~ocr.png, result_file: json\~~~ocr.png.json
2025-08-12 22:27:47,693 - INFO - 文本已保存到 text_save.txt
2025-08-12 22:27:47,702 - INFO - 已将文件内容复制到剪贴板。
2025-08-12 22:27:47,751 - INFO - 文本已保存到 text_save.txt
2025-08-12 22:27:47,758 - INFO - 已将文件内容复制到剪贴板。
2025-08-12 22:27:47,758 - INFO - 文本已保存到 text_save.txt
2025-08-12 22:27:47,776 - INFO - 已将文件内容复制到剪贴板。
2025-08-12 22:27:58,389 - INFO - 检测到 Ctrl+C
2025-08-12 22:27:58,403 - INFO - 剪切板中的图片已经保存
2025-08-12 22:27:58,403 - INFO - OCR识别任务已提交
2025-08-12 22:27:58,406 - INFO - 检测到 Ctrl+C
2025-08-12 22:27:58,418 - INFO - 剪切板中的图片已经保存
2025-08-12 22:27:58,418 - INFO - OCR识别任务已提交
2025-08-12 22:27:58,431 - INFO - 检测到 Ctrl+C
2025-08-12 22:27:58,445 - INFO - 剪切板中的图片已经保存
2025-08-12 22:27:58,445 - INFO - OCR识别任务已提交
2025-08-12 22:27:58,833 - INFO - 识别成功，img_path: D:\2\WechatOCR\dist\img\~~~ocr.png, result_file: json\~~~ocr.png.json
2025-08-12 22:27:58,851 - INFO - 识别成功，img_path: D:\2\WechatOCR\dist\img\~~~ocr.png, result_file: json\~~~ocr.png.json
2025-08-12 22:27:58,887 - INFO - 识别成功，img_path: D:\2\WechatOCR\dist\img\~~~ocr.png, result_file: json\~~~ocr.png.json
2025-08-12 22:27:59,404 - INFO - 文本已保存到 text_save.txt
2025-08-12 22:27:59,417 - INFO - 已将文件内容复制到剪贴板。
2025-08-12 22:27:59,420 - INFO - 文本已保存到 text_save.txt
2025-08-12 22:27:59,433 - INFO - 已将文件内容复制到剪贴板。
2025-08-12 22:27:59,446 - INFO - 文本已保存到 text_save.txt
2025-08-12 22:27:59,456 - INFO - 已将文件内容复制到剪贴板。
2025-08-12 22:28:07,241 - INFO - 检测到 Ctrl+C
2025-08-12 22:28:07,256 - INFO - 检测到 Ctrl+C
2025-08-12 22:28:07,256 - INFO - 剪切板中的图片已经保存
2025-08-12 22:28:07,257 - INFO - OCR识别任务已提交
2025-08-12 22:28:07,268 - INFO - 剪切板中的图片已经保存
2025-08-12 22:28:07,268 - INFO - OCR识别任务已提交
2025-08-12 22:28:07,289 - INFO - 检测到 Ctrl+C
2025-08-12 22:28:07,303 - INFO - 剪切板中的图片已经保存
2025-08-12 22:28:07,304 - INFO - OCR识别任务已提交
2025-08-12 22:28:07,721 - INFO - 识别成功，img_path: D:\2\WechatOCR\dist\img\~~~ocr.png, result_file: json\~~~ocr.png.json
2025-08-12 22:28:07,725 - INFO - 识别成功，img_path: D:\2\WechatOCR\dist\img\~~~ocr.png, result_file: json\~~~ocr.png.json
2025-08-12 22:28:07,765 - INFO - 识别成功，img_path: D:\2\WechatOCR\dist\img\~~~ocr.png, result_file: json\~~~ocr.png.json
2025-08-12 22:28:08,257 - INFO - 文本已保存到 text_save.txt
2025-08-12 22:28:08,264 - INFO - 已将文件内容复制到剪贴板。
2025-08-12 22:28:08,269 - INFO - 文本已保存到 text_save.txt
2025-08-12 22:28:08,281 - INFO - 已将文件内容复制到剪贴板。
2025-08-12 22:28:08,304 - INFO - 文本已保存到 text_save.txt
2025-08-12 22:28:08,313 - INFO - 已将文件内容复制到剪贴板。
2025-08-12 22:28:15,785 - INFO - 检测到 Ctrl+C
2025-08-12 22:28:15,795 - INFO - 剪切板中的图片已经保存
2025-08-12 22:28:15,796 - INFO - OCR识别任务已提交
2025-08-12 22:28:15,800 - INFO - 检测到 Ctrl+C
2025-08-12 22:28:15,813 - INFO - 剪切板中的图片已经保存
2025-08-12 22:28:15,813 - INFO - OCR识别任务已提交
2025-08-12 22:28:15,834 - INFO - 检测到 Ctrl+C
2025-08-12 22:28:15,847 - INFO - 剪切板中的图片已经保存
2025-08-12 22:28:15,848 - INFO - OCR识别任务已提交
2025-08-12 22:28:16,198 - INFO - 识别成功，img_path: D:\2\WechatOCR\dist\img\~~~ocr.png, result_file: json\~~~ocr.png.json
2025-08-12 22:28:16,203 - INFO - 识别成功，img_path: D:\2\WechatOCR\dist\img\~~~ocr.png, result_file: json\~~~ocr.png.json
2025-08-12 22:28:16,239 - INFO - 识别成功，img_path: D:\2\WechatOCR\dist\img\~~~ocr.png, result_file: json\~~~ocr.png.json
2025-08-12 22:28:16,797 - INFO - 文本已保存到 text_save.txt
2025-08-12 22:28:16,805 - INFO - 已将文件内容复制到剪贴板。
2025-08-12 22:28:16,815 - INFO - 文本已保存到 text_save.txt
2025-08-12 22:28:16,835 - INFO - 已将文件内容复制到剪贴板。
2025-08-12 22:28:16,848 - INFO - 文本已保存到 text_save.txt
2025-08-12 22:28:16,858 - INFO - 已将文件内容复制到剪贴板。
2025-08-12 22:28:25,428 - INFO - 检测到 Ctrl+C
2025-08-12 22:28:25,439 - INFO - 剪切板中的图片已经保存
2025-08-12 22:28:25,439 - INFO - OCR识别任务已提交
2025-08-12 22:28:25,459 - INFO - 检测到 Ctrl+C
2025-08-12 22:28:25,484 - INFO - 检测到 Ctrl+C
2025-08-12 22:28:25,497 - INFO - 剪切板中的图片已经保存
2025-08-12 22:28:25,497 - INFO - OCR识别任务已提交
2025-08-12 22:28:25,751 - INFO - 识别成功，img_path: D:\2\WechatOCR\dist\img\~~~ocr.png, result_file: json\~~~ocr.png.json
2025-08-12 22:28:25,801 - INFO - 识别成功，img_path: D:\2\WechatOCR\dist\img\~~~ocr.png, result_file: json\~~~ocr.png.json
2025-08-12 22:28:25,970 - INFO - 剪切板中的图片已经保存
2025-08-12 22:28:25,970 - INFO - OCR识别任务已提交
2025-08-12 22:28:26,205 - INFO - 识别成功，img_path: D:\2\WechatOCR\dist\img\~~~ocr.png, result_file: json\~~~ocr.png.json
2025-08-12 22:28:26,440 - INFO - 文本已保存到 text_save.txt
2025-08-12 22:28:26,448 - INFO - 已将文件内容复制到剪贴板。
2025-08-12 22:28:26,498 - INFO - 文本已保存到 text_save.txt
2025-08-12 22:28:26,506 - INFO - 已将文件内容复制到剪贴板。
2025-08-12 22:28:26,971 - INFO - 文本已保存到 text_save.txt
2025-08-12 22:28:26,982 - INFO - 已将文件内容复制到剪贴板。
2025-08-12 22:28:32,667 - INFO - 检测到 Ctrl+C
2025-08-12 22:28:32,677 - INFO - 剪切板中的图片已经保存
2025-08-12 22:28:32,677 - INFO - OCR识别任务已提交
2025-08-12 22:28:32,700 - INFO - 检测到 Ctrl+C
2025-08-12 22:28:32,710 - INFO - 剪切板中的图片已经保存
2025-08-12 22:28:32,710 - INFO - OCR识别任务已提交
2025-08-12 22:28:32,960 - INFO - 识别成功，img_path: D:\2\WechatOCR\dist\img\~~~ocr.png, result_file: json\~~~ocr.png.json
2025-08-12 22:28:33,010 - INFO - 识别成功，img_path: D:\2\WechatOCR\dist\img\~~~ocr.png, result_file: json\~~~ocr.png.json
2025-08-12 22:28:33,677 - INFO - 文本已保存到 text_save.txt
2025-08-12 22:28:33,685 - INFO - 已将文件内容复制到剪贴板。
2025-08-12 22:28:33,711 - INFO - 文本已保存到 text_save.txt
2025-08-12 22:28:33,719 - INFO - 已将文件内容复制到剪贴板。
2025-08-12 22:28:44,112 - INFO - 检测到 Ctrl+C
2025-08-12 22:28:44,123 - INFO - 剪切板中的图片已经保存
2025-08-12 22:28:44,123 - INFO - OCR识别任务已提交
2025-08-12 22:28:44,146 - INFO - 检测到 Ctrl+C
2025-08-12 22:28:44,156 - INFO - 检测到 Ctrl+C
2025-08-12 22:28:44,156 - INFO - 剪切板中的图片已经保存
2025-08-12 22:28:44,156 - INFO - OCR识别任务已提交
2025-08-12 22:28:44,167 - INFO - 剪切板中的图片已经保存
2025-08-12 22:28:44,168 - INFO - OCR识别任务已提交
2025-08-12 22:28:44,484 - INFO - 识别成功，img_path: D:\2\WechatOCR\dist\img\~~~ocr.png, result_file: json\~~~ocr.png.json
2025-08-12 22:28:44,505 - INFO - 识别成功，img_path: D:\2\WechatOCR\dist\img\~~~ocr.png, result_file: json\~~~ocr.png.json
2025-08-12 22:28:44,528 - INFO - 识别成功，img_path: D:\2\WechatOCR\dist\img\~~~ocr.png, result_file: json\~~~ocr.png.json
2025-08-12 22:28:45,124 - INFO - 文本已保存到 text_save.txt
2025-08-12 22:28:45,131 - INFO - 已将文件内容复制到剪贴板。
2025-08-12 22:28:45,157 - INFO - 文本已保存到 text_save.txt
2025-08-12 22:28:45,164 - INFO - 已将文件内容复制到剪贴板。
2025-08-12 22:28:45,169 - INFO - 文本已保存到 text_save.txt
2025-08-12 22:28:45,179 - INFO - 已将文件内容复制到剪贴板。
2025-08-12 22:28:55,308 - INFO - 检测到 Ctrl+C
2025-08-12 22:28:55,318 - INFO - 剪切板中的图片已经保存
2025-08-12 22:28:55,318 - INFO - OCR识别任务已提交
2025-08-12 22:28:55,360 - INFO - 检测到 Ctrl+C
2025-08-12 22:28:55,368 - INFO - 剪切板中的图片已经保存
2025-08-12 22:28:55,369 - INFO - OCR识别任务已提交
2025-08-12 22:28:55,396 - INFO - 检测到 Ctrl+C
2025-08-12 22:28:55,406 - INFO - 剪切板中的图片已经保存
2025-08-12 22:28:55,406 - INFO - OCR识别任务已提交
2025-08-12 22:28:55,638 - INFO - 识别成功，img_path: D:\2\WechatOCR\dist\img\~~~ocr.png, result_file: json\~~~ocr.png.json
2025-08-12 22:28:55,688 - INFO - 识别成功，img_path: D:\2\WechatOCR\dist\img\~~~ocr.png, result_file: json\~~~ocr.png.json
2025-08-12 22:28:55,734 - INFO - 识别成功，img_path: D:\2\WechatOCR\dist\img\~~~ocr.png, result_file: json\~~~ocr.png.json
2025-08-12 22:28:56,319 - INFO - 文本已保存到 text_save.txt
2025-08-12 22:28:56,326 - INFO - 已将文件内容复制到剪贴板。
2025-08-12 22:28:56,370 - INFO - 文本已保存到 text_save.txt
2025-08-12 22:28:56,378 - INFO - 已将文件内容复制到剪贴板。
2025-08-12 22:28:56,408 - INFO - 文本已保存到 text_save.txt
2025-08-12 22:28:56,414 - INFO - 已将文件内容复制到剪贴板。
2025-08-12 22:29:07,208 - INFO - 检测到 Ctrl+C
2025-08-12 22:29:07,219 - INFO - 剪切板中的图片已经保存
2025-08-12 22:29:07,220 - INFO - OCR识别任务已提交
2025-08-12 22:29:07,248 - INFO - 检测到 Ctrl+C
2025-08-12 22:29:07,256 - INFO - 检测到 Ctrl+C
2025-08-12 22:29:07,259 - INFO - 剪切板中的图片已经保存
2025-08-12 22:29:07,260 - INFO - OCR识别任务已提交
2025-08-12 22:29:07,550 - INFO - 识别成功，img_path: D:\2\WechatOCR\dist\img\~~~ocr.png, result_file: json\~~~ocr.png.json
2025-08-12 22:29:07,584 - INFO - 识别成功，img_path: D:\2\WechatOCR\dist\img\~~~ocr.png, result_file: json\~~~ocr.png.json
2025-08-12 22:29:07,772 - INFO - 剪切板中的图片已经保存
2025-08-12 22:29:07,772 - INFO - OCR识别任务已提交
2025-08-12 22:29:08,060 - INFO - 识别成功，img_path: D:\2\WechatOCR\dist\img\~~~ocr.png, result_file: json\~~~ocr.png.json
2025-08-12 22:29:08,221 - INFO - 文本已保存到 text_save.txt
2025-08-12 22:29:08,228 - INFO - 已将文件内容复制到剪贴板。
2025-08-12 22:29:08,261 - INFO - 文本已保存到 text_save.txt
2025-08-12 22:29:08,269 - INFO - 已将文件内容复制到剪贴板。
2025-08-12 22:29:08,772 - INFO - 文本已保存到 text_save.txt
2025-08-12 22:29:08,782 - INFO - 已将文件内容复制到剪贴板。
2025-08-12 22:29:15,552 - INFO - 检测到 Ctrl+C
2025-08-12 22:29:15,565 - INFO - 剪切板中的图片已经保存
2025-08-12 22:29:15,566 - INFO - OCR识别任务已提交
2025-08-12 22:29:15,589 - INFO - 检测到 Ctrl+C
2025-08-12 22:29:15,604 - INFO - 检测到 Ctrl+C
2025-08-12 22:29:15,616 - INFO - 剪切板中的图片已经保存
2025-08-12 22:29:15,617 - INFO - OCR识别任务已提交
2025-08-12 22:29:15,941 - INFO - 识别成功，img_path: D:\2\WechatOCR\dist\img\~~~ocr.png, result_file: json\~~~ocr.png.json
2025-08-12 22:29:15,987 - INFO - 识别成功，img_path: D:\2\WechatOCR\dist\img\~~~ocr.png, result_file: json\~~~ocr.png.json
2025-08-12 22:29:16,103 - INFO - 剪切板中的图片已经保存
2025-08-12 22:29:16,103 - INFO - OCR识别任务已提交
2025-08-12 22:29:16,410 - INFO - 识别成功，img_path: D:\2\WechatOCR\dist\img\~~~ocr.png, result_file: json\~~~ocr.png.json
2025-08-12 22:29:16,567 - INFO - 文本已保存到 text_save.txt
2025-08-12 22:29:16,575 - INFO - 已将文件内容复制到剪贴板。
2025-08-12 22:29:16,618 - INFO - 文本已保存到 text_save.txt
2025-08-12 22:29:16,625 - INFO - 已将文件内容复制到剪贴板。
2025-08-12 22:29:17,104 - INFO - 文本已保存到 text_save.txt
2025-08-12 22:29:17,115 - INFO - 已将文件内容复制到剪贴板。
2025-08-12 22:29:24,740 - INFO - 检测到 Ctrl+C
2025-08-12 22:29:24,751 - INFO - 检测到 Ctrl+C
2025-08-12 22:29:24,751 - INFO - 剪切板中的图片已经保存
2025-08-12 22:29:24,751 - INFO - OCR识别任务已提交
2025-08-12 22:29:24,798 - INFO - 检测到 Ctrl+C
2025-08-12 22:29:24,811 - INFO - 剪切板中的图片已经保存
2025-08-12 22:29:24,811 - INFO - OCR识别任务已提交
2025-08-12 22:29:25,103 - INFO - 识别成功，img_path: D:\2\WechatOCR\dist\img\~~~ocr.png, result_file: json\~~~ocr.png.json
2025-08-12 22:29:25,144 - INFO - 识别成功，img_path: D:\2\WechatOCR\dist\img\~~~ocr.png, result_file: json\~~~ocr.png.json
2025-08-12 22:29:25,267 - INFO - 剪切板中的图片已经保存
2025-08-12 22:29:25,268 - INFO - OCR识别任务已提交
2025-08-12 22:29:25,542 - INFO - 识别成功，img_path: D:\2\WechatOCR\dist\img\~~~ocr.png, result_file: json\~~~ocr.png.json
2025-08-12 22:29:25,752 - INFO - 文本已保存到 text_save.txt
2025-08-12 22:29:25,760 - INFO - 已将文件内容复制到剪贴板。
2025-08-12 22:29:25,812 - INFO - 文本已保存到 text_save.txt
2025-08-12 22:29:25,820 - INFO - 已将文件内容复制到剪贴板。
2025-08-12 22:29:26,269 - INFO - 文本已保存到 text_save.txt
2025-08-12 22:29:26,276 - INFO - 已将文件内容复制到剪贴板。
2025-08-12 22:29:32,640 - INFO - 检测到 Ctrl+C
2025-08-12 22:29:32,652 - INFO - 剪切板中的图片已经保存
2025-08-12 22:29:32,652 - INFO - OCR识别任务已提交
2025-08-12 22:29:32,682 - INFO - 检测到 Ctrl+C
2025-08-12 22:29:32,695 - INFO - 剪切板中的图片已经保存
2025-08-12 22:29:32,695 - INFO - OCR识别任务已提交
2025-08-12 22:29:32,696 - INFO - 检测到 Ctrl+C
2025-08-12 22:29:32,709 - INFO - 剪切板中的图片已经保存
2025-08-12 22:29:32,709 - INFO - OCR识别任务已提交
2025-08-12 22:29:33,058 - INFO - 识别成功，img_path: D:\2\WechatOCR\dist\img\~~~ocr.png, result_file: json\~~~ocr.png.json
2025-08-12 22:29:33,118 - INFO - 识别成功，img_path: D:\2\WechatOCR\dist\img\~~~ocr.png, result_file: json\~~~ocr.png.json
2025-08-12 22:29:33,122 - INFO - 识别成功，img_path: D:\2\WechatOCR\dist\img\~~~ocr.png, result_file: json\~~~ocr.png.json
2025-08-12 22:29:33,653 - INFO - 文本已保存到 text_save.txt
2025-08-12 22:29:33,661 - INFO - 已将文件内容复制到剪贴板。
2025-08-12 22:29:33,697 - INFO - 文本已保存到 text_save.txt
2025-08-12 22:29:33,704 - INFO - 已将文件内容复制到剪贴板。
2025-08-12 22:29:33,711 - INFO - 文本已保存到 text_save.txt
2025-08-12 22:29:33,720 - INFO - 已将文件内容复制到剪贴板。
2025-08-12 22:29:39,722 - INFO - 检测到 Ctrl+C
2025-08-12 22:29:39,733 - INFO - 剪切板中的图片已经保存
2025-08-12 22:29:39,733 - INFO - OCR识别任务已提交
2025-08-12 22:29:39,744 - INFO - 检测到 Ctrl+C
2025-08-12 22:29:39,754 - INFO - 剪切板中的图片已经保存
2025-08-12 22:29:39,755 - INFO - OCR识别任务已提交
2025-08-12 22:29:39,783 - INFO - 检测到 Ctrl+C
2025-08-12 22:29:40,055 - INFO - 识别成功，img_path: D:\2\WechatOCR\dist\img\~~~ocr.png, result_file: json\~~~ocr.png.json
2025-08-12 22:29:40,090 - INFO - 识别成功，img_path: D:\2\WechatOCR\dist\img\~~~ocr.png, result_file: json\~~~ocr.png.json
2025-08-12 22:29:40,302 - INFO - 剪切板中的图片已经保存
2025-08-12 22:29:40,303 - INFO - OCR识别任务已提交
2025-08-12 22:29:40,559 - INFO - 识别成功，img_path: D:\2\WechatOCR\dist\img\~~~ocr.png, result_file: json\~~~ocr.png.json
2025-08-12 22:29:40,734 - INFO - 文本已保存到 text_save.txt
2025-08-12 22:29:40,741 - INFO - 已将文件内容复制到剪贴板。
2025-08-12 22:29:40,755 - INFO - 文本已保存到 text_save.txt
2025-08-12 22:29:40,764 - INFO - 已将文件内容复制到剪贴板。
2025-08-12 22:29:41,303 - INFO - 文本已保存到 text_save.txt
2025-08-12 22:29:41,310 - INFO - 已将文件内容复制到剪贴板。
2025-08-12 22:29:48,367 - INFO - 检测到 Ctrl+C
2025-08-12 22:29:48,378 - INFO - 剪切板中的图片已经保存
2025-08-12 22:29:48,379 - INFO - OCR识别任务已提交
2025-08-12 22:29:48,389 - INFO - 检测到 Ctrl+C
2025-08-12 22:29:48,400 - INFO - 剪切板中的图片已经保存
2025-08-12 22:29:48,401 - INFO - OCR识别任务已提交
2025-08-12 22:29:48,432 - INFO - 检测到 Ctrl+C
2025-08-12 22:29:48,446 - INFO - 剪切板中的图片已经保存
2025-08-12 22:29:48,446 - INFO - OCR识别任务已提交
2025-08-12 22:29:48,776 - INFO - 识别成功，img_path: D:\2\WechatOCR\dist\img\~~~ocr.png, result_file: json\~~~ocr.png.json
2025-08-12 22:29:48,780 - INFO - 识别成功，img_path: D:\2\WechatOCR\dist\img\~~~ocr.png, result_file: json\~~~ocr.png.json
2025-08-12 22:29:48,832 - INFO - 识别成功，img_path: D:\2\WechatOCR\dist\img\~~~ocr.png, result_file: json\~~~ocr.png.json
2025-08-12 22:29:49,380 - INFO - 文本已保存到 text_save.txt
2025-08-12 22:29:49,386 - INFO - 已将文件内容复制到剪贴板。
2025-08-12 22:29:49,402 - INFO - 文本已保存到 text_save.txt
2025-08-12 22:29:49,410 - INFO - 已将文件内容复制到剪贴板。
2025-08-12 22:29:49,447 - INFO - 文本已保存到 text_save.txt
2025-08-12 22:29:49,455 - INFO - 已将文件内容复制到剪贴板。
2025-08-12 22:29:57,033 - INFO - 检测到 Ctrl+C
2025-08-12 22:29:57,036 - INFO - 剪切板中的图片已经保存
2025-08-12 22:29:57,036 - INFO - OCR识别任务已提交
2025-08-12 22:29:57,081 - INFO - 检测到 Ctrl+C
2025-08-12 22:29:57,085 - INFO - 剪切板中的图片已经保存
2025-08-12 22:29:57,085 - INFO - OCR识别任务已提交
2025-08-12 22:29:57,110 - INFO - 检测到 Ctrl+C
2025-08-12 22:29:57,114 - INFO - 剪切板中的图片已经保存
2025-08-12 22:29:57,115 - INFO - OCR识别任务已提交
2025-08-12 22:29:57,262 - INFO - 识别成功，img_path: D:\2\WechatOCR\dist\img\~~~ocr.png, result_file: json\~~~ocr.png.json
2025-08-12 22:29:57,301 - INFO - 识别成功，img_path: D:\2\WechatOCR\dist\img\~~~ocr.png, result_file: json\~~~ocr.png.json
2025-08-12 22:29:57,327 - INFO - 识别成功，img_path: D:\2\WechatOCR\dist\img\~~~ocr.png, result_file: json\~~~ocr.png.json
2025-08-12 22:29:58,037 - INFO - 文本已保存到 text_save.txt
2025-08-12 22:29:58,045 - INFO - 已将文件内容复制到剪贴板。
2025-08-12 22:29:58,085 - INFO - 文本已保存到 text_save.txt
2025-08-12 22:29:58,092 - INFO - 已将文件内容复制到剪贴板。
2025-08-12 22:29:58,115 - INFO - 文本已保存到 text_save.txt
2025-08-12 22:29:58,123 - INFO - 已将文件内容复制到剪贴板。
2025-08-12 22:30:13,971 - INFO - 检测到 Ctrl+C
2025-08-12 22:30:13,972 - INFO - 剪切板中的图片已经保存
2025-08-12 22:30:13,973 - INFO - OCR识别任务已提交
2025-08-12 22:30:13,989 - INFO - 检测到 Ctrl+C
2025-08-12 22:30:13,991 - INFO - 剪切板中的图片已经保存
2025-08-12 22:30:13,991 - INFO - OCR识别任务已提交
2025-08-12 22:30:14,024 - INFO - 识别成功，img_path: D:\2\WechatOCR\dist\img\~~~ocr.png, result_file: json\~~~ocr.png.json
2025-08-12 22:30:14,036 - INFO - 检测到 Ctrl+C
2025-08-12 22:30:14,037 - INFO - 剪切板中的图片已经保存
2025-08-12 22:30:14,037 - INFO - OCR识别任务已提交
2025-08-12 22:30:14,042 - INFO - 识别成功，img_path: D:\2\WechatOCR\dist\img\~~~ocr.png, result_file: json\~~~ocr.png.json
2025-08-12 22:30:14,082 - INFO - 识别成功，img_path: D:\2\WechatOCR\dist\img\~~~ocr.png, result_file: json\~~~ocr.png.json
2025-08-12 22:30:14,974 - INFO - 文本已保存到 text_save.txt
2025-08-12 22:30:14,982 - INFO - 已将文件内容复制到剪贴板。
2025-08-12 22:30:14,992 - INFO - 文本已保存到 text_save.txt
2025-08-12 22:30:15,000 - INFO - 已将文件内容复制到剪贴板。
2025-08-12 22:30:15,038 - INFO - 文本已保存到 text_save.txt
2025-08-12 22:30:15,045 - INFO - 已将文件内容复制到剪贴板。
2025-08-12 22:30:26,117 - INFO - 检测到 Ctrl+C
2025-08-12 22:30:26,128 - INFO - 剪切板中的图片已经保存
2025-08-12 22:30:26,128 - INFO - OCR识别任务已提交
2025-08-12 22:30:26,134 - INFO - 检测到 Ctrl+C
2025-08-12 22:30:26,145 - INFO - 剪切板中的图片已经保存
2025-08-12 22:30:26,145 - INFO - OCR识别任务已提交
2025-08-12 22:30:26,177 - INFO - 检测到 Ctrl+C
2025-08-12 22:30:26,191 - INFO - 剪切板中的图片已经保存
2025-08-12 22:30:26,192 - INFO - OCR识别任务已提交
2025-08-12 22:30:26,525 - INFO - 识别成功，img_path: D:\2\WechatOCR\dist\img\~~~ocr.png, result_file: json\~~~ocr.png.json
2025-08-12 22:30:26,538 - INFO - 识别成功，img_path: D:\2\WechatOCR\dist\img\~~~ocr.png, result_file: json\~~~ocr.png.json
2025-08-12 22:30:26,557 - INFO - 识别成功，img_path: D:\2\WechatOCR\dist\img\~~~ocr.png, result_file: json\~~~ocr.png.json
2025-08-12 22:30:27,129 - INFO - 文本已保存到 text_save.txt
2025-08-12 22:30:27,136 - INFO - 已将文件内容复制到剪贴板。
2025-08-12 22:30:27,146 - INFO - 文本已保存到 text_save.txt
2025-08-12 22:30:27,154 - INFO - 已将文件内容复制到剪贴板。
2025-08-12 22:30:27,192 - INFO - 文本已保存到 text_save.txt
2025-08-12 22:30:27,199 - INFO - 已将文件内容复制到剪贴板。
2025-08-12 22:30:34,156 - INFO - 检测到 Ctrl+C
2025-08-12 22:30:34,166 - INFO - 剪切板中的图片已经保存
2025-08-12 22:30:34,167 - INFO - OCR识别任务已提交
2025-08-12 22:30:34,174 - INFO - 检测到 Ctrl+C
2025-08-12 22:30:34,182 - INFO - 剪切板中的图片已经保存
2025-08-12 22:30:34,183 - INFO - OCR识别任务已提交
2025-08-12 22:30:34,220 - INFO - 检测到 Ctrl+C
2025-08-12 22:30:34,231 - INFO - 剪切板中的图片已经保存
2025-08-12 22:30:34,231 - INFO - OCR识别任务已提交
2025-08-12 22:30:34,488 - INFO - 识别成功，img_path: D:\2\WechatOCR\dist\img\~~~ocr.png, result_file: json\~~~ocr.png.json
2025-08-12 22:30:34,493 - INFO - 识别成功，img_path: D:\2\WechatOCR\dist\img\~~~ocr.png, result_file: json\~~~ocr.png.json
2025-08-12 22:30:34,531 - INFO - 识别成功，img_path: D:\2\WechatOCR\dist\img\~~~ocr.png, result_file: json\~~~ocr.png.json
2025-08-12 22:30:35,167 - INFO - 文本已保存到 text_save.txt
2025-08-12 22:30:35,175 - INFO - 已将文件内容复制到剪贴板。
2025-08-12 22:30:35,184 - INFO - 文本已保存到 text_save.txt
2025-08-12 22:30:35,194 - INFO - 已将文件内容复制到剪贴板。
2025-08-12 22:30:35,232 - INFO - 文本已保存到 text_save.txt
2025-08-12 22:30:35,239 - INFO - 已将文件内容复制到剪贴板。
2025-08-12 22:30:41,761 - INFO - 检测到 Ctrl+C
2025-08-12 22:30:41,770 - INFO - 剪切板中的图片已经保存
2025-08-12 22:30:41,771 - INFO - OCR识别任务已提交
2025-08-12 22:30:41,795 - INFO - 检测到 Ctrl+C
2025-08-12 22:30:41,807 - INFO - 剪切板中的图片已经保存
2025-08-12 22:30:41,807 - INFO - OCR识别任务已提交
2025-08-12 22:30:41,812 - INFO - 检测到 Ctrl+C
2025-08-12 22:30:41,825 - INFO - 剪切板中的图片已经保存
2025-08-12 22:30:41,825 - INFO - OCR识别任务已提交
2025-08-12 22:30:42,132 - INFO - 识别成功，img_path: D:\2\WechatOCR\dist\img\~~~ocr.png, result_file: json\~~~ocr.png.json
2025-08-12 22:30:42,158 - INFO - 识别成功，img_path: D:\2\WechatOCR\dist\img\~~~ocr.png, result_file: json\~~~ocr.png.json
2025-08-12 22:30:42,170 - INFO - 识别成功，img_path: D:\2\WechatOCR\dist\img\~~~ocr.png, result_file: json\~~~ocr.png.json
2025-08-12 22:30:42,772 - INFO - 文本已保存到 text_save.txt
2025-08-12 22:30:42,780 - INFO - 已将文件内容复制到剪贴板。
2025-08-12 22:30:42,808 - INFO - 文本已保存到 text_save.txt
2025-08-12 22:30:42,816 - INFO - 已将文件内容复制到剪贴板。
2025-08-12 22:30:42,827 - INFO - 文本已保存到 text_save.txt
2025-08-12 22:30:42,845 - INFO - 已将文件内容复制到剪贴板。
2025-08-12 22:30:50,037 - INFO - 检测到 Ctrl+C
2025-08-12 22:30:50,039 - INFO - 剪切板中的图片已经保存
2025-08-12 22:30:50,040 - INFO - OCR识别任务已提交
2025-08-12 22:30:50,064 - INFO - 检测到 Ctrl+C
2025-08-12 22:30:50,066 - INFO - 剪切板中的图片已经保存
2025-08-12 22:30:50,066 - INFO - OCR识别任务已提交
2025-08-12 22:30:50,111 - INFO - 识别成功，img_path: D:\2\WechatOCR\dist\img\~~~ocr.png, result_file: json\~~~ocr.png.json
2025-08-12 22:30:50,132 - INFO - 识别成功，img_path: D:\2\WechatOCR\dist\img\~~~ocr.png, result_file: json\~~~ocr.png.json
2025-08-12 22:30:51,040 - INFO - 文本已保存到 text_save.txt
2025-08-12 22:30:51,047 - INFO - 已将文件内容复制到剪贴板。
2025-08-12 22:30:51,068 - INFO - 文本已保存到 text_save.txt
2025-08-12 22:30:51,076 - INFO - 已将文件内容复制到剪贴板。
2025-08-12 22:31:07,251 - INFO - 检测到 Ctrl+C
2025-08-12 22:31:07,253 - INFO - 剪切板中的图片已经保存
2025-08-12 22:31:07,253 - INFO - OCR识别任务已提交
2025-08-12 22:31:07,291 - INFO - 检测到 Ctrl+C
2025-08-12 22:31:07,292 - INFO - 剪切板中的图片已经保存
2025-08-12 22:31:07,292 - INFO - OCR识别任务已提交
2025-08-12 22:31:07,315 - INFO - 识别成功，img_path: D:\2\WechatOCR\dist\img\~~~ocr.png, result_file: json\~~~ocr.png.json
2025-08-12 22:31:07,320 - INFO - 检测到 Ctrl+C
2025-08-12 22:31:07,322 - INFO - 剪切板中的图片已经保存
2025-08-12 22:31:07,322 - INFO - OCR识别任务已提交
2025-08-12 22:31:07,347 - INFO - 识别成功，img_path: D:\2\WechatOCR\dist\img\~~~ocr.png, result_file: json\~~~ocr.png.json
2025-08-12 22:31:07,375 - INFO - 识别成功，img_path: D:\2\WechatOCR\dist\img\~~~ocr.png, result_file: json\~~~ocr.png.json
2025-08-12 22:31:08,254 - INFO - 文本已保存到 text_save.txt
2025-08-12 22:31:08,261 - INFO - 已将文件内容复制到剪贴板。
2025-08-12 22:31:08,294 - INFO - 文本已保存到 text_save.txt
2025-08-12 22:31:08,300 - INFO - 已将文件内容复制到剪贴板。
2025-08-12 22:31:08,324 - INFO - 文本已保存到 text_save.txt
2025-08-12 22:31:08,330 - INFO - 已将文件内容复制到剪贴板。
2025-08-12 22:31:17,526 - INFO - 检测到 Ctrl+C
2025-08-12 22:31:17,538 - INFO - 剪切板中的图片已经保存
2025-08-12 22:31:17,539 - INFO - OCR识别任务已提交
2025-08-12 22:31:17,558 - INFO - 检测到 Ctrl+C
2025-08-12 22:31:17,571 - INFO - 剪切板中的图片已经保存
2025-08-12 22:31:17,571 - INFO - OCR识别任务已提交
2025-08-12 22:31:17,592 - INFO - 检测到 Ctrl+C
2025-08-12 22:31:17,606 - INFO - 剪切板中的图片已经保存
2025-08-12 22:31:17,606 - INFO - OCR识别任务已提交
2025-08-12 22:31:17,901 - INFO - 识别成功，img_path: D:\2\WechatOCR\dist\img\~~~ocr.png, result_file: json\~~~ocr.png.json
2025-08-12 22:31:17,918 - INFO - 识别成功，img_path: D:\2\WechatOCR\dist\img\~~~ocr.png, result_file: json\~~~ocr.png.json
2025-08-12 22:31:17,959 - INFO - 识别成功，img_path: D:\2\WechatOCR\dist\img\~~~ocr.png, result_file: json\~~~ocr.png.json
2025-08-12 22:31:18,539 - INFO - 文本已保存到 text_save.txt
2025-08-12 22:31:18,548 - INFO - 已将文件内容复制到剪贴板。
2025-08-12 22:31:18,573 - INFO - 文本已保存到 text_save.txt
2025-08-12 22:31:18,581 - INFO - 已将文件内容复制到剪贴板。
2025-08-12 22:31:18,607 - INFO - 文本已保存到 text_save.txt
2025-08-12 22:31:18,617 - INFO - 已将文件内容复制到剪贴板。
2025-08-12 22:31:26,444 - INFO - 检测到 Ctrl+C
2025-08-12 22:31:26,456 - INFO - 剪切板中的图片已经保存
2025-08-12 22:31:26,456 - INFO - OCR识别任务已提交
2025-08-12 22:31:26,468 - INFO - 检测到 Ctrl+C
2025-08-12 22:31:26,478 - INFO - 剪切板中的图片已经保存
2025-08-12 22:31:26,478 - INFO - OCR识别任务已提交
2025-08-12 22:31:26,504 - INFO - 检测到 Ctrl+C
2025-08-12 22:31:26,516 - INFO - 剪切板中的图片已经保存
2025-08-12 22:31:26,516 - INFO - OCR识别任务已提交
2025-08-12 22:31:26,788 - INFO - 识别成功，img_path: D:\2\WechatOCR\dist\img\~~~ocr.png, result_file: json\~~~ocr.png.json
2025-08-12 22:31:26,798 - INFO - 识别成功，img_path: D:\2\WechatOCR\dist\img\~~~ocr.png, result_file: json\~~~ocr.png.json
2025-08-12 22:31:26,825 - INFO - 识别成功，img_path: D:\2\WechatOCR\dist\img\~~~ocr.png, result_file: json\~~~ocr.png.json
2025-08-12 22:31:27,457 - INFO - 文本已保存到 text_save.txt
2025-08-12 22:31:27,464 - INFO - 已将文件内容复制到剪贴板。
2025-08-12 22:31:27,479 - INFO - 文本已保存到 text_save.txt
2025-08-12 22:31:27,486 - INFO - 已将文件内容复制到剪贴板。
2025-08-12 22:31:27,517 - INFO - 文本已保存到 text_save.txt
2025-08-12 22:31:27,526 - INFO - 已将文件内容复制到剪贴板。
2025-08-12 22:31:34,407 - INFO - 检测到 Ctrl+C
2025-08-12 22:31:34,418 - INFO - 剪切板中的图片已经保存
2025-08-12 22:31:34,419 - INFO - OCR识别任务已提交
2025-08-12 22:31:34,447 - INFO - 检测到 Ctrl+C
2025-08-12 22:31:34,457 - INFO - 剪切板中的图片已经保存
2025-08-12 22:31:34,458 - INFO - OCR识别任务已提交
2025-08-12 22:31:34,485 - INFO - 检测到 Ctrl+C
2025-08-12 22:31:34,495 - INFO - 剪切板中的图片已经保存
2025-08-12 22:31:34,496 - INFO - OCR识别任务已提交
2025-08-12 22:31:34,714 - INFO - 识别成功，img_path: D:\2\WechatOCR\dist\img\~~~ocr.png, result_file: json\~~~ocr.png.json
2025-08-12 22:31:34,768 - INFO - 识别成功，img_path: D:\2\WechatOCR\dist\img\~~~ocr.png, result_file: json\~~~ocr.png.json
2025-08-12 22:31:34,788 - INFO - 识别成功，img_path: D:\2\WechatOCR\dist\img\~~~ocr.png, result_file: json\~~~ocr.png.json
2025-08-12 22:31:35,420 - INFO - 文本已保存到 text_save.txt
2025-08-12 22:31:35,428 - INFO - 已将文件内容复制到剪贴板。
2025-08-12 22:31:35,458 - INFO - 文本已保存到 text_save.txt
2025-08-12 22:31:35,466 - INFO - 已将文件内容复制到剪贴板。
2025-08-12 22:31:35,496 - INFO - 文本已保存到 text_save.txt
2025-08-12 22:31:35,503 - INFO - 已将文件内容复制到剪贴板。
2025-08-12 22:31:43,490 - INFO - 检测到 Ctrl+C
2025-08-12 22:31:43,503 - INFO - 剪切板中的图片已经保存
2025-08-12 22:31:43,504 - INFO - OCR识别任务已提交
2025-08-12 22:31:43,526 - INFO - 检测到 Ctrl+C
2025-08-12 22:31:43,541 - INFO - 剪切板中的图片已经保存
2025-08-12 22:31:43,543 - INFO - OCR识别任务已提交
2025-08-12 22:31:43,553 - INFO - 检测到 Ctrl+C
2025-08-12 22:31:43,567 - INFO - 剪切板中的图片已经保存
2025-08-12 22:31:43,568 - INFO - OCR识别任务已提交
2025-08-12 22:31:43,820 - INFO - 识别成功，img_path: D:\2\WechatOCR\dist\img\~~~ocr.png, result_file: json\~~~ocr.png.json
2025-08-12 22:31:43,858 - INFO - 识别成功，img_path: D:\2\WechatOCR\dist\img\~~~ocr.png, result_file: json\~~~ocr.png.json
2025-08-12 22:31:43,866 - INFO - 识别成功，img_path: D:\2\WechatOCR\dist\img\~~~ocr.png, result_file: json\~~~ocr.png.json
2025-08-12 22:31:44,504 - INFO - 文本已保存到 text_save.txt
2025-08-12 22:31:44,512 - INFO - 已将文件内容复制到剪贴板。
2025-08-12 22:31:44,545 - INFO - 文本已保存到 text_save.txt
2025-08-12 22:31:44,552 - INFO - 已将文件内容复制到剪贴板。
2025-08-12 22:31:44,569 - INFO - 文本已保存到 text_save.txt
2025-08-12 22:31:44,577 - INFO - 已将文件内容复制到剪贴板。
2025-08-12 22:32:14,698 - INFO - 检测到 Ctrl+C
2025-08-12 22:32:14,709 - INFO - 剪切板中的图片已经保存
2025-08-12 22:32:14,709 - INFO - OCR识别任务已提交
2025-08-12 22:32:14,736 - INFO - 检测到 Ctrl+C
2025-08-12 22:32:14,749 - INFO - 剪切板中的图片已经保存
2025-08-12 22:32:14,749 - INFO - OCR识别任务已提交
2025-08-12 22:32:14,765 - INFO - 检测到 Ctrl+C
2025-08-12 22:32:14,778 - INFO - 剪切板中的图片已经保存
2025-08-12 22:32:14,779 - INFO - OCR识别任务已提交
2025-08-12 22:32:15,041 - INFO - 识别成功，img_path: D:\2\WechatOCR\dist\img\~~~ocr.png, result_file: json\~~~ocr.png.json
2025-08-12 22:32:15,076 - INFO - 识别成功，img_path: D:\2\WechatOCR\dist\img\~~~ocr.png, result_file: json\~~~ocr.png.json
2025-08-12 22:32:15,108 - INFO - 识别成功，img_path: D:\2\WechatOCR\dist\img\~~~ocr.png, result_file: json\~~~ocr.png.json
2025-08-12 22:32:15,710 - INFO - 文本已保存到 text_save.txt
2025-08-12 22:32:15,718 - INFO - 已将文件内容复制到剪贴板。
2025-08-12 22:32:15,750 - INFO - 文本已保存到 text_save.txt
2025-08-12 22:32:15,757 - INFO - 已将文件内容复制到剪贴板。
2025-08-12 22:32:15,779 - INFO - 文本已保存到 text_save.txt
2025-08-12 22:32:15,786 - INFO - 已将文件内容复制到剪贴板。
2025-08-12 22:32:24,007 - INFO - 检测到 Ctrl+C
2025-08-12 22:32:24,018 - INFO - 剪切板中的图片已经保存
2025-08-12 22:32:24,019 - INFO - OCR识别任务已提交
2025-08-12 22:32:24,040 - INFO - 检测到 Ctrl+C
2025-08-12 22:32:24,051 - INFO - 剪切板中的图片已经保存
2025-08-12 22:32:24,052 - INFO - OCR识别任务已提交
2025-08-12 22:32:24,263 - INFO - 识别成功，img_path: D:\2\WechatOCR\dist\img\~~~ocr.png, result_file: json\~~~ocr.png.json
2025-08-12 22:32:24,305 - INFO - 识别成功，img_path: D:\2\WechatOCR\dist\img\~~~ocr.png, result_file: json\~~~ocr.png.json
2025-08-12 22:32:25,019 - INFO - 文本已保存到 text_save.txt
2025-08-12 22:32:25,026 - INFO - 已将文件内容复制到剪贴板。
2025-08-12 22:32:25,053 - INFO - 文本已保存到 text_save.txt
2025-08-12 22:32:25,061 - INFO - 已将文件内容复制到剪贴板。
2025-08-12 22:32:32,579 - INFO - 检测到 Ctrl+C
2025-08-12 22:32:32,592 - INFO - 剪切板中的图片已经保存
2025-08-12 22:32:32,593 - INFO - OCR识别任务已提交
2025-08-12 22:32:32,608 - INFO - 检测到 Ctrl+C
2025-08-12 22:32:32,621 - INFO - 剪切板中的图片已经保存
2025-08-12 22:32:32,621 - INFO - OCR识别任务已提交
2025-08-12 22:32:32,649 - INFO - 检测到 Ctrl+C
2025-08-12 22:32:32,662 - INFO - 剪切板中的图片已经保存
2025-08-12 22:32:32,663 - INFO - OCR识别任务已提交
2025-08-12 22:32:32,941 - INFO - 识别成功，img_path: D:\2\WechatOCR\dist\img\~~~ocr.png, result_file: json\~~~ocr.png.json
2025-08-12 22:32:32,981 - INFO - 识别成功，img_path: D:\2\WechatOCR\dist\img\~~~ocr.png, result_file: json\~~~ocr.png.json
2025-08-12 22:32:33,000 - INFO - 识别成功，img_path: D:\2\WechatOCR\dist\img\~~~ocr.png, result_file: json\~~~ocr.png.json
2025-08-12 22:32:33,594 - INFO - 文本已保存到 text_save.txt
2025-08-12 22:32:33,601 - INFO - 已将文件内容复制到剪贴板。
2025-08-12 22:32:33,622 - INFO - 文本已保存到 text_save.txt
2025-08-12 22:32:33,632 - INFO - 已将文件内容复制到剪贴板。
2025-08-12 22:32:33,664 - INFO - 文本已保存到 text_save.txt
2025-08-12 22:32:33,672 - INFO - 已将文件内容复制到剪贴板。
2025-08-12 22:32:40,954 - INFO - 检测到 Ctrl+C
2025-08-12 22:32:40,963 - INFO - 剪切板中的图片已经保存
2025-08-12 22:32:40,964 - INFO - OCR识别任务已提交
2025-08-12 22:32:40,989 - INFO - 检测到 Ctrl+C
2025-08-12 22:32:40,998 - INFO - 剪切板中的图片已经保存
2025-08-12 22:32:40,999 - INFO - OCR识别任务已提交
2025-08-12 22:32:41,025 - INFO - 检测到 Ctrl+C
2025-08-12 22:32:41,036 - INFO - 剪切板中的图片已经保存
2025-08-12 22:32:41,037 - INFO - OCR识别任务已提交
2025-08-12 22:32:41,294 - INFO - 识别成功，img_path: D:\2\WechatOCR\dist\img\~~~ocr.png, result_file: json\~~~ocr.png.json
2025-08-12 22:32:41,333 - INFO - 识别成功，img_path: D:\2\WechatOCR\dist\img\~~~ocr.png, result_file: json\~~~ocr.png.json
2025-08-12 22:32:41,373 - INFO - 识别成功，img_path: D:\2\WechatOCR\dist\img\~~~ocr.png, result_file: json\~~~ocr.png.json
2025-08-12 22:32:41,965 - INFO - 文本已保存到 text_save.txt
2025-08-12 22:32:41,973 - INFO - 已将文件内容复制到剪贴板。
2025-08-12 22:32:41,999 - INFO - 文本已保存到 text_save.txt
2025-08-12 22:32:42,007 - INFO - 已将文件内容复制到剪贴板。
2025-08-12 22:32:42,038 - INFO - 文本已保存到 text_save.txt
2025-08-12 22:32:42,046 - INFO - 已将文件内容复制到剪贴板。
2025-08-12 22:32:50,530 - INFO - 检测到 Ctrl+C
2025-08-12 22:32:50,543 - INFO - 剪切板中的图片已经保存
2025-08-12 22:32:50,543 - INFO - OCR识别任务已提交
2025-08-12 22:32:50,571 - INFO - 检测到 Ctrl+C
2025-08-12 22:32:50,581 - INFO - 剪切板中的图片已经保存
2025-08-12 22:32:50,582 - INFO - OCR识别任务已提交
2025-08-12 22:32:50,800 - INFO - 识别成功，img_path: D:\2\WechatOCR\dist\img\~~~ocr.png, result_file: json\~~~ocr.png.json
2025-08-12 22:32:50,846 - INFO - 识别成功，img_path: D:\2\WechatOCR\dist\img\~~~ocr.png, result_file: json\~~~ocr.png.json
2025-08-12 22:32:51,544 - INFO - 文本已保存到 text_save.txt
2025-08-12 22:32:51,552 - INFO - 已将文件内容复制到剪贴板。
2025-08-12 22:32:51,583 - INFO - 文本已保存到 text_save.txt
2025-08-12 22:32:51,591 - INFO - 已将文件内容复制到剪贴板。
2025-08-12 22:32:56,805 - INFO - 检测到 Ctrl+C
2025-08-12 22:32:56,809 - INFO - 剪切板中的图片已经保存
2025-08-12 22:32:56,810 - INFO - OCR识别任务已提交
2025-08-12 22:32:56,812 - INFO - 检测到 Ctrl+C
2025-08-12 22:32:56,817 - INFO - 剪切板中的图片已经保存
2025-08-12 22:32:56,817 - INFO - OCR识别任务已提交
2025-08-12 22:32:56,867 - INFO - 检测到 Ctrl+C
2025-08-12 22:32:56,872 - INFO - 剪切板中的图片已经保存
2025-08-12 22:32:56,872 - INFO - OCR识别任务已提交
2025-08-12 22:32:57,044 - INFO - 识别成功，img_path: D:\2\WechatOCR\dist\img\~~~ocr.png, result_file: json\~~~ocr.png.json
2025-08-12 22:32:57,050 - INFO - 识别成功，img_path: D:\2\WechatOCR\dist\img\~~~ocr.png, result_file: json\~~~ocr.png.json
2025-08-12 22:32:57,099 - INFO - 识别成功，img_path: D:\2\WechatOCR\dist\img\~~~ocr.png, result_file: json\~~~ocr.png.json
2025-08-12 22:32:57,810 - INFO - 文本已保存到 text_save.txt
2025-08-12 22:32:57,818 - INFO - 文本已保存到 text_save.txt
2025-08-12 22:32:57,823 - INFO - 已将文件内容复制到剪贴板。
2025-08-12 22:32:57,831 - INFO - 已将文件内容复制到剪贴板。
2025-08-12 22:32:57,873 - INFO - 文本已保存到 text_save.txt
2025-08-12 22:32:57,881 - INFO - 已将文件内容复制到剪贴板。
2025-08-12 22:33:09,013 - INFO - 检测到 Ctrl+C
2025-08-12 22:33:09,015 - INFO - 剪切板中的图片已经保存
2025-08-12 22:33:09,015 - INFO - OCR识别任务已提交
2025-08-12 22:33:09,056 - INFO - 检测到 Ctrl+C
2025-08-12 22:33:09,057 - INFO - 剪切板中的图片已经保存
2025-08-12 22:33:09,058 - INFO - OCR识别任务已提交
2025-08-12 22:33:09,070 - INFO - 检测到 Ctrl+C
2025-08-12 22:33:09,070 - INFO - 剪切板中的图片已经保存
2025-08-12 22:33:09,071 - INFO - OCR识别任务已提交
2025-08-12 22:33:09,086 - INFO - 识别成功，img_path: D:\2\WechatOCR\dist\img\~~~ocr.png, result_file: json\~~~ocr.png.json
2025-08-12 22:33:09,128 - INFO - 识别成功，img_path: D:\2\WechatOCR\dist\img\~~~ocr.png, result_file: json\~~~ocr.png.json
2025-08-12 22:33:09,137 - INFO - 识别成功，img_path: D:\2\WechatOCR\dist\img\~~~ocr.png, result_file: json\~~~ocr.png.json
2025-08-12 22:33:10,017 - INFO - 文本已保存到 text_save.txt
2025-08-12 22:33:10,024 - INFO - 已将文件内容复制到剪贴板。
2025-08-12 22:33:10,058 - INFO - 文本已保存到 text_save.txt
2025-08-12 22:33:10,065 - INFO - 已将文件内容复制到剪贴板。
2025-08-12 22:33:10,072 - INFO - 文本已保存到 text_save.txt
2025-08-12 22:33:10,081 - INFO - 已将文件内容复制到剪贴板。
2025-08-12 22:33:27,773 - INFO - 检测到 Ctrl+C
2025-08-12 22:33:27,786 - INFO - 剪切板中的图片已经保存
2025-08-12 22:33:27,787 - INFO - OCR识别任务已提交
2025-08-12 22:33:27,817 - INFO - 检测到 Ctrl+C
2025-08-12 22:33:27,826 - INFO - 剪切板中的图片已经保存
2025-08-12 22:33:27,827 - INFO - OCR识别任务已提交
2025-08-12 22:33:27,833 - INFO - 检测到 Ctrl+C
2025-08-12 22:33:27,847 - INFO - 剪切板中的图片已经保存
2025-08-12 22:33:27,848 - INFO - OCR识别任务已提交
2025-08-12 22:33:28,156 - INFO - 识别成功，img_path: D:\2\WechatOCR\dist\img\~~~ocr.png, result_file: json\~~~ocr.png.json
2025-08-12 22:33:28,209 - INFO - 识别成功，img_path: D:\2\WechatOCR\dist\img\~~~ocr.png, result_file: json\~~~ocr.png.json
2025-08-12 22:33:28,209 - INFO - 识别成功，img_path: D:\2\WechatOCR\dist\img\~~~ocr.png, result_file: json\~~~ocr.png.json
2025-08-12 22:33:28,788 - ERROR - 保存文本失败
Traceback (most recent call last):
  File "main.py", line 45, in save_text
  File "json\__init__.py", line 293, in load
  File "json\__init__.py", line 346, in loads
  File "json\decoder.py", line 341, in decode
json.decoder.JSONDecodeError: Extra data: line 161 column 2 (char 3120)
2025-08-12 22:33:28,796 - INFO - 已将文件内容复制到剪贴板。
2025-08-12 22:33:28,828 - ERROR - 保存文本失败
Traceback (most recent call last):
  File "main.py", line 45, in save_text
  File "json\__init__.py", line 293, in load
  File "json\__init__.py", line 346, in loads
  File "json\decoder.py", line 341, in decode
json.decoder.JSONDecodeError: Extra data: line 161 column 2 (char 3120)
2025-08-12 22:33:28,835 - INFO - 已将文件内容复制到剪贴板。
2025-08-12 22:33:28,848 - ERROR - 保存文本失败
Traceback (most recent call last):
  File "main.py", line 45, in save_text
  File "json\__init__.py", line 293, in load
  File "json\__init__.py", line 346, in loads
  File "json\decoder.py", line 341, in decode
json.decoder.JSONDecodeError: Extra data: line 161 column 2 (char 3120)
2025-08-12 22:33:28,856 - INFO - 已将文件内容复制到剪贴板。
2025-08-12 22:33:36,417 - INFO - 检测到 Ctrl+C
2025-08-12 22:33:36,431 - INFO - 剪切板中的图片已经保存
2025-08-12 22:33:36,432 - INFO - OCR识别任务已提交
2025-08-12 22:33:36,455 - INFO - 检测到 Ctrl+C
2025-08-12 22:33:36,469 - INFO - 剪切板中的图片已经保存
2025-08-12 22:33:36,469 - INFO - OCR识别任务已提交
2025-08-12 22:33:36,479 - INFO - 检测到 Ctrl+C
2025-08-12 22:33:36,492 - INFO - 剪切板中的图片已经保存
2025-08-12 22:33:36,493 - INFO - OCR识别任务已提交
2025-08-12 22:33:36,771 - INFO - 识别成功，img_path: D:\2\WechatOCR\dist\img\~~~ocr.png, result_file: json\~~~ocr.png.json
2025-08-12 22:33:36,811 - INFO - 识别成功，img_path: D:\2\WechatOCR\dist\img\~~~ocr.png, result_file: json\~~~ocr.png.json
2025-08-12 22:33:36,831 - INFO - 识别成功，img_path: D:\2\WechatOCR\dist\img\~~~ocr.png, result_file: json\~~~ocr.png.json
2025-08-12 22:33:37,432 - INFO - 文本已保存到 text_save.txt
2025-08-12 22:33:37,443 - INFO - 已将文件内容复制到剪贴板。
2025-08-12 22:33:37,470 - INFO - 文本已保存到 text_save.txt
2025-08-12 22:33:37,479 - INFO - 已将文件内容复制到剪贴板。
2025-08-12 22:33:37,493 - INFO - 文本已保存到 text_save.txt
2025-08-12 22:33:37,501 - INFO - 已将文件内容复制到剪贴板。
2025-08-12 22:33:48,210 - INFO - 检测到 Ctrl+C
2025-08-12 22:33:48,222 - INFO - 剪切板中的图片已经保存
2025-08-12 22:33:48,223 - INFO - OCR识别任务已提交
2025-08-12 22:33:48,233 - INFO - 检测到 Ctrl+C
2025-08-12 22:33:48,244 - INFO - 剪切板中的图片已经保存
2025-08-12 22:33:48,244 - INFO - OCR识别任务已提交
2025-08-12 22:33:48,536 - INFO - 识别成功，img_path: D:\2\WechatOCR\dist\img\~~~ocr.png, result_file: json\~~~ocr.png.json
2025-08-12 22:33:48,542 - INFO - 识别成功，img_path: D:\2\WechatOCR\dist\img\~~~ocr.png, result_file: json\~~~ocr.png.json
2025-08-12 22:33:49,223 - INFO - 文本已保存到 text_save.txt
2025-08-12 22:33:49,232 - INFO - 已将文件内容复制到剪贴板。
2025-08-12 22:33:49,245 - INFO - 文本已保存到 text_save.txt
2025-08-12 22:33:49,253 - INFO - 已将文件内容复制到剪贴板。
2025-08-12 22:33:58,360 - INFO - 检测到 Ctrl+C
2025-08-12 22:33:58,373 - INFO - 剪切板中的图片已经保存
2025-08-12 22:33:58,374 - INFO - OCR识别任务已提交
2025-08-12 22:33:58,379 - INFO - 检测到 Ctrl+C
2025-08-12 22:33:58,391 - INFO - 剪切板中的图片已经保存
2025-08-12 22:33:58,392 - INFO - OCR识别任务已提交
2025-08-12 22:33:58,408 - INFO - 检测到 Ctrl+C
2025-08-12 22:33:58,422 - INFO - 剪切板中的图片已经保存
2025-08-12 22:33:58,422 - INFO - OCR识别任务已提交
2025-08-12 22:33:58,743 - INFO - 识别成功，img_path: D:\2\WechatOCR\dist\img\~~~ocr.png, result_file: json\~~~ocr.png.json
2025-08-12 22:33:58,759 - INFO - 识别成功，img_path: D:\2\WechatOCR\dist\img\~~~ocr.png, result_file: json\~~~ocr.png.json
2025-08-12 22:33:58,797 - INFO - 识别成功，img_path: D:\2\WechatOCR\dist\img\~~~ocr.png, result_file: json\~~~ocr.png.json
2025-08-12 22:33:59,375 - INFO - 文本已保存到 text_save.txt
2025-08-12 22:33:59,383 - INFO - 已将文件内容复制到剪贴板。
2025-08-12 22:33:59,392 - INFO - 文本已保存到 text_save.txt
2025-08-12 22:33:59,402 - INFO - 已将文件内容复制到剪贴板。
2025-08-12 22:33:59,423 - INFO - 文本已保存到 text_save.txt
2025-08-12 22:33:59,432 - INFO - 已将文件内容复制到剪贴板。
2025-08-12 22:34:20,542 - INFO - 检测到 Ctrl+C
2025-08-12 22:34:20,557 - INFO - 剪切板中的图片已经保存
2025-08-12 22:34:20,557 - INFO - OCR识别任务已提交
2025-08-12 22:34:20,563 - INFO - 检测到 Ctrl+C
2025-08-12 22:34:20,577 - INFO - 剪切板中的图片已经保存
2025-08-12 22:34:20,577 - INFO - OCR识别任务已提交
2025-08-12 22:34:20,599 - INFO - 检测到 Ctrl+C
2025-08-12 22:34:20,612 - INFO - 剪切板中的图片已经保存
2025-08-12 22:34:20,613 - INFO - OCR识别任务已提交
2025-08-12 22:34:20,865 - INFO - 识别成功，img_path: D:\2\WechatOCR\dist\img\~~~ocr.png, result_file: json\~~~ocr.png.json
2025-08-12 22:34:20,885 - INFO - 识别成功，img_path: D:\2\WechatOCR\dist\img\~~~ocr.png, result_file: json\~~~ocr.png.json
2025-08-12 22:34:20,918 - INFO - 识别成功，img_path: D:\2\WechatOCR\dist\img\~~~ocr.png, result_file: json\~~~ocr.png.json
2025-08-12 22:34:21,558 - INFO - 文本已保存到 text_save.txt
2025-08-12 22:34:21,566 - INFO - 已将文件内容复制到剪贴板。
2025-08-12 22:34:21,578 - INFO - 文本已保存到 text_save.txt
2025-08-12 22:34:21,586 - INFO - 已将文件内容复制到剪贴板。
2025-08-12 22:34:21,614 - INFO - 文本已保存到 text_save.txt
2025-08-12 22:34:21,631 - INFO - 已将文件内容复制到剪贴板。
2025-08-12 22:34:30,514 - INFO - 检测到 Ctrl+C
2025-08-12 22:34:30,527 - INFO - 剪切板中的图片已经保存
2025-08-12 22:34:30,528 - INFO - OCR识别任务已提交
2025-08-12 22:34:30,558 - INFO - 检测到 Ctrl+C
2025-08-12 22:34:30,569 - INFO - 剪切板中的图片已经保存
2025-08-12 22:34:30,569 - INFO - OCR识别任务已提交
2025-08-12 22:34:30,594 - INFO - 检测到 Ctrl+C
2025-08-12 22:34:30,608 - INFO - 剪切板中的图片已经保存
2025-08-12 22:34:30,608 - INFO - OCR识别任务已提交
2025-08-12 22:34:30,857 - INFO - 识别成功，img_path: D:\2\WechatOCR\dist\img\~~~ocr.png, result_file: json\~~~ocr.png.json
2025-08-12 22:34:30,913 - INFO - 识别成功，img_path: D:\2\WechatOCR\dist\img\~~~ocr.png, result_file: json\~~~ocr.png.json
2025-08-12 22:34:30,930 - INFO - 识别成功，img_path: D:\2\WechatOCR\dist\img\~~~ocr.png, result_file: json\~~~ocr.png.json
2025-08-12 22:34:31,529 - INFO - 文本已保存到 text_save.txt
2025-08-12 22:34:31,537 - INFO - 已将文件内容复制到剪贴板。
2025-08-12 22:34:31,570 - INFO - 文本已保存到 text_save.txt
2025-08-12 22:34:31,578 - INFO - 已将文件内容复制到剪贴板。
2025-08-12 22:34:31,609 - INFO - 文本已保存到 text_save.txt
2025-08-12 22:34:31,617 - INFO - 已将文件内容复制到剪贴板。
2025-08-12 22:35:00,699 - INFO - 检测到 Ctrl+C
2025-08-12 22:35:00,710 - INFO - 剪切板中的图片已经保存
2025-08-12 22:35:00,710 - INFO - OCR识别任务已提交
2025-08-12 22:35:00,714 - INFO - 检测到 Ctrl+C
2025-08-12 22:35:00,762 - INFO - 检测到 Ctrl+C
2025-08-12 22:35:00,774 - INFO - 剪切板中的图片已经保存
2025-08-12 22:35:00,774 - INFO - OCR识别任务已提交
2025-08-12 22:35:00,992 - INFO - 识别成功，img_path: D:\2\WechatOCR\dist\img\~~~ocr.png, result_file: json\~~~ocr.png.json
2025-08-12 22:35:01,054 - INFO - 识别成功，img_path: D:\2\WechatOCR\dist\img\~~~ocr.png, result_file: json\~~~ocr.png.json
2025-08-12 22:35:01,227 - INFO - 剪切板中的图片已经保存
2025-08-12 22:35:01,228 - INFO - OCR识别任务已提交
2025-08-12 22:35:01,455 - INFO - 识别成功，img_path: D:\2\WechatOCR\dist\img\~~~ocr.png, result_file: json\~~~ocr.png.json
2025-08-12 22:35:01,712 - INFO - 文本已保存到 text_save.txt
2025-08-12 22:35:01,721 - INFO - 已将文件内容复制到剪贴板。
2025-08-12 22:35:01,775 - INFO - 文本已保存到 text_save.txt
2025-08-12 22:35:01,782 - INFO - 已将文件内容复制到剪贴板。
2025-08-12 22:35:02,229 - INFO - 文本已保存到 text_save.txt
2025-08-12 22:35:02,236 - INFO - 已将文件内容复制到剪贴板。
2025-08-12 22:35:11,248 - INFO - 检测到 Ctrl+C
2025-08-12 22:35:11,261 - INFO - 检测到 Ctrl+C
2025-08-12 22:35:11,262 - INFO - 剪切板中的图片已经保存
2025-08-12 22:35:11,262 - INFO - OCR识别任务已提交
2025-08-12 22:35:11,275 - INFO - 剪切板中的图片已经保存
2025-08-12 22:35:11,275 - INFO - OCR识别任务已提交
2025-08-12 22:35:11,309 - INFO - 检测到 Ctrl+C
2025-08-12 22:35:11,323 - INFO - 剪切板中的图片已经保存
2025-08-12 22:35:11,324 - INFO - OCR识别任务已提交
2025-08-12 22:35:11,643 - INFO - 识别成功，img_path: D:\2\WechatOCR\dist\img\~~~ocr.png, result_file: json\~~~ocr.png.json
2025-08-12 22:35:11,648 - INFO - 识别成功，img_path: D:\2\WechatOCR\dist\img\~~~ocr.png, result_file: json\~~~ocr.png.json
2025-08-12 22:35:11,686 - INFO - 识别成功，img_path: D:\2\WechatOCR\dist\img\~~~ocr.png, result_file: json\~~~ocr.png.json
2025-08-12 22:35:12,263 - INFO - 文本已保存到 text_save.txt
2025-08-12 22:35:12,270 - INFO - 已将文件内容复制到剪贴板。
2025-08-12 22:35:12,276 - INFO - 文本已保存到 text_save.txt
2025-08-12 22:35:12,285 - INFO - 已将文件内容复制到剪贴板。
2025-08-12 22:35:12,325 - INFO - 文本已保存到 text_save.txt
2025-08-12 22:35:12,332 - INFO - 已将文件内容复制到剪贴板。
2025-08-12 22:35:19,790 - INFO - 检测到 Ctrl+C
2025-08-12 22:35:19,801 - INFO - 剪切板中的图片已经保存
2025-08-12 22:35:19,801 - INFO - OCR识别任务已提交
2025-08-12 22:35:19,806 - INFO - 检测到 Ctrl+C
2025-08-12 22:35:19,818 - INFO - 剪切板中的图片已经保存
2025-08-12 22:35:19,819 - INFO - OCR识别任务已提交
2025-08-12 22:35:19,852 - INFO - 检测到 Ctrl+C
2025-08-12 22:35:19,864 - INFO - 剪切板中的图片已经保存
2025-08-12 22:35:19,865 - INFO - OCR识别任务已提交
2025-08-12 22:35:20,094 - INFO - 识别成功，img_path: D:\2\WechatOCR\dist\img\~~~ocr.png, result_file: json\~~~ocr.png.json
2025-08-12 22:35:20,099 - INFO - 识别成功，img_path: D:\2\WechatOCR\dist\img\~~~ocr.png, result_file: json\~~~ocr.png.json
2025-08-12 22:35:20,138 - INFO - 识别成功，img_path: D:\2\WechatOCR\dist\img\~~~ocr.png, result_file: json\~~~ocr.png.json
2025-08-12 22:35:20,802 - INFO - 文本已保存到 text_save.txt
2025-08-12 22:35:20,810 - INFO - 已将文件内容复制到剪贴板。
2025-08-12 22:35:20,820 - INFO - 文本已保存到 text_save.txt
2025-08-12 22:35:20,831 - INFO - 已将文件内容复制到剪贴板。
2025-08-12 22:35:20,866 - INFO - 文本已保存到 text_save.txt
2025-08-12 22:35:20,873 - INFO - 已将文件内容复制到剪贴板。
2025-08-12 22:35:32,007 - INFO - 检测到 Ctrl+C
2025-08-12 22:35:32,016 - INFO - 剪切板中的图片已经保存
2025-08-12 22:35:32,016 - INFO - OCR识别任务已提交
2025-08-12 22:35:32,048 - INFO - 检测到 Ctrl+C
2025-08-12 22:35:32,057 - INFO - 剪切板中的图片已经保存
2025-08-12 22:35:32,058 - INFO - OCR识别任务已提交
2025-08-12 22:35:32,063 - INFO - 检测到 Ctrl+C
2025-08-12 22:35:32,076 - INFO - 剪切板中的图片已经保存
2025-08-12 22:35:32,076 - INFO - OCR识别任务已提交
2025-08-12 22:35:32,393 - INFO - 识别成功，img_path: D:\2\WechatOCR\dist\img\~~~ocr.png, result_file: json\~~~ocr.png.json
2025-08-12 22:35:32,426 - INFO - 识别成功，img_path: D:\2\WechatOCR\dist\img\~~~ocr.png, result_file: json\~~~ocr.png.json
2025-08-12 22:35:32,430 - INFO - 识别成功，img_path: D:\2\WechatOCR\dist\img\~~~ocr.png, result_file: json\~~~ocr.png.json
2025-08-12 22:35:33,017 - INFO - 文本已保存到 text_save.txt
2025-08-12 22:35:33,025 - INFO - 已将文件内容复制到剪贴板。
2025-08-12 22:35:33,059 - INFO - 文本已保存到 text_save.txt
2025-08-12 22:35:33,066 - INFO - 已将文件内容复制到剪贴板。
2025-08-12 22:35:33,078 - INFO - 文本已保存到 text_save.txt
2025-08-12 22:35:33,085 - INFO - 已将文件内容复制到剪贴板。
2025-08-12 22:35:57,339 - INFO - 检测到 Ctrl+C
2025-08-12 22:35:57,352 - INFO - 剪切板中的图片已经保存
2025-08-12 22:35:57,352 - INFO - OCR识别任务已提交
2025-08-12 22:35:57,354 - INFO - 检测到 Ctrl+C
2025-08-12 22:35:57,367 - INFO - 剪切板中的图片已经保存
2025-08-12 22:35:57,367 - INFO - OCR识别任务已提交
2025-08-12 22:35:57,395 - INFO - 检测到 Ctrl+C
2025-08-12 22:35:57,409 - INFO - 剪切板中的图片已经保存
2025-08-12 22:35:57,409 - INFO - OCR识别任务已提交
2025-08-12 22:35:57,754 - INFO - 识别成功，img_path: D:\2\WechatOCR\dist\img\~~~ocr.png, result_file: json\~~~ocr.png.json
2025-08-12 22:35:57,759 - INFO - 识别成功，img_path: D:\2\WechatOCR\dist\img\~~~ocr.png, result_file: json\~~~ocr.png.json
2025-08-12 22:35:57,812 - INFO - 识别成功，img_path: D:\2\WechatOCR\dist\img\~~~ocr.png, result_file: json\~~~ocr.png.json
2025-08-12 22:35:58,354 - INFO - 文本已保存到 text_save.txt
2025-08-12 22:35:58,361 - INFO - 已将文件内容复制到剪贴板。
2025-08-12 22:35:58,367 - INFO - 文本已保存到 text_save.txt
2025-08-12 22:35:58,377 - INFO - 已将文件内容复制到剪贴板。
2025-08-12 22:35:58,410 - INFO - 文本已保存到 text_save.txt
2025-08-12 22:35:58,417 - INFO - 已将文件内容复制到剪贴板。
2025-08-12 22:36:05,283 - INFO - 检测到 Ctrl+C
2025-08-12 22:36:05,297 - INFO - 检测到 Ctrl+C
2025-08-12 22:36:05,297 - INFO - 剪切板中的图片已经保存
2025-08-12 22:36:05,297 - INFO - OCR识别任务已提交
2025-08-12 22:36:05,310 - INFO - 剪切板中的图片已经保存
2025-08-12 22:36:05,311 - INFO - OCR识别任务已提交
2025-08-12 22:36:05,341 - INFO - 检测到 Ctrl+C
2025-08-12 22:36:05,353 - INFO - 剪切板中的图片已经保存
2025-08-12 22:36:05,354 - INFO - OCR识别任务已提交
2025-08-12 22:36:05,695 - INFO - 识别成功，img_path: D:\2\WechatOCR\dist\img\~~~ocr.png, result_file: json\~~~ocr.png.json
2025-08-12 22:36:05,710 - INFO - 识别成功，img_path: D:\2\WechatOCR\dist\img\~~~ocr.png, result_file: json\~~~ocr.png.json
2025-08-12 22:36:05,737 - INFO - 识别成功，img_path: D:\2\WechatOCR\dist\img\~~~ocr.png, result_file: json\~~~ocr.png.json
2025-08-12 22:36:06,298 - INFO - 文本已保存到 text_save.txt
2025-08-12 22:36:06,306 - INFO - 已将文件内容复制到剪贴板。
2025-08-12 22:36:06,312 - INFO - 文本已保存到 text_save.txt
2025-08-12 22:36:06,321 - INFO - 已将文件内容复制到剪贴板。
2025-08-12 22:36:06,355 - INFO - 文本已保存到 text_save.txt
2025-08-12 22:36:06,362 - INFO - 已将文件内容复制到剪贴板。
2025-08-12 22:36:14,227 - INFO - 检测到 Ctrl+C
2025-08-12 22:36:14,241 - INFO - 剪切板中的图片已经保存
2025-08-12 22:36:14,241 - INFO - OCR识别任务已提交
2025-08-12 22:36:14,244 - INFO - 检测到 Ctrl+C
2025-08-12 22:36:14,257 - INFO - 剪切板中的图片已经保存
2025-08-12 22:36:14,258 - INFO - OCR识别任务已提交
2025-08-12 22:36:14,287 - INFO - 检测到 Ctrl+C
2025-08-12 22:36:14,298 - INFO - 剪切板中的图片已经保存
2025-08-12 22:36:14,299 - INFO - OCR识别任务已提交
2025-08-12 22:36:14,613 - INFO - 识别成功，img_path: D:\2\WechatOCR\dist\img\~~~ocr.png, result_file: json\~~~ocr.png.json
2025-08-12 22:36:14,637 - INFO - 识别成功，img_path: D:\2\WechatOCR\dist\img\~~~ocr.png, result_file: json\~~~ocr.png.json
2025-08-12 22:36:14,672 - INFO - 识别成功，img_path: D:\2\WechatOCR\dist\img\~~~ocr.png, result_file: json\~~~ocr.png.json
2025-08-12 22:36:15,242 - INFO - 文本已保存到 text_save.txt
2025-08-12 22:36:15,249 - INFO - 已将文件内容复制到剪贴板。
2025-08-12 22:36:15,258 - INFO - 文本已保存到 text_save.txt
2025-08-12 22:36:15,266 - INFO - 已将文件内容复制到剪贴板。
2025-08-12 22:36:15,299 - INFO - 文本已保存到 text_save.txt
2025-08-12 22:36:15,307 - INFO - 已将文件内容复制到剪贴板。
2025-08-12 22:36:23,030 - INFO - 检测到 Ctrl+C
2025-08-12 22:36:23,041 - INFO - 剪切板中的图片已经保存
2025-08-12 22:36:23,041 - INFO - OCR识别任务已提交
2025-08-12 22:36:23,070 - INFO - 检测到 Ctrl+C
2025-08-12 22:36:23,081 - INFO - 剪切板中的图片已经保存
2025-08-12 22:36:23,081 - INFO - OCR识别任务已提交
2025-08-12 22:36:23,087 - INFO - 检测到 Ctrl+C
2025-08-12 22:36:23,100 - INFO - 剪切板中的图片已经保存
2025-08-12 22:36:23,100 - INFO - OCR识别任务已提交
2025-08-12 22:36:23,415 - INFO - 识别成功，img_path: D:\2\WechatOCR\dist\img\~~~ocr.png, result_file: json\~~~ocr.png.json
2025-08-12 22:36:23,464 - INFO - 识别成功，img_path: D:\2\WechatOCR\dist\img\~~~ocr.png, result_file: json\~~~ocr.png.json
2025-08-12 22:36:23,504 - INFO - 识别成功，img_path: D:\2\WechatOCR\dist\img\~~~ocr.png, result_file: json\~~~ocr.png.json
2025-08-12 22:36:24,042 - INFO - 文本已保存到 text_save.txt
2025-08-12 22:36:24,050 - INFO - 已将文件内容复制到剪贴板。
2025-08-12 22:36:24,082 - INFO - 文本已保存到 text_save.txt
2025-08-12 22:36:24,089 - INFO - 已将文件内容复制到剪贴板。
2025-08-12 22:36:24,101 - INFO - 文本已保存到 text_save.txt
2025-08-12 22:36:24,109 - INFO - 已将文件内容复制到剪贴板。
2025-08-12 22:36:31,632 - INFO - 检测到 Ctrl+C
2025-08-12 22:36:31,644 - INFO - 剪切板中的图片已经保存
2025-08-12 22:36:31,644 - INFO - OCR识别任务已提交
2025-08-12 22:36:31,673 - INFO - 检测到 Ctrl+C
2025-08-12 22:36:31,686 - INFO - 剪切板中的图片已经保存
2025-08-12 22:36:31,686 - INFO - OCR识别任务已提交
2025-08-12 22:36:31,712 - INFO - 检测到 Ctrl+C
2025-08-12 22:36:31,727 - INFO - 剪切板中的图片已经保存
2025-08-12 22:36:31,727 - INFO - OCR识别任务已提交
2025-08-12 22:36:31,998 - INFO - 识别成功，img_path: D:\2\WechatOCR\dist\img\~~~ocr.png, result_file: json\~~~ocr.png.json
2025-08-12 22:36:32,043 - INFO - 识别成功，img_path: D:\2\WechatOCR\dist\img\~~~ocr.png, result_file: json\~~~ocr.png.json
2025-08-12 22:36:32,079 - INFO - 识别成功，img_path: D:\2\WechatOCR\dist\img\~~~ocr.png, result_file: json\~~~ocr.png.json
2025-08-12 22:36:32,645 - INFO - 文本已保存到 text_save.txt
2025-08-12 22:36:32,653 - INFO - 已将文件内容复制到剪贴板。
2025-08-12 22:36:32,688 - INFO - 文本已保存到 text_save.txt
2025-08-12 22:36:32,695 - INFO - 已将文件内容复制到剪贴板。
2025-08-12 22:36:32,728 - INFO - 文本已保存到 text_save.txt
2025-08-12 22:36:32,734 - INFO - 已将文件内容复制到剪贴板。
2025-08-12 22:36:43,426 - INFO - 检测到 Ctrl+C
2025-08-12 22:36:43,439 - INFO - 剪切板中的图片已经保存
2025-08-12 22:36:43,440 - INFO - OCR识别任务已提交
2025-08-12 22:36:43,465 - INFO - 检测到 Ctrl+C
2025-08-12 22:36:43,476 - INFO - 剪切板中的图片已经保存
2025-08-12 22:36:43,477 - INFO - OCR识别任务已提交
2025-08-12 22:36:43,482 - INFO - 检测到 Ctrl+C
2025-08-12 22:36:43,497 - INFO - 剪切板中的图片已经保存
2025-08-12 22:36:43,498 - INFO - OCR识别任务已提交
2025-08-12 22:36:43,832 - INFO - 识别成功，img_path: D:\2\WechatOCR\dist\img\~~~ocr.png, result_file: json\~~~ocr.png.json
2025-08-12 22:36:43,885 - INFO - 识别成功，img_path: D:\2\WechatOCR\dist\img\~~~ocr.png, result_file: json\~~~ocr.png.json
2025-08-12 22:36:43,906 - INFO - 识别成功，img_path: D:\2\WechatOCR\dist\img\~~~ocr.png, result_file: json\~~~ocr.png.json
2025-08-12 22:36:44,441 - INFO - 文本已保存到 text_save.txt
2025-08-12 22:36:44,449 - INFO - 已将文件内容复制到剪贴板。
2025-08-12 22:36:44,477 - INFO - 文本已保存到 text_save.txt
2025-08-12 22:36:44,484 - INFO - 已将文件内容复制到剪贴板。
2025-08-12 22:36:44,499 - INFO - 文本已保存到 text_save.txt
2025-08-12 22:36:44,506 - INFO - 已将文件内容复制到剪贴板。
2025-08-12 22:36:52,714 - INFO - 检测到 Ctrl+C
2025-08-12 22:36:52,725 - INFO - 剪切板中的图片已经保存
2025-08-12 22:36:52,725 - INFO - OCR识别任务已提交
2025-08-12 22:36:52,729 - INFO - 检测到 Ctrl+C
2025-08-12 22:36:52,742 - INFO - 剪切板中的图片已经保存
2025-08-12 22:36:52,742 - INFO - OCR识别任务已提交
2025-08-12 22:36:52,775 - INFO - 检测到 Ctrl+C
2025-08-12 22:36:52,786 - INFO - 剪切板中的图片已经保存
2025-08-12 22:36:52,787 - INFO - OCR识别任务已提交
2025-08-12 22:36:53,093 - INFO - 识别成功，img_path: D:\2\WechatOCR\dist\img\~~~ocr.png, result_file: json\~~~ocr.png.json
2025-08-12 22:36:53,116 - INFO - 识别成功，img_path: D:\2\WechatOCR\dist\img\~~~ocr.png, result_file: json\~~~ocr.png.json
2025-08-12 22:36:53,158 - INFO - 识别成功，img_path: D:\2\WechatOCR\dist\img\~~~ocr.png, result_file: json\~~~ocr.png.json
2025-08-12 22:36:53,726 - INFO - 文本已保存到 text_save.txt
2025-08-12 22:36:53,734 - INFO - 已将文件内容复制到剪贴板。
2025-08-12 22:36:53,744 - INFO - 文本已保存到 text_save.txt
2025-08-12 22:36:53,753 - INFO - 已将文件内容复制到剪贴板。
2025-08-12 22:36:53,788 - INFO - 文本已保存到 text_save.txt
2025-08-12 22:36:53,795 - INFO - 已将文件内容复制到剪贴板。
2025-08-12 22:37:00,315 - INFO - 检测到 Ctrl+C
2025-08-12 22:37:00,327 - INFO - 剪切板中的图片已经保存
2025-08-12 22:37:00,328 - INFO - OCR识别任务已提交
2025-08-12 22:37:00,356 - INFO - 检测到 Ctrl+C
2025-08-12 22:37:00,368 - INFO - 剪切板中的图片已经保存
2025-08-12 22:37:00,369 - INFO - OCR识别任务已提交
2025-08-12 22:37:00,372 - INFO - 检测到 Ctrl+C
2025-08-12 22:37:00,384 - INFO - 剪切板中的图片已经保存
2025-08-12 22:37:00,384 - INFO - OCR识别任务已提交
2025-08-12 22:37:00,701 - INFO - 识别成功，img_path: D:\2\WechatOCR\dist\img\~~~ocr.png, result_file: json\~~~ocr.png.json
2025-08-12 22:37:00,743 - INFO - 识别成功，img_path: D:\2\WechatOCR\dist\img\~~~ocr.png, result_file: json\~~~ocr.png.json
2025-08-12 22:37:00,747 - INFO - 识别成功，img_path: D:\2\WechatOCR\dist\img\~~~ocr.png, result_file: json\~~~ocr.png.json
2025-08-12 22:37:01,328 - INFO - 文本已保存到 text_save.txt
2025-08-12 22:37:01,336 - INFO - 已将文件内容复制到剪贴板。
2025-08-12 22:37:01,370 - INFO - 文本已保存到 text_save.txt
2025-08-12 22:37:01,377 - INFO - 已将文件内容复制到剪贴板。
2025-08-12 22:37:01,385 - INFO - 文本已保存到 text_save.txt
2025-08-12 22:37:01,403 - INFO - 已将文件内容复制到剪贴板。
2025-08-12 22:37:15,420 - INFO - 检测到 Ctrl+C
2025-08-12 22:37:15,431 - INFO - 剪切板中的图片已经保存
2025-08-12 22:37:15,432 - INFO - OCR识别任务已提交
2025-08-12 22:37:15,445 - INFO - 检测到 Ctrl+C
2025-08-12 22:37:15,457 - INFO - 剪切板中的图片已经保存
2025-08-12 22:37:15,458 - INFO - OCR识别任务已提交
2025-08-12 22:37:15,479 - INFO - 检测到 Ctrl+C
2025-08-12 22:37:15,494 - INFO - 剪切板中的图片已经保存
2025-08-12 22:37:15,494 - INFO - OCR识别任务已提交
2025-08-12 22:37:15,873 - INFO - 识别成功，img_path: D:\2\WechatOCR\dist\img\~~~ocr.png, result_file: json\~~~ocr.png.json
2025-08-12 22:37:15,907 - INFO - 识别成功，img_path: D:\2\WechatOCR\dist\img\~~~ocr.png, result_file: json\~~~ocr.png.json
2025-08-12 22:37:15,941 - INFO - 识别成功，img_path: D:\2\WechatOCR\dist\img\~~~ocr.png, result_file: json\~~~ocr.png.json
2025-08-12 22:37:16,433 - INFO - 文本已保存到 text_save.txt
2025-08-12 22:37:16,442 - INFO - 已将文件内容复制到剪贴板。
2025-08-12 22:37:16,458 - INFO - 文本已保存到 text_save.txt
2025-08-12 22:37:16,468 - INFO - 已将文件内容复制到剪贴板。
2025-08-12 22:37:16,495 - INFO - 文本已保存到 text_save.txt
2025-08-12 22:37:16,505 - INFO - 已将文件内容复制到剪贴板。
2025-08-12 22:37:36,159 - INFO - 检测到 Ctrl+C
2025-08-12 22:37:36,164 - INFO - 剪切板中的图片已经保存
2025-08-12 22:37:36,165 - INFO - OCR识别任务已提交
2025-08-12 22:37:36,196 - INFO - 检测到 Ctrl+C
2025-08-12 22:37:36,200 - INFO - 剪切板中的图片已经保存
2025-08-12 22:37:36,201 - INFO - OCR识别任务已提交
2025-08-12 22:37:36,222 - INFO - 检测到 Ctrl+C
2025-08-12 22:37:36,226 - INFO - 剪切板中的图片已经保存
2025-08-12 22:37:36,227 - INFO - OCR识别任务已提交
2025-08-12 22:37:36,347 - INFO - 识别成功，img_path: D:\2\WechatOCR\dist\img\~~~ocr.png, result_file: json\~~~ocr.png.json
2025-08-12 22:37:36,383 - INFO - 识别成功，img_path: D:\2\WechatOCR\dist\img\~~~ocr.png, result_file: json\~~~ocr.png.json
2025-08-12 22:37:36,399 - INFO - 识别成功，img_path: D:\2\WechatOCR\dist\img\~~~ocr.png, result_file: json\~~~ocr.png.json
2025-08-12 22:37:37,165 - INFO - 文本已保存到 text_save.txt
2025-08-12 22:37:37,172 - INFO - 已将文件内容复制到剪贴板。
2025-08-12 22:37:37,201 - INFO - 文本已保存到 text_save.txt
2025-08-12 22:37:37,209 - INFO - 已将文件内容复制到剪贴板。
2025-08-12 22:37:37,228 - INFO - 文本已保存到 text_save.txt
2025-08-12 22:37:37,246 - INFO - 已将文件内容复制到剪贴板。
2025-08-12 22:37:54,357 - INFO - 检测到 Ctrl+C
2025-08-12 22:37:54,357 - WARNING - 剪切板中不包含图片
2025-08-12 22:37:54,392 - INFO - 检测到 Ctrl+C
2025-08-12 22:37:54,392 - WARNING - 剪切板中不包含图片
2025-08-12 22:37:54,418 - INFO - 检测到 Ctrl+C
2025-08-12 22:37:54,419 - WARNING - 剪切板中不包含图片
2025-08-12 22:38:00,537 - INFO - 检测到 Ctrl+C
2025-08-12 22:38:00,539 - WARNING - 剪切板中不包含图片
2025-08-12 22:38:00,581 - INFO - 检测到 Ctrl+C
2025-08-12 22:38:00,581 - WARNING - 剪切板中不包含图片
2025-08-12 22:38:00,614 - INFO - 检测到 Ctrl+C
2025-08-12 22:38:00,614 - WARNING - 剪切板中不包含图片
2025-08-12 22:39:38,144 - INFO - 检测到 Ctrl+C
2025-08-12 22:39:38,146 - WARNING - 剪切板中不包含图片
2025-08-12 22:41:09,996 - INFO - 检测到 Ctrl+C
2025-08-12 22:41:10,020 - INFO - 检测到 Ctrl+C
2025-08-12 22:41:10,021 - WARNING - 剪切板中不包含图片
2025-08-12 22:41:10,061 - INFO - 检测到 Ctrl+C
2025-08-12 22:41:10,061 - WARNING - 剪切板中不包含图片
2025-08-12 22:41:10,509 - WARNING - 剪切板中不包含图片
2025-08-12 22:44:18,992 - INFO - 检测到 Ctrl+C
2025-08-12 22:44:18,992 - WARNING - 剪切板中不包含图片
2025-08-12 22:44:19,037 - INFO - 检测到 Ctrl+C
2025-08-12 22:44:19,038 - WARNING - 剪切板中不包含图片
2025-08-12 22:44:19,066 - INFO - 检测到 Ctrl+C
2025-08-12 22:44:19,066 - WARNING - 剪切板中不包含图片
2025-08-12 22:44:20,942 - INFO - 检测到 Ctrl+C
2025-08-12 22:44:20,942 - WARNING - 剪切板中不包含图片
2025-08-12 22:45:35,369 - INFO - 检测到 Ctrl+C
2025-08-12 22:45:35,369 - WARNING - 剪切板中不包含图片
2025-08-12 22:45:35,396 - INFO - 检测到 Ctrl+C
2025-08-12 22:45:35,396 - WARNING - 剪切板中不包含图片
2025-08-12 22:45:35,428 - INFO - 检测到 Ctrl+C
2025-08-12 22:45:35,428 - WARNING - 剪切板中不包含图片
2025-08-12 22:47:11,856 - INFO - 检测到 Ctrl+C
2025-08-12 22:47:11,857 - WARNING - 剪切板中不包含图片
2025-08-12 22:47:11,892 - INFO - 检测到 Ctrl+C
2025-08-12 22:47:11,893 - WARNING - 剪切板中不包含图片
2025-08-12 22:47:11,917 - INFO - 检测到 Ctrl+C
2025-08-12 22:47:11,917 - WARNING - 剪切板中不包含图片
2025-08-12 22:49:21,951 - INFO - 检测到 Ctrl+C
2025-08-12 22:49:21,952 - WARNING - 剪切板中不包含图片
2025-08-12 22:49:22,003 - INFO - 检测到 Ctrl+C
2025-08-12 22:49:22,004 - WARNING - 剪切板中不包含图片
2025-08-12 22:49:22,012 - INFO - 检测到 Ctrl+C
2025-08-12 22:49:22,525 - WARNING - 剪切板中不包含图片
2025-08-12 22:53:51,013 - INFO - 检测到 Ctrl+C
2025-08-12 22:53:51,013 - WARNING - 剪切板中不包含图片
2025-08-12 22:53:51,030 - INFO - 检测到 Ctrl+C
2025-08-12 22:53:51,030 - WARNING - 剪切板中不包含图片
2025-08-12 22:53:51,054 - INFO - 检测到 Ctrl+C
2025-08-12 22:53:51,054 - WARNING - 剪切板中不包含图片
2025-08-12 22:54:17,591 - INFO - 检测到 Ctrl+C
2025-08-12 22:54:17,608 - INFO - 检测到 Ctrl+C
2025-08-12 22:54:17,609 - WARNING - 剪切板中不包含图片
2025-08-12 22:54:17,634 - INFO - 检测到 Ctrl+C
2025-08-12 22:54:17,634 - WARNING - 剪切板中不包含图片
2025-08-12 22:54:18,106 - WARNING - 剪切板中不包含图片
2025-08-12 22:54:34,956 - INFO - 检测到 Ctrl+C
2025-08-12 22:54:34,960 - INFO - 检测到 Ctrl+C
2025-08-12 22:54:34,961 - WARNING - 剪切板中不包含图片
2025-08-12 22:54:34,988 - INFO - 检测到 Ctrl+C
2025-08-12 22:54:34,989 - WARNING - 剪切板中不包含图片
2025-08-12 22:54:35,463 - WARNING - 剪切板中不包含图片
2025-08-12 22:56:01,628 - INFO - 检测到 Ctrl+C
2025-08-12 22:56:01,628 - INFO - 检测到 Ctrl+C
2025-08-12 22:56:01,628 - WARNING - 剪切板中不包含图片
2025-08-12 22:56:01,630 - WARNING - 剪切板中不包含图片
2025-08-12 22:56:01,652 - INFO - 检测到 Ctrl+C
2025-08-12 22:56:01,652 - WARNING - 剪切板中不包含图片
2025-08-12 22:56:08,548 - INFO - 检测到 Ctrl+C
2025-08-12 22:56:08,548 - WARNING - 剪切板中不包含图片
2025-08-12 22:56:08,549 - WARNING - 剪切板中不包含图片
2025-08-12 22:56:08,573 - INFO - 检测到 Ctrl+C
2025-08-12 22:56:08,573 - WARNING - 剪切板中不包含图片
2025-08-12 22:56:24,597 - INFO - 检测到 Ctrl+C
2025-08-12 22:56:24,597 - WARNING - 剪切板中不包含图片
2025-08-12 22:56:24,598 - WARNING - 剪切板中不包含图片
2025-08-12 22:56:24,617 - INFO - 检测到 Ctrl+C
2025-08-12 22:56:24,617 - WARNING - 剪切板中不包含图片
2025-08-12 22:56:43,252 - INFO - 检测到 Ctrl+C
2025-08-12 22:56:43,254 - WARNING - 剪切板中不包含图片
2025-08-12 22:56:43,254 - INFO - 检测到 Ctrl+C
2025-08-12 22:56:43,255 - WARNING - 剪切板中不包含图片
2025-08-12 22:56:43,275 - INFO - 检测到 Ctrl+C
2025-08-12 22:56:43,275 - WARNING - 剪切板中不包含图片
2025-08-12 22:57:51,654 - INFO - 检测到 Ctrl+C
2025-08-12 22:57:51,656 - INFO - 检测到 Ctrl+C
2025-08-12 22:57:51,657 - WARNING - 剪切板中不包含图片
2025-08-12 22:57:51,672 - INFO - 检测到 Ctrl+C
2025-08-12 22:57:51,673 - WARNING - 剪切板中不包含图片
2025-08-12 22:57:52,158 - WARNING - 剪切板中不包含图片
2025-08-12 22:58:42,104 - INFO - 检测到 Ctrl+C
2025-08-12 22:58:42,104 - WARNING - 剪切板中不包含图片
2025-08-12 22:58:42,135 - INFO - 检测到 Ctrl+C
2025-08-12 22:58:42,135 - WARNING - 剪切板中不包含图片
2025-08-12 22:58:42,203 - INFO - 检测到 Ctrl+C
2025-08-12 22:58:42,203 - WARNING - 剪切板中不包含图片
2025-08-12 22:58:57,181 - INFO - 检测到 Ctrl+C
2025-08-12 22:58:57,181 - WARNING - 剪切板中不包含图片
2025-08-12 22:58:57,251 - INFO - 检测到 Ctrl+C
2025-08-12 22:58:57,251 - WARNING - 剪切板中不包含图片
2025-08-12 22:58:57,252 - WARNING - 剪切板中不包含图片
2025-08-12 22:59:25,836 - INFO - 检测到 Ctrl+C
2025-08-12 22:59:25,837 - WARNING - 剪切板中不包含图片
2025-08-12 22:59:25,838 - WARNING - 剪切板中不包含图片
2025-08-12 22:59:25,866 - INFO - 检测到 Ctrl+C
2025-08-12 22:59:25,867 - WARNING - 剪切板中不包含图片
2025-08-12 22:59:43,286 - INFO - 检测到 Ctrl+C
2025-08-12 22:59:43,286 - WARNING - 剪切板中不包含图片
2025-08-12 22:59:43,288 - WARNING - 剪切板中不包含图片
2025-08-12 22:59:43,321 - INFO - 检测到 Ctrl+C
2025-08-12 22:59:43,321 - WARNING - 剪切板中不包含图片
2025-08-12 23:00:11,870 - INFO - 检测到 Ctrl+C
2025-08-12 23:00:11,870 - WARNING - 剪切板中不包含图片
2025-08-12 23:00:11,873 - INFO - 检测到 Ctrl+C
2025-08-12 23:00:11,873 - WARNING - 剪切板中不包含图片
2025-08-12 23:00:11,907 - INFO - 检测到 Ctrl+C
2025-08-12 23:00:11,907 - WARNING - 剪切板中不包含图片
2025-08-12 23:00:27,919 - INFO - 检测到 Ctrl+C
2025-08-12 23:00:27,919 - WARNING - 剪切板中不包含图片
2025-08-12 23:00:27,921 - INFO - 检测到 Ctrl+C
2025-08-12 23:00:27,921 - WARNING - 剪切板中不包含图片
2025-08-12 23:00:27,952 - INFO - 检测到 Ctrl+C
2025-08-12 23:00:27,952 - WARNING - 剪切板中不包含图片
2025-08-12 23:02:27,389 - INFO - 检测到 Ctrl+C
2025-08-12 23:02:27,389 - INFO - 检测到 Ctrl+C
2025-08-12 23:02:27,389 - WARNING - 剪切板中不包含图片
2025-08-12 23:02:27,416 - INFO - 检测到 Ctrl+C
2025-08-12 23:02:27,416 - WARNING - 剪切板中不包含图片
2025-08-12 23:02:43,737 - INFO - 检测到 Ctrl+C
2025-08-12 23:02:43,737 - WARNING - 剪切板中不包含图片
2025-08-12 23:02:43,739 - INFO - 检测到 Ctrl+C
2025-08-12 23:02:43,739 - WARNING - 剪切板中不包含图片
2025-08-12 23:02:43,771 - INFO - 检测到 Ctrl+C
2025-08-12 23:02:43,771 - WARNING - 剪切板中不包含图片
2025-08-12 23:02:51,562 - INFO - 检测到 Ctrl+C
2025-08-12 23:02:51,562 - WARNING - 剪切板中不包含图片
2025-08-12 23:02:51,562 - INFO - 检测到 Ctrl+C
2025-08-12 23:02:51,562 - WARNING - 剪切板中不包含图片
2025-08-12 23:02:51,593 - INFO - 检测到 Ctrl+C
2025-08-12 23:02:51,593 - WARNING - 剪切板中不包含图片
2025-08-18 16:58:42,545 - INFO - OCR 服务已启动
2025-08-18 16:58:46,761 - INFO - 检测到 Ctrl+C
2025-08-18 16:58:46,772 - INFO - 剪切板中的图片已经保存
2025-08-18 16:58:46,773 - INFO - OCR识别任务已提交
2025-08-18 16:58:46,888 - INFO - 识别成功，img_path: D:\2\WechatOCR\dist\img\~~~ocr.png, result_file: json\~~~ocr.png.json
2025-08-18 16:58:47,774 - INFO - 文本已保存到 text_save.txt
2025-08-18 16:58:47,838 - INFO - 已将文件内容复制到剪贴板。
2025-08-18 17:01:31,611 - INFO - 检测到 Ctrl+C
2025-08-18 17:01:31,611 - WARNING - 剪切板中不包含图片
2025-08-18 17:03:50,126 - INFO - 检测到 Ctrl+C
2025-08-18 17:03:50,127 - INFO - 剪切板中的图片已经保存
2025-08-18 17:03:50,128 - INFO - OCR识别任务已提交
2025-08-18 17:03:50,307 - INFO - 识别成功，img_path: D:\2\WechatOCR\dist\img\~~~ocr.png, result_file: json\~~~ocr.png.json
2025-08-18 17:03:51,128 - INFO - 文本已保存到 text_save.txt
2025-08-18 17:03:51,137 - INFO - 已将文件内容复制到剪贴板。
2025-08-18 17:04:56,131 - INFO - 检测到 Ctrl+C
2025-08-18 17:04:56,132 - INFO - 剪切板中的图片已经保存
2025-08-18 17:04:56,132 - INFO - OCR识别任务已提交
2025-08-18 17:04:56,249 - INFO - 识别成功，img_path: D:\2\WechatOCR\dist\img\~~~ocr.png, result_file: json\~~~ocr.png.json
2025-08-18 17:04:57,133 - INFO - 文本已保存到 text_save.txt
2025-08-18 17:04:57,145 - INFO - 已将文件内容复制到剪贴板。
2025-08-18 17:13:45,690 - INFO - 检测到 Ctrl+C
2025-08-18 17:13:45,691 - ERROR - 保存剪切板图片失败
Traceback (most recent call last):
  File "main.py", line 22, in save_clipboard_pic
AttributeError: 'list' object has no attribute 'save'
2025-08-18 17:13:54,717 - INFO - 检测到 Ctrl+C
2025-08-18 17:13:55,221 - ERROR - 保存剪切板图片失败
Traceback (most recent call last):
  File "main.py", line 22, in save_clipboard_pic
AttributeError: 'list' object has no attribute 'save'
2025-08-18 17:14:13,077 - INFO - 检测到 Ctrl+C
2025-08-18 17:14:13,077 - WARNING - 剪切板中不包含图片
2025-08-18 17:42:32,460 - INFO - 检测到 Ctrl+C
2025-08-18 17:42:32,460 - ERROR - 保存剪切板图片失败
Traceback (most recent call last):
  File "main.py", line 22, in save_clipboard_pic
AttributeError: 'list' object has no attribute 'save'
2025-08-18 17:42:34,668 - INFO - 检测到 Ctrl+C
2025-08-18 17:42:34,668 - ERROR - 保存剪切板图片失败
Traceback (most recent call last):
  File "main.py", line 22, in save_clipboard_pic
AttributeError: 'list' object has no attribute 'save'
2025-08-18 17:58:18,200 - INFO - 检测到 Ctrl+C
2025-08-18 17:58:18,200 - ERROR - 保存剪切板图片失败
Traceback (most recent call last):
  File "main.py", line 22, in save_clipboard_pic
AttributeError: 'list' object has no attribute 'save'
2025-08-18 17:58:41,358 - INFO - 检测到 Ctrl+C
2025-08-18 17:58:41,358 - WARNING - 剪切板中不包含图片
2025-08-18 18:00:23,597 - INFO - 检测到 Ctrl+C
2025-08-18 18:00:23,597 - WARNING - 剪切板中不包含图片
2025-08-18 18:15:36,174 - INFO - 检测到 Ctrl+C
2025-08-18 18:15:36,174 - WARNING - 剪切板中不包含图片
2025-08-18 18:24:00,850 - INFO - 检测到 Esc，准备退出
2025-08-18 18:24:00,854 - INFO - OCR 服务已关闭
2025-08-18 18:24:00,854 - INFO - 程序退出
2025-08-23 22:32:56,452 - INFO - OCR 服务已启动
2025-08-23 22:32:57,958 - INFO - 检测到 Ctrl+C
2025-08-23 22:32:57,958 - WARNING - 剪切板中不包含图片
2025-08-23 22:33:08,781 - INFO - OCR 服务已启动
2025-08-23 23:22:27,941 - INFO - 检测到 Ctrl+C
2025-08-23 23:22:27,947 - WARNING - 剪切板中不包含图片
2025-08-23 23:22:27,952 - INFO - 检测到 Ctrl+C
2025-08-23 23:22:27,957 - WARNING - 剪切板中不包含图片
2025-08-23 23:24:22,945 - INFO - 检测到 Ctrl+C
2025-08-23 23:24:22,945 - WARNING - 剪切板中不包含图片
2025-08-23 23:24:22,976 - INFO - 检测到 Ctrl+C
2025-08-23 23:24:22,976 - WARNING - 剪切板中不包含图片
2025-08-23 23:26:12,389 - INFO - 检测到 Ctrl+C
2025-08-23 23:26:12,389 - WARNING - 剪切板中不包含图片
2025-08-23 23:26:12,414 - INFO - 检测到 Ctrl+C
2025-08-23 23:26:12,414 - WARNING - 剪切板中不包含图片
2025-08-23 23:29:32,776 - INFO - 检测到 Ctrl+C
2025-08-23 23:29:32,776 - WARNING - 剪切板中不包含图片
2025-08-23 23:29:32,799 - INFO - 检测到 Ctrl+C
2025-08-23 23:29:32,799 - WARNING - 剪切板中不包含图片
2025-08-23 23:29:35,281 - INFO - 检测到 Ctrl+C
2025-08-23 23:29:35,281 - WARNING - 剪切板中不包含图片
2025-08-23 23:29:35,304 - INFO - 检测到 Ctrl+C
2025-08-23 23:29:35,304 - WARNING - 剪切板中不包含图片
2025-08-23 23:33:12,561 - INFO - 检测到 Ctrl+C
2025-08-23 23:33:12,561 - WARNING - 剪切板中不包含图片
2025-08-23 23:33:12,631 - INFO - 检测到 Ctrl+C
2025-08-23 23:33:12,631 - WARNING - 剪切板中不包含图片
2025-08-23 23:33:24,456 - INFO - 检测到 Ctrl+C
2025-08-23 23:33:24,456 - WARNING - 剪切板中不包含图片
2025-08-23 23:33:24,500 - INFO - 检测到 Ctrl+C
2025-08-23 23:33:24,500 - WARNING - 剪切板中不包含图片
2025-08-23 23:47:30,550 - INFO - 检测到 Ctrl+C
2025-08-23 23:47:30,550 - WARNING - 剪切板中不包含图片
2025-08-23 23:47:30,551 - INFO - 检测到 Ctrl+C
2025-08-23 23:47:30,551 - WARNING - 剪切板中不包含图片
2025-08-23 23:53:09,284 - INFO - 检测到 Ctrl+C
2025-08-23 23:53:09,284 - INFO - 检测到 Ctrl+C
2025-08-23 23:53:09,284 - WARNING - 剪切板中不包含图片
2025-08-23 23:53:09,284 - WARNING - 剪切板中不包含图片
2025-08-23 23:55:21,887 - INFO - 检测到 Ctrl+C
2025-08-23 23:55:21,887 - WARNING - 剪切板中不包含图片
2025-08-23 23:55:21,887 - WARNING - 剪切板中不包含图片
2025-08-24 00:12:43,039 - INFO - 检测到 Ctrl+C
2025-08-24 00:12:43,039 - WARNING - 剪切板中不包含图片
2025-08-24 00:12:43,048 - INFO - 检测到 Ctrl+C
2025-08-24 00:12:43,048 - WARNING - 剪切板中不包含图片
2025-08-24 00:24:14,487 - INFO - 检测到 Ctrl+C
2025-08-24 00:24:14,487 - WARNING - 剪切板中不包含图片
2025-08-24 00:24:14,499 - INFO - 检测到 Ctrl+C
2025-08-24 00:24:14,500 - WARNING - 剪切板中不包含图片
2025-08-24 00:34:05,255 - INFO - 检测到 Ctrl+C
2025-08-24 00:34:05,255 - WARNING - 剪切板中不包含图片
2025-08-24 00:34:05,287 - INFO - 检测到 Ctrl+C
2025-08-24 00:34:05,287 - WARNING - 剪切板中不包含图片
2025-08-24 00:44:09,710 - INFO - 检测到 Ctrl+C
2025-08-24 00:44:09,780 - INFO - 检测到 Ctrl+C
2025-08-24 00:44:09,780 - WARNING - 剪切板中不包含图片
2025-08-24 00:44:10,212 - WARNING - 剪切板中不包含图片
2025-08-24 00:44:41,713 - INFO - 检测到 Ctrl+C
2025-08-24 00:44:41,713 - WARNING - 剪切板中不包含图片
2025-08-24 00:44:41,783 - INFO - 检测到 Ctrl+C
2025-08-24 00:44:41,783 - WARNING - 剪切板中不包含图片
2025-08-24 00:44:54,921 - INFO - 检测到 Ctrl+C
2025-08-24 00:44:54,940 - ERROR - 保存剪切板图片失败
Traceback (most recent call last):
  File "main.py", line 22, in save_clipboard_pic
AttributeError: 'list' object has no attribute 'save'
2025-08-24 00:44:54,954 - INFO - 检测到 Ctrl+C
2025-08-24 00:44:54,973 - ERROR - 保存剪切板图片失败
Traceback (most recent call last):
  File "main.py", line 22, in save_clipboard_pic
AttributeError: 'list' object has no attribute 'save'
2025-08-24 00:45:05,383 - INFO - 检测到 Ctrl+C
2025-08-24 00:45:05,385 - ERROR - 保存剪切板图片失败
Traceback (most recent call last):
  File "main.py", line 22, in save_clipboard_pic
AttributeError: 'list' object has no attribute 'save'
2025-08-24 00:45:05,416 - INFO - 检测到 Ctrl+C
2025-08-24 00:45:05,416 - ERROR - 保存剪切板图片失败
Traceback (most recent call last):
  File "main.py", line 22, in save_clipboard_pic
AttributeError: 'list' object has no attribute 'save'
2025-08-24 00:45:52,935 - INFO - 检测到 Ctrl+C
2025-08-24 00:45:52,962 - INFO - 检测到 Ctrl+C
2025-08-24 00:45:52,962 - WARNING - 剪切板中不包含图片
2025-08-24 00:45:53,447 - WARNING - 剪切板中不包含图片
2025-08-24 00:46:50,922 - INFO - 检测到 Ctrl+C
2025-08-24 00:46:50,922 - ERROR - 保存剪切板图片失败
Traceback (most recent call last):
  File "main.py", line 22, in save_clipboard_pic
AttributeError: 'list' object has no attribute 'save'
2025-08-24 00:46:50,936 - INFO - 检测到 Ctrl+C
2025-08-24 00:46:50,936 - ERROR - 保存剪切板图片失败
Traceback (most recent call last):
  File "main.py", line 22, in save_clipboard_pic
AttributeError: 'list' object has no attribute 'save'
2025-08-26 21:54:21,640 - INFO - OCR 服务已启动
2025-08-26 21:54:24,946 - INFO - 检测到 Esc，准备退出
2025-08-26 21:54:24,946 - INFO - OCR 服务已关闭
2025-08-26 21:54:24,946 - INFO - 程序退出
2025-08-26 21:54:26,935 - INFO - OCR 服务已启动
2025-08-26 21:54:29,643 - INFO - 检测到 Ctrl+C
2025-08-26 21:54:29,663 - INFO - 剪切板中的图片已经保存
2025-08-26 21:54:29,663 - INFO - OCR识别任务已提交
2025-08-26 21:54:29,865 - INFO - 识别成功，img_path: D:\2\WechatOCR\dist\img\~~~ocr.png, result_file: json\~~~ocr.png.json
2025-08-26 21:54:30,664 - INFO - 文本已保存到 text_save.txt
2025-08-26 21:54:30,709 - INFO - 已将文件内容复制到剪贴板。
2025-08-26 21:54:49,368 - INFO - 检测到 Ctrl+C
2025-08-26 21:54:49,368 - WARNING - 剪切板中不包含图片
2025-08-26 21:54:59,498 - INFO - 检测到 Ctrl+C
2025-08-26 21:54:59,507 - INFO - 剪切板中的图片已经保存
2025-08-26 21:54:59,508 - INFO - OCR识别任务已提交
2025-08-26 21:54:59,781 - INFO - 识别成功，img_path: D:\2\WechatOCR\dist\img\~~~ocr.png, result_file: json\~~~ocr.png.json
2025-08-26 21:55:00,508 - INFO - 文本已保存到 text_save.txt
2025-08-26 21:55:00,515 - INFO - 已将文件内容复制到剪贴板。
2025-08-26 21:55:14,147 - INFO - 检测到 Ctrl+C
2025-08-26 21:55:14,147 - WARNING - 剪切板中不包含图片
2025-08-26 21:55:28,181 - INFO - 检测到 Ctrl+C
2025-08-26 21:55:28,183 - INFO - 剪切板中的图片已经保存
2025-08-26 21:55:28,184 - INFO - OCR识别任务已提交
2025-08-26 21:55:28,256 - INFO - 识别成功，img_path: D:\2\WechatOCR\dist\img\~~~ocr.png, result_file: json\~~~ocr.png.json
2025-08-26 21:55:29,184 - INFO - 文本已保存到 text_save.txt
2025-08-26 21:55:29,187 - INFO - 已将文件内容复制到剪贴板。
2025-08-26 21:55:43,320 - INFO - 检测到 Ctrl+C
2025-08-26 21:55:43,320 - WARNING - 剪切板中不包含图片
2025-08-26 21:55:54,550 - INFO - 检测到 Ctrl+C
2025-08-26 21:55:54,554 - INFO - 剪切板中的图片已经保存
2025-08-26 21:55:54,554 - INFO - OCR识别任务已提交
2025-08-26 21:55:54,690 - INFO - 识别成功，img_path: D:\2\WechatOCR\dist\img\~~~ocr.png, result_file: json\~~~ocr.png.json
2025-08-26 21:55:55,555 - INFO - 文本已保存到 text_save.txt
2025-08-26 21:55:55,562 - INFO - 已将文件内容复制到剪贴板。
2025-08-26 21:56:28,043 - INFO - 检测到 Ctrl+C
2025-08-26 21:56:28,043 - WARNING - 剪切板中不包含图片
2025-08-26 21:56:36,869 - INFO - 检测到 Ctrl+C
2025-08-26 21:56:36,879 - INFO - 剪切板中的图片已经保存
2025-08-26 21:56:36,880 - INFO - OCR识别任务已提交
2025-08-26 21:56:37,135 - INFO - 识别成功，img_path: D:\2\WechatOCR\dist\img\~~~ocr.png, result_file: json\~~~ocr.png.json
2025-08-26 21:56:37,880 - INFO - 文本已保存到 text_save.txt
2025-08-26 21:56:37,886 - INFO - 已将文件内容复制到剪贴板。
2025-08-26 21:56:45,206 - INFO - 检测到 Ctrl+C
2025-08-26 21:56:45,216 - INFO - 剪切板中的图片已经保存
2025-08-26 21:56:45,217 - INFO - OCR识别任务已提交
2025-08-26 21:56:45,565 - INFO - 识别成功，img_path: D:\2\WechatOCR\dist\img\~~~ocr.png, result_file: json\~~~ocr.png.json
2025-08-26 21:56:46,218 - INFO - 文本已保存到 text_save.txt
2025-08-26 21:56:46,225 - INFO - 已将文件内容复制到剪贴板。
2025-08-26 21:56:53,943 - INFO - 检测到 Ctrl+C
2025-08-26 21:56:53,943 - WARNING - 剪切板中不包含图片
2025-08-26 21:57:04,670 - INFO - 检测到 Ctrl+C
2025-08-26 21:57:04,676 - INFO - 剪切板中的图片已经保存
2025-08-26 21:57:04,677 - INFO - OCR识别任务已提交
2025-08-26 21:57:04,999 - INFO - 识别成功，img_path: D:\2\WechatOCR\dist\img\~~~ocr.png, result_file: json\~~~ocr.png.json
2025-08-26 21:57:05,678 - INFO - 文本已保存到 text_save.txt
2025-08-26 21:57:05,683 - INFO - 已将文件内容复制到剪贴板。
2025-08-26 21:57:17,816 - INFO - 检测到 Ctrl+C
2025-08-26 21:57:17,816 - WARNING - 剪切板中不包含图片
2025-08-26 21:57:37,467 - INFO - 检测到 Ctrl+C
2025-08-26 21:57:37,471 - INFO - 剪切板中的图片已经保存
2025-08-26 21:57:37,471 - INFO - OCR识别任务已提交
2025-08-26 21:57:37,660 - INFO - 识别成功，img_path: D:\2\WechatOCR\dist\img\~~~ocr.png, result_file: json\~~~ocr.png.json
2025-08-26 21:57:38,472 - INFO - 文本已保存到 text_save.txt
2025-08-26 21:57:38,479 - INFO - 已将文件内容复制到剪贴板。
2025-08-26 21:57:46,499 - INFO - 检测到 Ctrl+C
2025-08-26 21:57:46,499 - WARNING - 剪切板中不包含图片
2025-08-26 21:57:57,731 - INFO - 检测到 Ctrl+C
2025-08-26 21:57:57,735 - INFO - 剪切板中的图片已经保存
2025-08-26 21:57:57,735 - INFO - OCR识别任务已提交
2025-08-26 21:57:57,908 - INFO - 识别成功，img_path: D:\2\WechatOCR\dist\img\~~~ocr.png, result_file: json\~~~ocr.png.json
2025-08-26 21:57:58,736 - INFO - 文本已保存到 text_save.txt
2025-08-26 21:57:58,741 - INFO - 已将文件内容复制到剪贴板。
2025-08-26 21:58:22,908 - INFO - 检测到 Ctrl+C
2025-08-26 21:58:22,908 - WARNING - 剪切板中不包含图片
2025-08-26 21:58:34,034 - INFO - 检测到 Ctrl+C
2025-08-26 21:58:34,044 - INFO - 剪切板中的图片已经保存
2025-08-26 21:58:34,045 - INFO - OCR识别任务已提交
2025-08-26 21:58:34,376 - INFO - 识别成功，img_path: D:\2\WechatOCR\dist\img\~~~ocr.png, result_file: json\~~~ocr.png.json
2025-08-26 21:58:35,045 - INFO - 文本已保存到 text_save.txt
2025-08-26 21:58:35,051 - INFO - 已将文件内容复制到剪贴板。
2025-08-26 21:58:43,268 - INFO - 检测到 Ctrl+C
2025-08-26 21:58:43,268 - WARNING - 剪切板中不包含图片
2025-08-26 21:58:50,586 - INFO - 检测到 Ctrl+C
2025-08-26 21:58:50,586 - WARNING - 剪切板中不包含图片
2025-08-26 21:58:59,804 - INFO - 检测到 Ctrl+C
2025-08-26 21:58:59,804 - WARNING - 剪切板中不包含图片
2025-08-26 21:59:07,926 - INFO - 检测到 Ctrl+C
2025-08-26 21:59:07,926 - WARNING - 剪切板中不包含图片
2025-08-26 21:59:15,843 - INFO - 检测到 Ctrl+C
2025-08-26 21:59:15,843 - WARNING - 剪切板中不包含图片
2025-08-26 21:59:28,379 - INFO - 检测到 Ctrl+C
2025-08-26 21:59:28,383 - INFO - 剪切板中的图片已经保存
2025-08-26 21:59:28,383 - INFO - OCR识别任务已提交
2025-08-26 21:59:28,525 - INFO - 识别成功，img_path: D:\2\WechatOCR\dist\img\~~~ocr.png, result_file: json\~~~ocr.png.json
2025-08-26 21:59:29,384 - INFO - 文本已保存到 text_save.txt
2025-08-26 21:59:29,390 - INFO - 已将文件内容复制到剪贴板。
2025-08-26 21:59:35,001 - INFO - 检测到 Ctrl+C
2025-08-26 21:59:35,001 - WARNING - 剪切板中不包含图片
2025-08-26 21:59:44,528 - INFO - 检测到 Ctrl+C
2025-08-26 21:59:44,531 - INFO - 剪切板中的图片已经保存
2025-08-26 21:59:44,532 - INFO - OCR识别任务已提交
2025-08-26 21:59:44,737 - INFO - 识别成功，img_path: D:\2\WechatOCR\dist\img\~~~ocr.png, result_file: json\~~~ocr.png.json
2025-08-26 21:59:45,532 - INFO - 文本已保存到 text_save.txt
2025-08-26 21:59:45,537 - INFO - 已将文件内容复制到剪贴板。
2025-08-26 21:59:51,752 - INFO - 检测到 Ctrl+C
2025-08-26 21:59:51,752 - WARNING - 剪切板中不包含图片
2025-08-26 21:59:58,871 - INFO - 检测到 Ctrl+C
2025-08-26 21:59:58,871 - WARNING - 剪切板中不包含图片
2025-08-26 22:00:14,107 - INFO - 检测到 Ctrl+C
2025-08-26 22:00:14,107 - WARNING - 剪切板中不包含图片
2025-08-26 22:00:23,231 - INFO - 检测到 Ctrl+C
2025-08-26 22:00:23,231 - WARNING - 剪切板中不包含图片
2025-08-26 22:00:42,374 - INFO - 检测到 Ctrl+C
2025-08-26 22:00:42,374 - WARNING - 剪切板中不包含图片
2025-08-26 22:00:53,708 - INFO - 检测到 Ctrl+C
2025-08-26 22:00:53,708 - WARNING - 剪切板中不包含图片
2025-08-26 22:00:59,429 - INFO - 检测到 Ctrl+C
2025-08-26 22:00:59,429 - WARNING - 剪切板中不包含图片
2025-08-26 22:01:06,549 - INFO - 检测到 Ctrl+C
2025-08-26 22:01:06,549 - WARNING - 剪切板中不包含图片
2025-08-26 22:01:13,767 - INFO - 检测到 Ctrl+C
2025-08-26 22:01:13,768 - WARNING - 剪切板中不包含图片
2025-08-26 22:01:22,995 - INFO - 检测到 Ctrl+C
2025-08-26 22:01:22,995 - WARNING - 剪切板中不包含图片
2025-08-26 22:19:50,817 - INFO - 检测到 Ctrl+C
2025-08-26 22:19:50,817 - WARNING - 剪切板中不包含图片
2025-08-26 22:20:00,141 - INFO - 检测到 Ctrl+C
2025-08-26 22:20:00,141 - WARNING - 剪切板中不包含图片
2025-08-26 22:20:44,644 - INFO - 检测到 Ctrl+C
2025-08-26 22:20:44,644 - WARNING - 剪切板中不包含图片
2025-08-26 22:21:31,678 - INFO - 检测到 Ctrl+C
2025-08-26 22:21:31,678 - WARNING - 剪切板中不包含图片
2025-08-26 22:21:41,802 - INFO - 检测到 Ctrl+C
2025-08-26 22:21:41,802 - WARNING - 剪切板中不包含图片
2025-08-26 22:24:32,549 - INFO - 检测到 Ctrl+C
2025-08-26 22:24:32,549 - WARNING - 剪切板中不包含图片
2025-08-26 22:26:57,464 - INFO - 检测到 Ctrl+C
2025-08-26 22:26:57,465 - WARNING - 剪切板中不包含图片
2025-08-26 22:27:39,873 - INFO - 检测到 Ctrl+C
2025-08-26 22:27:39,873 - WARNING - 剪切板中不包含图片
2025-08-26 22:28:15,858 - INFO - 检测到 Ctrl+C
2025-08-26 22:28:15,858 - WARNING - 剪切板中不包含图片
2025-08-26 22:30:43,262 - INFO - 检测到 Ctrl+C
2025-08-26 22:30:43,262 - WARNING - 剪切板中不包含图片
2025-08-26 22:34:53,628 - INFO - 检测到 Ctrl+C
2025-08-26 22:34:53,628 - WARNING - 剪切板中不包含图片
2025-08-26 22:35:40,352 - INFO - 检测到 Ctrl+C
2025-08-26 22:35:40,352 - WARNING - 剪切板中不包含图片
2025-08-26 22:35:52,184 - INFO - 检测到 Ctrl+C
2025-08-26 22:35:52,184 - WARNING - 剪切板中不包含图片
2025-08-26 22:40:47,101 - INFO - 检测到 Ctrl+C
2025-08-26 22:40:47,101 - WARNING - 剪切板中不包含图片
2025-08-26 22:41:07,960 - INFO - 检测到 Ctrl+C
2025-08-26 22:41:07,960 - WARNING - 剪切板中不包含图片
2025-08-26 22:41:18,790 - INFO - 检测到 Ctrl+C
2025-08-26 22:41:18,790 - WARNING - 剪切板中不包含图片
2025-08-26 22:41:32,328 - INFO - 检测到 Ctrl+C
2025-08-26 22:41:32,332 - INFO - 剪切板中的图片已经保存
2025-08-26 22:41:32,333 - INFO - OCR识别任务已提交
2025-08-26 22:41:32,574 - INFO - 识别成功，img_path: D:\2\WechatOCR\dist\img\~~~ocr.png, result_file: json\~~~ocr.png.json
2025-08-26 22:41:33,334 - INFO - 文本已保存到 text_save.txt
2025-08-26 22:41:33,344 - INFO - 已将文件内容复制到剪贴板。
2025-08-26 22:41:39,563 - INFO - 检测到 Ctrl+C
2025-08-26 22:41:40,076 - WARNING - 剪切板中不包含图片
2025-08-26 22:41:52,711 - INFO - 检测到 Ctrl+C
2025-08-26 22:41:52,718 - INFO - 剪切板中的图片已经保存
2025-08-26 22:41:52,719 - INFO - OCR识别任务已提交
2025-08-26 22:41:52,978 - INFO - 识别成功，img_path: D:\2\WechatOCR\dist\img\~~~ocr.png, result_file: json\~~~ocr.png.json
2025-08-26 22:41:53,720 - INFO - 文本已保存到 text_save.txt
2025-08-26 22:41:53,727 - INFO - 已将文件内容复制到剪贴板。
2025-08-26 22:42:13,585 - INFO - 检测到 Ctrl+C
2025-08-26 22:42:13,594 - INFO - 剪切板中的图片已经保存
2025-08-26 22:42:13,594 - INFO - OCR识别任务已提交
2025-08-26 22:42:13,887 - INFO - 识别成功，img_path: D:\2\WechatOCR\dist\img\~~~ocr.png, result_file: json\~~~ocr.png.json
2025-08-26 22:42:14,596 - INFO - 文本已保存到 text_save.txt
2025-08-26 22:42:14,603 - INFO - 已将文件内容复制到剪贴板。
2025-08-26 22:42:27,837 - INFO - 检测到 Ctrl+C
2025-08-26 22:42:28,345 - WARNING - 剪切板中不包含图片
2025-08-26 22:42:34,060 - INFO - 检测到 Ctrl+C
2025-08-26 22:42:34,060 - WARNING - 剪切板中不包含图片
2025-08-26 22:42:47,195 - INFO - 检测到 Ctrl+C
2025-08-26 22:42:47,195 - WARNING - 剪切板中不包含图片
2025-08-26 22:42:59,126 - INFO - 检测到 Ctrl+C
2025-08-26 22:42:59,133 - INFO - 剪切板中的图片已经保存
2025-08-26 22:42:59,133 - INFO - OCR识别任务已提交
2025-08-26 22:42:59,452 - INFO - 识别成功，img_path: D:\2\WechatOCR\dist\img\~~~ocr.png, result_file: json\~~~ocr.png.json
2025-08-26 22:43:00,134 - INFO - 文本已保存到 text_save.txt
2025-08-26 22:43:00,140 - INFO - 已将文件内容复制到剪贴板。
2025-08-26 22:43:15,277 - INFO - 检测到 Ctrl+C
2025-08-26 22:43:15,277 - WARNING - 剪切板中不包含图片
2025-08-26 22:43:25,302 - INFO - 检测到 Ctrl+C
2025-08-26 22:43:25,302 - WARNING - 剪切板中不包含图片
2025-08-26 22:44:56,858 - INFO - 检测到 Ctrl+C
2025-08-26 22:44:56,858 - WARNING - 剪切板中不包含图片
2025-08-26 22:45:15,910 - INFO - 检测到 Ctrl+C
2025-08-26 22:45:15,910 - WARNING - 剪切板中不包含图片
2025-08-26 22:47:29,090 - INFO - 检测到 Ctrl+C
2025-08-26 22:47:29,090 - WARNING - 剪切板中不包含图片
2025-08-26 22:48:45,401 - INFO - 检测到 Ctrl+C
2025-08-26 22:48:45,401 - WARNING - 剪切板中不包含图片
2025-08-26 22:49:00,236 - INFO - 检测到 Ctrl+C
2025-08-26 22:49:00,240 - INFO - 剪切板中的图片已经保存
2025-08-26 22:49:00,240 - INFO - OCR识别任务已提交
2025-08-26 22:49:00,406 - INFO - 识别成功，img_path: D:\2\WechatOCR\dist\img\~~~ocr.png, result_file: json\~~~ocr.png.json
2025-08-26 22:49:01,241 - INFO - 文本已保存到 text_save.txt
2025-08-26 22:49:01,248 - INFO - 已将文件内容复制到剪贴板。
2025-08-26 22:49:07,866 - INFO - 检测到 Ctrl+C
2025-08-26 22:49:07,866 - WARNING - 剪切板中不包含图片
2025-08-26 22:49:18,290 - INFO - 检测到 Ctrl+C
2025-08-26 22:49:18,296 - INFO - 剪切板中的图片已经保存
2025-08-26 22:49:18,296 - INFO - OCR识别任务已提交
2025-08-26 22:49:18,566 - INFO - 识别成功，img_path: D:\2\WechatOCR\dist\img\~~~ocr.png, result_file: json\~~~ocr.png.json
2025-08-26 22:49:19,297 - INFO - 文本已保存到 text_save.txt
2025-08-26 22:49:19,304 - INFO - 已将文件内容复制到剪贴板。
2025-08-26 22:49:27,829 - INFO - 检测到 Ctrl+C
2025-08-26 22:49:27,829 - WARNING - 剪切板中不包含图片
2025-08-26 22:49:34,448 - INFO - 检测到 Ctrl+C
2025-08-26 22:49:34,448 - WARNING - 剪切板中不包含图片
2025-08-26 22:49:48,585 - INFO - 检测到 Ctrl+C
2025-08-26 22:49:48,585 - WARNING - 剪切板中不包含图片
2025-08-26 22:50:03,018 - INFO - 检测到 Ctrl+C
2025-08-26 22:50:03,023 - INFO - 剪切板中的图片已经保存
2025-08-26 22:50:03,024 - INFO - OCR识别任务已提交
2025-08-26 22:50:03,245 - INFO - 识别成功，img_path: D:\2\WechatOCR\dist\img\~~~ocr.png, result_file: json\~~~ocr.png.json
2025-08-26 22:50:04,025 - INFO - 文本已保存到 text_save.txt
2025-08-26 22:50:04,030 - INFO - 已将文件内容复制到剪贴板。
2025-08-26 22:50:08,443 - INFO - 检测到 Ctrl+C
2025-08-26 22:50:08,443 - WARNING - 剪切板中不包含图片
2025-08-26 22:50:22,783 - INFO - 检测到 Ctrl+C
2025-08-26 22:50:22,795 - INFO - 剪切板中的图片已经保存
2025-08-26 22:50:22,795 - INFO - OCR识别任务已提交
2025-08-26 22:50:23,114 - INFO - 识别成功，img_path: D:\2\WechatOCR\dist\img\~~~ocr.png, result_file: json\~~~ocr.png.json
2025-08-26 22:50:23,796 - INFO - 文本已保存到 text_save.txt
2025-08-26 22:50:23,803 - INFO - 已将文件内容复制到剪贴板。
2025-08-26 22:50:41,052 - INFO - 检测到 Ctrl+C
2025-08-26 22:50:41,052 - WARNING - 剪切板中不包含图片
2025-08-26 22:50:52,383 - INFO - 检测到 Ctrl+C
2025-08-26 22:50:52,383 - WARNING - 剪切板中不包含图片
2025-08-26 22:51:03,411 - INFO - 检测到 Ctrl+C
2025-08-26 22:51:03,416 - INFO - 剪切板中的图片已经保存
2025-08-26 22:51:03,416 - INFO - OCR识别任务已提交
2025-08-26 22:51:03,532 - INFO - 识别成功，img_path: D:\2\WechatOCR\dist\img\~~~ocr.png, result_file: json\~~~ocr.png.json
2025-08-26 22:51:04,417 - INFO - 文本已保存到 text_save.txt
2025-08-26 22:51:04,427 - INFO - 已将文件内容复制到剪贴板。
2025-08-26 22:51:17,458 - INFO - 检测到 Ctrl+C
2025-08-26 22:51:17,967 - WARNING - 剪切板中不包含图片
2025-08-26 22:51:24,983 - INFO - 检测到 Ctrl+C
2025-08-26 22:51:24,987 - INFO - 剪切板中的图片已经保存
2025-08-26 22:51:24,987 - INFO - OCR识别任务已提交
2025-08-26 22:51:25,134 - INFO - 识别成功，img_path: D:\2\WechatOCR\dist\img\~~~ocr.png, result_file: json\~~~ocr.png.json
2025-08-26 22:51:25,987 - INFO - 文本已保存到 text_save.txt
2025-08-26 22:51:25,994 - INFO - 已将文件内容复制到剪贴板。
2025-08-26 22:51:35,117 - INFO - 检测到 Ctrl+C
2025-08-26 22:51:35,117 - WARNING - 剪切板中不包含图片
2025-08-26 22:51:47,749 - INFO - 检测到 Ctrl+C
2025-08-26 22:51:47,769 - INFO - 剪切板中的图片已经保存
2025-08-26 22:51:47,769 - INFO - OCR识别任务已提交
2025-08-26 22:51:48,222 - INFO - 识别成功，img_path: D:\2\WechatOCR\dist\img\~~~ocr.png, result_file: json\~~~ocr.png.json
2025-08-26 22:51:48,770 - INFO - 文本已保存到 text_save.txt
2025-08-26 22:51:48,777 - INFO - 已将文件内容复制到剪贴板。
2025-08-26 22:51:56,395 - INFO - 检测到 Ctrl+C
2025-08-26 22:51:56,395 - WARNING - 剪切板中不包含图片
2025-08-26 22:52:06,323 - INFO - 检测到 Ctrl+C
2025-08-26 22:52:06,329 - INFO - 剪切板中的图片已经保存
2025-08-26 22:52:06,329 - INFO - OCR识别任务已提交
2025-08-26 22:52:06,503 - INFO - 识别成功，img_path: D:\2\WechatOCR\dist\img\~~~ocr.png, result_file: json\~~~ocr.png.json
2025-08-26 22:52:07,330 - INFO - 文本已保存到 text_save.txt
2025-08-26 22:52:07,336 - INFO - 已将文件内容复制到剪贴板。
2025-08-26 22:52:14,653 - INFO - 检测到 Ctrl+C
2025-08-26 22:52:15,160 - WARNING - 剪切板中不包含图片
2025-08-26 22:52:25,889 - INFO - 检测到 Ctrl+C
2025-08-26 22:52:25,904 - INFO - 剪切板中的图片已经保存
2025-08-26 22:52:25,904 - INFO - OCR识别任务已提交
2025-08-26 22:52:26,301 - INFO - 识别成功，img_path: D:\2\WechatOCR\dist\img\~~~ocr.png, result_file: json\~~~ocr.png.json
2025-08-26 22:52:26,905 - INFO - 文本已保存到 text_save.txt
2025-08-26 22:52:26,911 - INFO - 已将文件内容复制到剪贴板。
2025-08-26 22:52:31,924 - INFO - 检测到 Ctrl+C
2025-08-26 22:52:31,924 - WARNING - 剪切板中不包含图片
2025-08-26 22:52:42,151 - INFO - 检测到 Ctrl+C
2025-08-26 22:52:42,154 - INFO - 剪切板中的图片已经保存
2025-08-26 22:52:42,155 - INFO - OCR识别任务已提交
2025-08-26 22:52:42,311 - INFO - 识别成功，img_path: D:\2\WechatOCR\dist\img\~~~ocr.png, result_file: json\~~~ocr.png.json
2025-08-26 22:52:43,155 - INFO - 文本已保存到 text_save.txt
2025-08-26 22:52:43,162 - INFO - 已将文件内容复制到剪贴板。
2025-08-26 22:52:48,476 - INFO - 检测到 Ctrl+C
2025-08-26 22:52:48,476 - WARNING - 剪切板中不包含图片
2025-08-26 22:52:55,297 - INFO - 检测到 Ctrl+C
2025-08-26 22:52:55,298 - WARNING - 剪切板中不包含图片
2025-08-26 22:53:02,917 - INFO - 检测到 Ctrl+C
2025-08-26 22:53:02,917 - WARNING - 剪切板中不包含图片
2025-08-26 22:53:11,038 - INFO - 检测到 Ctrl+C
2025-08-26 22:53:11,045 - INFO - 剪切板中的图片已经保存
2025-08-26 22:53:11,045 - INFO - OCR识别任务已提交
2025-08-26 22:53:11,352 - INFO - 识别成功，img_path: D:\2\WechatOCR\dist\img\~~~ocr.png, result_file: json\~~~ocr.png.json
2025-08-26 22:53:12,046 - INFO - 文本已保存到 text_save.txt
2025-08-26 22:53:12,052 - INFO - 已将文件内容复制到剪贴板。
2025-08-26 22:53:17,568 - INFO - 检测到 Ctrl+C
2025-08-26 22:53:17,568 - WARNING - 剪切板中不包含图片
2025-08-26 22:53:38,580 - INFO - OCR 服务已启动
2025-08-26 22:53:41,891 - INFO - 检测到 Ctrl+C
2025-08-26 22:53:41,908 - INFO - 剪切板中的图片已经保存
2025-08-26 22:53:41,909 - INFO - OCR识别任务已提交
2025-08-26 22:53:41,920 - INFO - 检测到 Ctrl+C
2025-08-26 22:53:41,926 - INFO - 剪切板中的图片已经保存
2025-08-26 22:53:41,927 - INFO - OCR识别任务已提交
2025-08-26 22:53:42,096 - INFO - 识别成功，img_path: D:\2\WechatOCR\dist\img\~~~ocr.png, result_file: json\~~~ocr.png.json
2025-08-26 22:53:42,103 - INFO - 识别成功，img_path: D:\2\WechatOCR\dist\img\~~~ocr.png, result_file: json\~~~ocr.png.json
2025-08-26 22:53:42,910 - INFO - 文本已保存到 text_save.txt
2025-08-26 22:53:42,928 - INFO - 文本已保存到 text_save.txt
2025-08-26 22:53:42,935 - INFO - 已将文件内容复制到剪贴板。
2025-08-26 22:53:42,947 - INFO - 已将文件内容复制到剪贴板。
2025-08-26 22:53:55,582 - INFO - 检测到 Ctrl+C
2025-08-26 22:53:55,582 - WARNING - 剪切板中不包含图片
2025-08-26 22:53:55,669 - INFO - 检测到 Ctrl+C
2025-08-26 22:53:55,669 - WARNING - 剪切板中不包含图片
2025-08-26 22:54:02,400 - INFO - 检测到 Ctrl+C
2025-08-26 22:54:02,487 - INFO - 检测到 Ctrl+C
2025-08-26 22:54:02,487 - WARNING - 剪切板中不包含图片
2025-08-26 22:54:02,907 - WARNING - 剪切板中不包含图片
2025-08-26 22:54:16,726 - INFO - 检测到 Ctrl+C
2025-08-26 22:54:16,726 - WARNING - 剪切板中不包含图片
2025-08-26 22:54:16,741 - INFO - 检测到 Ctrl+C
2025-08-26 22:54:16,741 - WARNING - 剪切板中不包含图片
2025-08-26 22:54:22,643 - INFO - 检测到 Ctrl+C
2025-08-26 22:54:22,643 - WARNING - 剪切板中不包含图片
2025-08-26 22:54:22,656 - INFO - 检测到 Ctrl+C
2025-08-26 22:54:22,659 - WARNING - 剪切板中不包含图片
2025-08-26 22:54:39,783 - INFO - 检测到 Ctrl+C
2025-08-26 22:54:39,783 - WARNING - 剪切板中不包含图片
2025-08-26 22:54:39,795 - INFO - 检测到 Ctrl+C
2025-08-26 22:54:39,795 - WARNING - 剪切板中不包含图片
2025-08-26 22:55:06,968 - INFO - 检测到 Ctrl+C
2025-08-26 22:55:06,968 - WARNING - 剪切板中不包含图片
2025-08-26 22:55:06,976 - INFO - 检测到 Ctrl+C
2025-08-26 22:55:06,976 - WARNING - 剪切板中不包含图片
2025-08-26 22:55:14,490 - INFO - 检测到 Ctrl+C
2025-08-26 22:55:14,490 - WARNING - 剪切板中不包含图片
2025-08-26 22:55:14,500 - INFO - 检测到 Ctrl+C
2025-08-26 22:55:14,500 - WARNING - 剪切板中不包含图片
2025-08-26 22:55:29,336 - INFO - 检测到 Ctrl+C
2025-08-26 22:55:29,336 - WARNING - 剪切板中不包含图片
2025-08-26 22:55:29,344 - INFO - 检测到 Ctrl+C
2025-08-26 22:55:29,344 - WARNING - 剪切板中不包含图片
2025-08-26 22:57:33,584 - INFO - 检测到 Ctrl+C
2025-08-26 22:57:33,585 - WARNING - 剪切板中不包含图片
2025-08-26 22:58:47,507 - INFO - 检测到 Ctrl+C
2025-08-26 22:58:47,507 - WARNING - 剪切板中不包含图片
2025-08-26 22:58:47,508 - INFO - 检测到 Ctrl+C
2025-08-26 22:58:47,508 - WARNING - 剪切板中不包含图片
2025-08-26 22:59:12,678 - INFO - 检测到 Ctrl+C
2025-08-26 22:59:12,678 - WARNING - 剪切板中不包含图片
2025-08-26 22:59:12,678 - WARNING - 剪切板中不包含图片
2025-08-26 23:00:21,363 - INFO - 检测到 Ctrl+C
2025-08-26 23:00:21,363 - INFO - 检测到 Ctrl+C
2025-08-26 23:00:21,363 - WARNING - 剪切板中不包含图片
2025-08-26 23:00:21,363 - WARNING - 剪切板中不包含图片
2025-08-26 23:03:38,111 - INFO - 检测到 Ctrl+C
2025-08-26 23:03:38,111 - WARNING - 剪切板中不包含图片
2025-08-26 23:03:38,112 - INFO - 检测到 Ctrl+C
2025-08-26 23:03:38,112 - WARNING - 剪切板中不包含图片
2025-08-26 23:03:49,443 - INFO - 检测到 Ctrl+C
2025-08-26 23:03:49,443 - WARNING - 剪切板中不包含图片
2025-08-26 23:03:49,443 - WARNING - 剪切板中不包含图片
2025-08-26 23:03:57,362 - INFO - 检测到 Ctrl+C
2025-08-26 23:03:57,362 - INFO - 检测到 Ctrl+C
2025-08-26 23:03:57,362 - WARNING - 剪切板中不包含图片
2025-08-26 23:03:57,362 - WARNING - 剪切板中不包含图片
2025-08-26 23:04:06,686 - INFO - 检测到 Ctrl+C
2025-08-26 23:04:06,686 - WARNING - 剪切板中不包含图片
2025-08-26 23:04:06,687 - INFO - 检测到 Ctrl+C
2025-08-26 23:04:06,687 - WARNING - 剪切板中不包含图片
2025-08-26 23:04:20,230 - INFO - 检测到 Ctrl+C
2025-08-26 23:04:20,230 - WARNING - 剪切板中不包含图片
2025-08-26 23:04:20,230 - WARNING - 剪切板中不包含图片
2025-08-26 23:04:29,559 - INFO - 检测到 Ctrl+C
2025-08-26 23:04:29,559 - WARNING - 剪切板中不包含图片
2025-08-26 23:04:29,559 - WARNING - 剪切板中不包含图片
2025-08-26 23:04:40,693 - INFO - 检测到 Ctrl+C
2025-08-26 23:04:40,693 - INFO - 检测到 Ctrl+C
2025-08-26 23:04:41,198 - WARNING - 剪切板中不包含图片
2025-08-26 23:04:41,198 - WARNING - 剪切板中不包含图片
2025-08-26 23:04:48,721 - INFO - 检测到 Ctrl+C
2025-08-26 23:04:48,721 - WARNING - 剪切板中不包含图片
2025-08-26 23:04:48,724 - INFO - 检测到 Ctrl+C
2025-08-26 23:04:48,724 - WARNING - 剪切板中不包含图片
2025-08-26 23:05:00,659 - INFO - 检测到 Ctrl+C
2025-08-26 23:05:00,659 - WARNING - 剪切板中不包含图片
2025-08-26 23:05:00,660 - INFO - 检测到 Ctrl+C
2025-08-26 23:05:00,660 - WARNING - 剪切板中不包含图片
2025-08-26 23:05:13,892 - INFO - 检测到 Ctrl+C
2025-08-26 23:05:13,894 - INFO - 检测到 Ctrl+C
2025-08-26 23:05:13,894 - WARNING - 剪切板中不包含图片
2025-08-26 23:05:14,397 - WARNING - 剪切板中不包含图片
2025-08-26 23:05:25,429 - INFO - 检测到 Ctrl+C
2025-08-26 23:05:25,429 - WARNING - 剪切板中不包含图片
2025-08-26 23:05:25,429 - WARNING - 剪切板中不包含图片
2025-08-26 23:05:41,473 - INFO - 检测到 Ctrl+C
2025-08-26 23:05:41,473 - WARNING - 剪切板中不包含图片
2025-08-26 23:05:41,473 - WARNING - 剪切板中不包含图片
2025-08-26 23:05:58,815 - INFO - 检测到 Ctrl+C
2025-08-26 23:05:58,815 - WARNING - 剪切板中不包含图片
2025-08-26 23:05:58,815 - WARNING - 剪切板中不包含图片
2025-08-26 23:06:07,241 - INFO - 检测到 Ctrl+C
2025-08-26 23:06:07,241 - INFO - 检测到 Ctrl+C
2025-08-26 23:06:07,241 - WARNING - 剪切板中不包含图片
2025-08-26 23:06:07,241 - WARNING - 剪切板中不包含图片
2025-08-26 23:06:13,255 - INFO - 检测到 Ctrl+C
2025-08-26 23:06:13,255 - WARNING - 剪切板中不包含图片
2025-08-26 23:06:13,255 - WARNING - 剪切板中不包含图片
2025-08-26 23:06:19,573 - INFO - 检测到 Ctrl+C
2025-08-26 23:06:19,573 - WARNING - 剪切板中不包含图片
2025-08-26 23:06:19,573 - WARNING - 剪切板中不包含图片
2025-08-26 23:06:26,996 - INFO - 检测到 Ctrl+C
2025-08-26 23:06:26,996 - WARNING - 剪切板中不包含图片
2025-08-26 23:06:26,996 - WARNING - 剪切板中不包含图片
2025-08-26 23:06:33,115 - INFO - 检测到 Ctrl+C
2025-08-26 23:06:33,115 - WARNING - 剪切板中不包含图片
2025-08-26 23:06:33,115 - WARNING - 剪切板中不包含图片
2025-08-26 23:07:43,607 - INFO - 检测到 Ctrl+C
2025-08-26 23:07:43,608 - WARNING - 剪切板中不包含图片
2025-08-26 23:07:43,608 - WARNING - 剪切板中不包含图片
2025-08-26 23:12:48,966 - INFO - 检测到 Ctrl+C
2025-08-26 23:12:48,966 - WARNING - 剪切板中不包含图片
2025-08-26 23:12:48,968 - INFO - 检测到 Ctrl+C
2025-08-26 23:12:48,968 - WARNING - 剪切板中不包含图片
2025-08-26 23:12:59,590 - INFO - 检测到 Ctrl+C
2025-08-26 23:12:59,590 - WARNING - 剪切板中不包含图片
2025-08-26 23:12:59,591 - INFO - 检测到 Ctrl+C
2025-08-26 23:12:59,591 - WARNING - 剪切板中不包含图片
2025-08-26 23:13:17,143 - INFO - 检测到 Ctrl+C
2025-08-26 23:13:17,143 - WARNING - 剪切板中不包含图片
2025-08-26 23:13:17,143 - WARNING - 剪切板中不包含图片
2025-08-26 23:13:23,160 - INFO - 检测到 Ctrl+C
2025-08-26 23:13:23,160 - WARNING - 剪切板中不包含图片
2025-08-26 23:13:32,988 - INFO - 检测到 Ctrl+C
2025-08-26 23:13:32,988 - WARNING - 剪切板中不包含图片
2025-08-26 23:13:32,988 - WARNING - 剪切板中不包含图片
2025-08-26 23:13:40,608 - INFO - 检测到 Ctrl+C
2025-08-26 23:13:40,608 - INFO - 检测到 Ctrl+C
2025-08-26 23:13:40,608 - WARNING - 剪切板中不包含图片
2025-08-26 23:13:40,608 - WARNING - 剪切板中不包含图片
2025-08-26 23:14:32,544 - INFO - 检测到 Ctrl+C
2025-08-26 23:14:32,544 - INFO - 检测到 Ctrl+C
2025-08-26 23:14:32,544 - WARNING - 剪切板中不包含图片
2025-08-26 23:14:32,544 - WARNING - 剪切板中不包含图片
2025-08-27 00:11:46,821 - INFO - 检测到 Ctrl+C
2025-08-27 00:11:46,821 - INFO - 检测到 Ctrl+C
2025-08-27 00:11:46,823 - WARNING - 剪切板中不包含图片
2025-08-27 00:11:46,823 - WARNING - 剪切板中不包含图片
2025-08-27 00:39:40,749 - INFO - 检测到 Ctrl+C
2025-08-27 00:39:40,749 - WARNING - 剪切板中不包含图片
2025-08-27 00:39:49,274 - INFO - 检测到 Ctrl+C
2025-08-27 00:39:49,274 - INFO - 检测到 Ctrl+C
2025-08-27 00:39:49,274 - WARNING - 剪切板中不包含图片
2025-08-27 00:39:49,274 - WARNING - 剪切板中不包含图片
2025-08-27 01:02:12,699 - INFO - 检测到 Ctrl+C
2025-08-27 01:02:12,699 - WARNING - 剪切板中不包含图片
2025-08-27 01:06:22,688 - INFO - 检测到 Ctrl+C
2025-08-27 01:06:22,688 - WARNING - 剪切板中不包含图片
2025-08-27 01:07:16,423 - INFO - 检测到 Ctrl+C
2025-08-27 01:07:16,423 - WARNING - 剪切板中不包含图片
2025-08-27 01:07:16,623 - INFO - 检测到 Ctrl+C
2025-08-27 01:07:16,623 - WARNING - 剪切板中不包含图片
2025-08-28 19:09:14,645 - INFO - OCR 服务已启动
2025-08-28 19:09:25,986 - INFO - 检测到 Ctrl+C
2025-08-28 19:09:25,996 - INFO - 剪切板中的图片已经保存
2025-08-28 19:09:25,996 - INFO - OCR识别任务已提交
2025-08-28 19:09:26,051 - INFO - 识别成功，img_path: D:\2\WechatOCR\dist\img\~~~ocr.png, result_file: json\~~~ocr.png.json
2025-08-28 19:09:26,997 - INFO - 文本已保存到 text_save.txt
2025-08-28 19:09:27,029 - INFO - 已将文件内容复制到剪贴板。
2025-08-28 19:09:37,760 - INFO - 检测到 Ctrl+C
2025-08-28 19:09:37,760 - WARNING - 剪切板中不包含图片
2025-08-28 19:09:56,318 - INFO - 检测到 Ctrl+C
2025-08-28 19:09:56,318 - WARNING - 剪切板中不包含图片
2025-08-28 19:10:03,036 - INFO - 检测到 Ctrl+C
2025-08-28 19:10:03,036 - WARNING - 剪切板中不包含图片
2025-08-28 19:12:01,088 - INFO - 检测到 Ctrl+C
2025-08-28 19:12:01,088 - WARNING - 剪切板中不包含图片
2025-08-28 19:13:09,477 - INFO - 检测到 Ctrl+C
2025-08-28 19:13:09,477 - WARNING - 剪切板中不包含图片
2025-08-28 19:13:42,571 - INFO - 检测到 Ctrl+C
2025-08-28 19:13:42,571 - WARNING - 剪切板中不包含图片
2025-08-28 19:15:52,650 - INFO - 检测到 Ctrl+C
2025-08-28 19:15:52,650 - WARNING - 剪切板中不包含图片
2025-08-28 19:23:43,141 - INFO - 检测到 Ctrl+C
2025-08-28 19:23:43,141 - WARNING - 剪切板中不包含图片
2025-08-28 19:24:09,526 - INFO - 检测到 Ctrl+C
2025-08-28 19:24:09,526 - WARNING - 剪切板中不包含图片
2025-08-28 19:24:44,931 - INFO - 检测到 Ctrl+C
2025-08-28 19:24:44,931 - WARNING - 剪切板中不包含图片
2025-08-28 20:12:48,927 - INFO - 检测到 Ctrl+C
2025-08-28 20:12:48,927 - WARNING - 剪切板中不包含图片
2025-08-28 20:13:23,526 - INFO - 检测到 Ctrl+C
2025-08-28 20:13:23,526 - WARNING - 剪切板中不包含图片
2025-08-28 20:17:13,396 - INFO - 检测到 Ctrl+C
2025-08-28 20:17:13,396 - WARNING - 剪切板中不包含图片
2025-08-28 20:22:02,753 - INFO - 检测到 Ctrl+C
2025-08-28 20:22:02,753 - WARNING - 剪切板中不包含图片
2025-08-28 20:22:21,813 - INFO - 检测到 Ctrl+C
2025-08-28 20:22:21,813 - WARNING - 剪切板中不包含图片
2025-08-28 20:45:26,391 - INFO - 检测到 Ctrl+C
2025-08-28 20:45:26,391 - WARNING - 剪切板中不包含图片
2025-08-28 20:45:41,836 - INFO - 检测到 Ctrl+C
2025-08-28 20:45:41,836 - WARNING - 剪切板中不包含图片
2025-08-28 20:45:57,287 - INFO - 检测到 Ctrl+C
2025-08-28 20:45:57,287 - WARNING - 剪切板中不包含图片
2025-08-28 20:46:04,210 - INFO - 检测到 Ctrl+C
2025-08-28 20:46:04,210 - WARNING - 剪切板中不包含图片
2025-08-28 20:46:32,891 - INFO - 检测到 Ctrl+C
2025-08-28 20:46:32,891 - WARNING - 剪切板中不包含图片
2025-08-28 20:46:39,911 - INFO - 检测到 Ctrl+C
2025-08-28 20:46:39,911 - WARNING - 剪切板中不包含图片
2025-08-28 20:47:02,977 - INFO - 检测到 Ctrl+C
2025-08-28 20:47:02,977 - WARNING - 剪切板中不包含图片
2025-08-28 20:47:23,233 - INFO - 检测到 Ctrl+C
2025-08-28 20:47:23,746 - WARNING - 剪切板中不包含图片
2025-08-28 20:47:31,969 - INFO - 检测到 Ctrl+C
2025-08-28 20:47:31,969 - WARNING - 剪切板中不包含图片
2025-08-28 20:47:57,746 - INFO - 检测到 Ctrl+C
2025-08-28 20:47:57,746 - WARNING - 剪切板中不包含图片
2025-08-28 20:48:03,263 - INFO - 检测到 Ctrl+C
2025-08-28 20:48:03,263 - WARNING - 剪切板中不包含图片
2025-08-28 20:48:14,498 - INFO - 检测到 Ctrl+C
2025-08-28 20:48:14,498 - WARNING - 剪切板中不包含图片
2025-08-28 20:48:21,718 - INFO - 检测到 Ctrl+C
2025-08-28 20:48:21,718 - WARNING - 剪切板中不包含图片
2025-08-28 20:48:55,014 - INFO - 检测到 Ctrl+C
2025-08-28 20:48:55,014 - WARNING - 剪切板中不包含图片
2025-08-28 20:53:11,184 - INFO - 检测到 Ctrl+C
2025-08-28 20:53:11,184 - WARNING - 剪切板中不包含图片
2025-08-28 20:57:09,609 - INFO - 检测到 Ctrl+C
2025-08-28 20:57:09,609 - WARNING - 剪切板中不包含图片
2025-08-28 20:57:56,761 - INFO - 检测到 Ctrl+C
2025-08-28 20:57:56,761 - WARNING - 剪切板中不包含图片
2025-08-28 20:59:49,911 - INFO - 检测到 Ctrl+C
2025-08-28 20:59:49,911 - WARNING - 剪切板中不包含图片
2025-08-28 20:59:58,938 - INFO - 检测到 Ctrl+C
2025-08-28 20:59:58,938 - WARNING - 剪切板中不包含图片
2025-08-28 21:00:14,079 - INFO - 检测到 Ctrl+C
2025-08-28 21:00:14,079 - WARNING - 剪切板中不包含图片
2025-08-28 21:00:19,597 - INFO - 检测到 Ctrl+C
2025-08-28 21:00:19,597 - WARNING - 剪切板中不包含图片
2025-08-28 21:04:18,296 - INFO - 检测到 Ctrl+C
2025-08-28 21:04:18,296 - WARNING - 剪切板中不包含图片
2025-08-28 21:04:58,321 - INFO - 检测到 Ctrl+C
2025-08-28 21:04:58,830 - WARNING - 剪切板中不包含图片
2025-08-28 21:05:18,589 - INFO - 检测到 Ctrl+C
2025-08-28 21:05:18,589 - WARNING - 剪切板中不包含图片
2025-08-28 21:10:51,064 - INFO - 检测到 Ctrl+C
2025-08-28 21:10:51,064 - WARNING - 剪切板中不包含图片
2025-08-28 21:24:05,012 - INFO - 检测到 Ctrl+C
2025-08-28 21:24:05,012 - WARNING - 剪切板中不包含图片
2025-08-28 21:25:39,091 - INFO - 检测到 Ctrl+C
2025-08-28 21:25:39,091 - WARNING - 剪切板中不包含图片
2025-08-28 21:25:59,350 - INFO - 检测到 Ctrl+C
2025-08-28 21:25:59,350 - WARNING - 剪切板中不包含图片
2025-08-28 21:26:13,090 - INFO - 检测到 Ctrl+C
2025-08-28 21:26:13,090 - WARNING - 剪切板中不包含图片
2025-08-28 21:26:20,813 - INFO - 检测到 Ctrl+C
2025-08-28 21:26:20,813 - WARNING - 剪切板中不包含图片
2025-08-28 21:26:47,997 - INFO - 检测到 Ctrl+C
2025-08-28 21:26:47,997 - WARNING - 剪切板中不包含图片
2025-08-28 21:28:08,140 - INFO - 检测到 Ctrl+C
2025-08-28 21:28:08,140 - WARNING - 剪切板中不包含图片
2025-08-28 21:29:17,644 - INFO - 检测到 Ctrl+C
2025-08-28 21:29:17,644 - WARNING - 剪切板中不包含图片
2025-08-28 21:29:29,676 - INFO - 检测到 Ctrl+C
2025-08-28 21:29:29,676 - WARNING - 剪切板中不包含图片
2025-08-28 21:29:44,016 - INFO - 检测到 Ctrl+C
2025-08-28 21:29:44,016 - WARNING - 剪切板中不包含图片
2025-08-28 21:30:03,074 - INFO - 检测到 Ctrl+C
2025-08-28 21:30:03,074 - WARNING - 剪切板中不包含图片
2025-08-28 21:30:07,988 - INFO - 检测到 Ctrl+C
2025-08-28 21:30:07,988 - WARNING - 剪切板中不包含图片
2025-08-28 21:30:20,122 - INFO - 检测到 Ctrl+C
2025-08-28 21:30:20,122 - WARNING - 剪切板中不包含图片
2025-08-28 21:30:30,953 - INFO - 检测到 Ctrl+C
2025-08-28 21:30:30,953 - WARNING - 剪切板中不包含图片
2025-08-28 21:30:53,716 - INFO - 检测到 Ctrl+C
2025-08-28 21:30:53,716 - WARNING - 剪切板中不包含图片
2025-08-28 21:31:04,045 - INFO - 检测到 Ctrl+C
2025-08-28 21:31:04,045 - WARNING - 剪切板中不包含图片
2025-08-28 21:31:47,168 - INFO - 检测到 Ctrl+C
2025-08-28 21:31:47,168 - WARNING - 剪切板中不包含图片
2025-08-28 21:31:55,092 - INFO - 检测到 Ctrl+C
2025-08-28 21:31:55,092 - WARNING - 剪切板中不包含图片
2025-08-28 21:32:06,323 - INFO - 检测到 Ctrl+C
2025-08-28 21:32:06,323 - WARNING - 剪切板中不包含图片
2025-08-28 21:32:11,740 - INFO - 检测到 Ctrl+C
2025-08-28 21:32:11,740 - WARNING - 剪切板中不包含图片
2025-08-28 21:32:21,568 - INFO - 检测到 Ctrl+C
2025-08-28 21:32:22,072 - WARNING - 剪切板中不包含图片
2025-08-28 21:32:44,435 - INFO - 检测到 Ctrl+C
2025-08-28 21:32:44,435 - WARNING - 剪切板中不包含图片
2025-08-28 21:32:57,875 - INFO - 检测到 Ctrl+C
2025-08-28 21:32:57,875 - WARNING - 剪切板中不包含图片
2025-08-28 21:33:06,499 - INFO - 检测到 Ctrl+C
2025-08-28 21:33:06,499 - WARNING - 剪切板中不包含图片
2025-08-28 21:33:25,452 - INFO - 检测到 Ctrl+C
2025-08-28 21:33:25,452 - WARNING - 剪切板中不包含图片
2025-08-28 21:33:33,276 - INFO - 检测到 Ctrl+C
2025-08-28 21:33:33,276 - WARNING - 剪切板中不包含图片
2025-08-28 21:33:57,948 - INFO - 检测到 Ctrl+C
2025-08-28 21:33:57,948 - WARNING - 剪切板中不包含图片
2025-08-28 21:36:01,711 - INFO - 检测到 Ctrl+C
2025-08-28 21:36:01,711 - WARNING - 剪切板中不包含图片
2025-08-28 21:36:22,878 - INFO - 检测到 Ctrl+C
2025-08-28 21:36:22,878 - WARNING - 剪切板中不包含图片
2025-08-28 21:36:41,936 - INFO - 检测到 Ctrl+C
2025-08-28 21:36:41,936 - WARNING - 剪切板中不包含图片
2025-08-28 21:36:53,370 - INFO - 检测到 Ctrl+C
2025-08-28 21:36:53,370 - WARNING - 剪切板中不包含图片
2025-08-28 21:37:00,491 - INFO - 检测到 Ctrl+C
2025-08-28 21:37:00,491 - WARNING - 剪切板中不包含图片
2025-08-28 21:39:27,005 - INFO - 检测到 Ctrl+C
2025-08-28 21:39:27,005 - WARNING - 剪切板中不包含图片
2025-08-28 21:39:32,420 - INFO - 检测到 Ctrl+C
2025-08-28 21:39:32,420 - WARNING - 剪切板中不包含图片
2025-08-28 21:39:49,269 - INFO - 检测到 Ctrl+C
2025-08-28 21:39:49,269 - WARNING - 剪切板中不包含图片
2025-08-28 21:40:41,220 - INFO - 检测到 Ctrl+C
2025-08-28 21:40:41,220 - WARNING - 剪切板中不包含图片
2025-08-28 21:44:16,765 - INFO - 检测到 Ctrl+C
2025-08-28 21:44:16,765 - WARNING - 剪切板中不包含图片
2025-08-28 21:45:21,751 - INFO - 检测到 Ctrl+C
2025-08-28 21:45:21,751 - WARNING - 剪切板中不包含图片
2025-08-28 21:49:46,545 - INFO - 检测到 Ctrl+C
2025-08-28 21:49:46,545 - WARNING - 剪切板中不包含图片
2025-08-28 21:54:29,392 - INFO - 检测到 Ctrl+C
2025-08-28 21:54:29,392 - WARNING - 剪切板中不包含图片
2025-08-28 21:56:54,029 - INFO - 检测到 Ctrl+C
2025-08-28 21:56:54,030 - WARNING - 剪切板中不包含图片
2025-08-28 21:57:03,660 - INFO - 检测到 Ctrl+C
2025-08-28 21:57:03,660 - WARNING - 剪切板中不包含图片
2025-08-28 21:57:37,583 - INFO - 检测到 Ctrl+C
2025-08-28 21:57:37,583 - WARNING - 剪切板中不包含图片
2025-08-28 21:59:09,359 - INFO - 检测到 Ctrl+C
2025-08-28 21:59:09,359 - WARNING - 剪切板中不包含图片
2025-08-28 21:59:39,649 - INFO - 检测到 Ctrl+C
2025-08-28 21:59:39,649 - WARNING - 剪切板中不包含图片
2025-08-28 21:59:47,670 - INFO - 检测到 Ctrl+C
2025-08-28 21:59:47,670 - WARNING - 剪切板中不包含图片
2025-08-28 22:00:22,776 - INFO - 检测到 Ctrl+C
2025-08-28 22:00:22,776 - WARNING - 剪切板中不包含图片
2025-08-28 22:00:29,094 - INFO - 检测到 Ctrl+C
2025-08-28 22:00:29,094 - WARNING - 剪切板中不包含图片
2025-08-28 22:00:51,962 - INFO - 检测到 Ctrl+C
2025-08-28 22:00:51,962 - WARNING - 剪切板中不包含图片
2025-08-28 22:01:02,292 - INFO - 检测到 Ctrl+C
2025-08-28 22:01:02,292 - WARNING - 剪切板中不包含图片
2025-08-28 22:05:44,842 - INFO - 检测到 Ctrl+C
2025-08-28 22:05:44,842 - WARNING - 剪切板中不包含图片
2025-08-28 22:06:20,541 - INFO - 检测到 Ctrl+C
2025-08-28 22:06:20,541 - WARNING - 剪切板中不包含图片
2025-08-28 22:07:07,986 - INFO - 检测到 Ctrl+C
2025-08-28 22:07:07,986 - WARNING - 剪切板中不包含图片
2025-08-28 22:07:21,224 - INFO - 检测到 Ctrl+C
2025-08-28 22:07:21,224 - WARNING - 剪切板中不包含图片
2025-08-28 22:09:46,534 - INFO - 检测到 Ctrl+C
2025-08-28 22:09:46,534 - WARNING - 剪切板中不包含图片
2025-08-28 22:25:41,221 - INFO - 检测到 Ctrl+C
2025-08-28 22:25:41,221 - WARNING - 剪切板中不包含图片
2025-08-28 22:31:21,342 - INFO - 检测到 Ctrl+C
2025-08-28 22:31:21,342 - WARNING - 剪切板中不包含图片
2025-08-28 22:31:40,708 - INFO - 检测到 Ctrl+C
2025-08-28 22:31:40,708 - WARNING - 剪切板中不包含图片
2025-08-28 22:34:30,917 - INFO - 检测到 Ctrl+C
2025-08-28 22:34:30,917 - WARNING - 剪切板中不包含图片
2025-08-28 22:34:41,147 - INFO - 检测到 Ctrl+C
2025-08-28 22:34:41,147 - WARNING - 剪切板中不包含图片
2025-08-28 22:35:25,283 - INFO - 检测到 Ctrl+C
2025-08-28 22:35:25,283 - WARNING - 剪切板中不包含图片
2025-08-28 22:35:30,596 - INFO - 检测到 Ctrl+C
2025-08-28 22:35:30,596 - WARNING - 剪切板中不包含图片
2025-08-28 22:37:01,865 - INFO - 检测到 Ctrl+C
2025-08-28 22:37:01,865 - WARNING - 剪切板中不包含图片
2025-08-28 22:38:04,952 - INFO - 检测到 Ctrl+C
2025-08-28 22:38:04,952 - WARNING - 剪切板中不包含图片
2025-08-28 22:38:40,856 - INFO - 检测到 Ctrl+C
2025-08-28 22:38:40,856 - WARNING - 剪切板中不包含图片
2025-08-28 22:38:45,269 - INFO - 检测到 Ctrl+C
2025-08-28 22:38:45,269 - WARNING - 剪切板中不包含图片
2025-08-28 22:38:49,079 - INFO - 检测到 Ctrl+C
2025-08-28 22:38:49,079 - WARNING - 剪切板中不包含图片
2025-08-28 22:38:52,789 - INFO - 检测到 Ctrl+C
2025-08-28 22:38:52,789 - WARNING - 剪切板中不包含图片
2025-08-28 22:38:57,301 - INFO - 检测到 Ctrl+C
2025-08-28 22:38:57,301 - WARNING - 剪切板中不包含图片
2025-08-28 22:39:10,135 - INFO - 检测到 Ctrl+C
2025-08-28 22:39:10,644 - WARNING - 剪切板中不包含图片
2025-08-28 22:39:27,592 - INFO - 检测到 Ctrl+C
2025-08-28 22:39:27,592 - WARNING - 剪切板中不包含图片
2025-08-28 22:40:11,929 - INFO - 检测到 Ctrl+C
2025-08-28 22:40:11,929 - WARNING - 剪切板中不包含图片
2025-08-28 22:40:16,441 - INFO - 检测到 Ctrl+C
2025-08-28 22:40:16,441 - WARNING - 剪切板中不包含图片
2025-08-28 22:40:24,863 - INFO - 检测到 Ctrl+C
2025-08-28 22:40:24,863 - WARNING - 剪切板中不包含图片
2025-08-28 22:40:30,079 - INFO - 检测到 Ctrl+C
2025-08-28 22:40:30,079 - WARNING - 剪切板中不包含图片
2025-08-28 22:40:35,796 - INFO - 检测到 Ctrl+C
2025-08-28 22:40:35,796 - WARNING - 剪切板中不包含图片
2025-08-28 22:40:41,212 - INFO - 检测到 Ctrl+C
2025-08-28 22:40:41,212 - WARNING - 剪切板中不包含图片
2025-08-28 22:40:54,248 - INFO - 检测到 Ctrl+C
2025-08-28 22:40:54,248 - WARNING - 剪切板中不包含图片
2025-08-28 22:41:06,184 - INFO - 检测到 Ctrl+C
2025-08-28 22:41:06,184 - WARNING - 剪切板中不包含图片
2025-08-28 22:41:38,874 - INFO - 检测到 Ctrl+C
2025-08-28 22:41:38,874 - WARNING - 剪切板中不包含图片
2025-08-28 22:43:29,008 - INFO - 检测到 Ctrl+C
2025-08-28 22:43:29,008 - WARNING - 剪切板中不包含图片
2025-08-28 22:44:03,207 - INFO - 检测到 Ctrl+C
2025-08-28 22:44:03,207 - WARNING - 剪切板中不包含图片
2025-08-28 22:53:33,216 - INFO - 检测到 Ctrl+C
2025-08-28 22:53:33,216 - WARNING - 剪切板中不包含图片
2025-08-28 22:54:25,782 - INFO - 检测到 Ctrl+C
2025-08-28 22:54:25,782 - WARNING - 剪切板中不包含图片
2025-08-28 22:54:50,459 - INFO - 检测到 Ctrl+C
2025-08-28 22:54:50,459 - WARNING - 剪切板中不包含图片
2025-08-28 22:54:56,276 - INFO - 检测到 Ctrl+C
2025-08-28 22:54:56,782 - WARNING - 剪切板中不包含图片
2025-08-28 22:55:16,548 - INFO - 检测到 Ctrl+C
2025-08-28 22:55:16,548 - WARNING - 剪切板中不包含图片
2025-08-28 22:55:29,687 - INFO - 检测到 Ctrl+C
2025-08-28 22:55:29,687 - WARNING - 剪切板中不包含图片
2025-08-28 22:56:07,903 - INFO - 检测到 Ctrl+C
2025-08-28 22:56:07,903 - WARNING - 剪切板中不包含图片
2025-08-28 22:56:22,546 - INFO - 检测到 Ctrl+C
2025-08-28 22:56:22,546 - WARNING - 剪切板中不包含图片
2025-08-28 22:56:49,723 - INFO - 检测到 Ctrl+C
2025-08-28 22:56:49,723 - WARNING - 剪切板中不包含图片
2025-08-28 22:57:04,164 - INFO - 检测到 Ctrl+C
2025-08-28 22:57:04,164 - WARNING - 剪切板中不包含图片
2025-08-28 22:57:43,381 - INFO - 检测到 Ctrl+C
2025-08-28 22:57:43,381 - WARNING - 剪切板中不包含图片
2025-08-28 22:58:01,133 - INFO - 检测到 Ctrl+C
2025-08-28 22:58:01,134 - WARNING - 剪切板中不包含图片
2025-08-28 22:58:17,783 - INFO - 检测到 Ctrl+C
2025-08-28 22:58:17,783 - WARNING - 剪切板中不包含图片
2025-08-28 22:58:33,226 - INFO - 检测到 Ctrl+C
2025-08-28 22:58:33,226 - WARNING - 剪切板中不包含图片
2025-08-28 22:58:42,757 - INFO - 检测到 Ctrl+C
2025-08-28 22:58:42,757 - WARNING - 剪切板中不包含图片
2025-08-28 22:59:30,794 - INFO - 检测到 Ctrl+C
2025-08-28 22:59:30,794 - WARNING - 剪切板中不包含图片
2025-08-28 22:59:52,861 - INFO - 检测到 Ctrl+C
2025-08-28 22:59:52,861 - WARNING - 剪切板中不包含图片
2025-08-28 23:00:08,908 - INFO - 检测到 Ctrl+C
2025-08-28 23:00:08,908 - WARNING - 剪切板中不包含图片
2025-08-28 23:00:22,946 - INFO - 检测到 Ctrl+C
2025-08-28 23:00:22,946 - WARNING - 剪切板中不包含图片
2025-08-28 23:00:37,591 - INFO - 检测到 Ctrl+C
2025-08-28 23:00:37,591 - WARNING - 剪切板中不包含图片
2025-08-28 23:00:57,152 - INFO - 检测到 Ctrl+C
2025-08-28 23:00:57,152 - WARNING - 剪切板中不包含图片
2025-08-28 23:01:18,209 - INFO - 检测到 Ctrl+C
2025-08-28 23:01:18,210 - WARNING - 剪切板中不包含图片
2025-08-28 23:02:00,043 - INFO - 检测到 Ctrl+C
2025-08-28 23:02:00,043 - WARNING - 剪切板中不包含图片
2025-08-28 23:02:14,185 - INFO - 检测到 Ctrl+C
2025-08-28 23:02:14,185 - WARNING - 剪切板中不包含图片
2025-08-28 23:02:53,604 - INFO - 检测到 Ctrl+C
2025-08-28 23:02:53,604 - WARNING - 剪切板中不包含图片
2025-08-28 23:03:29,910 - INFO - 检测到 Ctrl+C
2025-08-28 23:03:29,911 - WARNING - 剪切板中不包含图片
2025-08-28 23:04:20,568 - INFO - 检测到 Ctrl+C
2025-08-28 23:04:20,568 - WARNING - 剪切板中不包含图片
2025-08-28 23:04:27,286 - INFO - 检测到 Ctrl+C
2025-08-28 23:04:27,287 - WARNING - 剪切板中不包含图片
2025-08-28 23:05:29,771 - INFO - 检测到 Ctrl+C
2025-08-28 23:05:29,771 - WARNING - 剪切板中不包含图片
2025-08-28 23:06:30,457 - INFO - 检测到 Ctrl+C
2025-08-28 23:06:30,457 - WARNING - 剪切板中不包含图片
2025-08-28 23:13:02,241 - INFO - 检测到 Ctrl+C
2025-08-28 23:13:02,241 - WARNING - 剪切板中不包含图片
2025-08-28 23:13:07,457 - INFO - 检测到 Ctrl+C
2025-08-28 23:13:07,457 - WARNING - 剪切板中不包含图片
2025-08-28 23:13:29,520 - INFO - 检测到 Ctrl+C
2025-08-28 23:13:29,520 - WARNING - 剪切板中不包含图片
2025-08-28 23:13:58,201 - INFO - 检测到 Ctrl+C
2025-08-28 23:13:58,201 - WARNING - 剪切板中不包含图片
2025-08-28 23:14:12,745 - INFO - 检测到 Ctrl+C
2025-08-28 23:14:12,745 - WARNING - 剪切板中不包含图片
2025-08-28 23:14:27,689 - INFO - 检测到 Ctrl+C
2025-08-28 23:14:27,689 - WARNING - 剪切板中不包含图片
2025-08-28 23:15:15,432 - INFO - 检测到 Ctrl+C
2025-08-28 23:15:15,432 - WARNING - 剪切板中不包含图片
2025-08-28 23:15:26,664 - INFO - 检测到 Ctrl+C
2025-08-28 23:15:26,664 - WARNING - 剪切板中不包含图片
2025-08-28 23:16:10,204 - INFO - 检测到 Ctrl+C
2025-08-28 23:16:10,204 - WARNING - 剪切板中不包含图片
2025-08-28 23:16:18,027 - INFO - 检测到 Ctrl+C
2025-08-28 23:16:18,027 - WARNING - 剪切板中不包含图片
2025-08-28 23:16:23,942 - INFO - 检测到 Ctrl+C
2025-08-28 23:16:23,942 - WARNING - 剪切板中不包含图片
2025-08-28 23:17:11,680 - INFO - 检测到 Ctrl+C
2025-08-28 23:17:11,680 - WARNING - 剪切板中不包含图片
2025-08-28 23:17:19,403 - INFO - 检测到 Ctrl+C
2025-08-28 23:17:19,403 - WARNING - 剪切板中不包含图片
2025-08-28 23:17:29,834 - INFO - 检测到 Ctrl+C
2025-08-28 23:17:30,348 - WARNING - 剪切板中不包含图片
2025-08-28 23:17:34,559 - INFO - 检测到 Ctrl+C
2025-08-28 23:17:34,559 - WARNING - 剪切板中不包含图片
2025-08-28 23:17:49,902 - INFO - 检测到 Ctrl+C
2025-08-28 23:17:49,902 - WARNING - 剪切板中不包含图片
2025-08-28 23:19:00,516 - INFO - 检测到 Ctrl+C
2025-08-28 23:19:00,516 - WARNING - 剪切板中不包含图片
2025-08-28 23:19:08,740 - INFO - 检测到 Ctrl+C
2025-08-28 23:19:08,740 - WARNING - 剪切板中不包含图片
2025-08-28 23:19:48,555 - INFO - 检测到 Ctrl+C
2025-08-28 23:19:48,555 - WARNING - 剪切板中不包含图片
2025-08-28 23:20:25,664 - INFO - 检测到 Ctrl+C
2025-08-28 23:20:25,664 - WARNING - 剪切板中不包含图片
2025-08-28 23:20:39,302 - INFO - 检测到 Ctrl+C
2025-08-28 23:20:39,302 - WARNING - 剪切板中不包含图片
2025-08-28 23:21:30,363 - INFO - 检测到 Esc，准备退出
2025-08-28 23:21:30,368 - INFO - OCR 服务已关闭
2025-08-28 23:21:30,368 - INFO - 程序退出
2025-08-28 23:44:33,838 - INFO - OCR 服务已启动
2025-08-28 23:44:38,155 - INFO - 检测到 Ctrl+C
2025-08-28 23:44:38,164 - INFO - 剪切板中的图片已经保存
2025-08-28 23:44:38,164 - INFO - OCR识别任务已提交
2025-08-28 23:44:38,241 - INFO - 识别成功，img_path: D:\2\WechatOCR\dist\img\~~~ocr.png, result_file: json\~~~ocr.png.json
2025-08-28 23:44:39,166 - INFO - 文本已保存到 text_save.txt
2025-08-28 23:44:39,208 - INFO - 已将文件内容复制到剪贴板。
2025-08-28 23:45:43,703 - INFO - 检测到 Ctrl+C
2025-08-28 23:45:43,704 - WARNING - 剪切板中不包含图片
2025-08-28 23:48:35,014 - INFO - 检测到 Ctrl+C
2025-08-28 23:48:35,014 - WARNING - 剪切板中不包含图片
2025-08-28 23:48:51,669 - INFO - 检测到 Ctrl+C
2025-08-28 23:48:51,670 - WARNING - 剪切板中不包含图片
2025-08-28 23:51:30,043 - INFO - 检测到 Ctrl+C
2025-08-28 23:51:30,043 - WARNING - 剪切板中不包含图片
2025-08-28 23:52:16,781 - INFO - 检测到 Ctrl+C
2025-08-28 23:52:16,781 - WARNING - 剪切板中不包含图片
2025-08-28 23:53:03,325 - INFO - 检测到 Ctrl+C
2025-08-28 23:53:03,325 - WARNING - 剪切板中不包含图片
2025-08-28 23:53:07,637 - INFO - 检测到 Ctrl+C
2025-08-28 23:53:07,637 - WARNING - 剪切板中不包含图片
2025-08-28 23:53:55,780 - INFO - 检测到 Ctrl+C
2025-08-28 23:53:55,780 - WARNING - 剪切板中不包含图片
2025-08-28 23:54:41,616 - INFO - 检测到 Ctrl+C
2025-08-28 23:54:41,616 - WARNING - 剪切板中不包含图片
2025-08-28 23:56:07,264 - INFO - 检测到 Ctrl+C
2025-08-28 23:56:07,264 - WARNING - 剪切板中不包含图片
2025-08-28 23:56:24,818 - INFO - 检测到 Ctrl+C
2025-08-28 23:56:24,818 - WARNING - 剪切板中不包含图片
2025-08-28 23:56:42,970 - INFO - 检测到 Ctrl+C
2025-08-28 23:56:42,971 - WARNING - 剪切板中不包含图片
2025-08-29 00:02:43,223 - INFO - 检测到 Ctrl+C
2025-08-29 00:02:43,223 - WARNING - 剪切板中不包含图片
2025-08-29 00:03:25,176 - INFO - 检测到 Ctrl+C
2025-08-29 00:03:25,178 - INFO - 剪切板中的图片已经保存
2025-08-29 00:03:25,178 - INFO - OCR识别任务已提交
2025-08-29 00:03:25,274 - INFO - 识别成功，img_path: D:\2\WechatOCR\dist\img\~~~ocr.png, result_file: json\~~~ocr.png.json
2025-08-29 00:03:26,179 - INFO - 文本已保存到 text_save.txt
2025-08-29 00:03:26,186 - INFO - 已将文件内容复制到剪贴板。
2025-08-29 00:04:47,828 - INFO - 检测到 Ctrl+C
2025-08-29 00:04:47,828 - WARNING - 剪切板中不包含图片
2025-08-29 00:14:00,251 - INFO - 检测到 Ctrl+C
2025-08-29 00:14:00,251 - WARNING - 剪切板中不包含图片
2025-08-29 00:43:32,849 - INFO - 检测到 Ctrl+C
2025-08-29 00:43:32,849 - WARNING - 剪切板中不包含图片
2025-08-29 00:43:43,481 - INFO - 检测到 Ctrl+C
2025-08-29 00:43:43,481 - WARNING - 剪切板中不包含图片
2025-08-29 00:49:36,721 - INFO - 检测到 Ctrl+C
2025-08-29 00:49:36,721 - WARNING - 剪切板中不包含图片
2025-08-29 00:52:20,418 - INFO - 检测到 Ctrl+C
2025-08-29 00:52:20,418 - WARNING - 剪切板中不包含图片
2025-08-29 00:57:01,518 - INFO - 检测到 Ctrl+C
2025-08-29 00:57:01,518 - WARNING - 剪切板中不包含图片
2025-08-29 00:57:50,356 - INFO - 检测到 Ctrl+C
2025-08-29 00:57:50,356 - WARNING - 剪切板中不包含图片
2025-08-29 00:59:01,774 - INFO - 检测到 Ctrl+C
2025-08-29 00:59:01,774 - WARNING - 剪切板中不包含图片
2025-08-29 01:00:09,069 - INFO - 检测到 Ctrl+C
2025-08-29 01:00:09,069 - WARNING - 剪切板中不包含图片
2025-08-29 01:01:11,248 - INFO - 检测到 Ctrl+C
2025-08-29 01:01:11,248 - WARNING - 剪切板中不包含图片
2025-08-29 01:01:27,495 - INFO - 检测到 Ctrl+C
2025-08-29 01:01:27,495 - WARNING - 剪切板中不包含图片
2025-08-29 01:02:11,630 - INFO - 检测到 Ctrl+C
2025-08-29 01:02:11,630 - WARNING - 剪切板中不包含图片
2025-08-29 01:07:24,968 - INFO - 检测到 Ctrl+C
2025-08-29 01:07:24,968 - WARNING - 剪切板中不包含图片
2025-08-29 01:08:48,819 - INFO - 检测到 Ctrl+C
2025-08-29 01:08:48,819 - WARNING - 剪切板中不包含图片
2025-08-29 01:09:18,511 - INFO - 检测到 Ctrl+C
2025-08-29 01:09:18,511 - WARNING - 剪切板中不包含图片
2025-08-29 01:10:11,880 - INFO - 检测到 Ctrl+C
2025-08-29 01:10:11,880 - WARNING - 剪切板中不包含图片
2025-08-29 01:10:26,522 - INFO - 检测到 Ctrl+C
2025-08-29 01:10:26,522 - WARNING - 剪切板中不包含图片
2025-08-29 01:10:55,304 - INFO - 检测到 Ctrl+C
2025-08-29 01:10:55,304 - WARNING - 剪切板中不包含图片
2025-08-29 01:13:12,112 - INFO - 检测到 Ctrl+C
2025-08-29 01:13:12,112 - WARNING - 剪切板中不包含图片
2025-08-29 01:17:11,013 - INFO - 检测到 Ctrl+C
2025-08-29 01:17:11,013 - WARNING - 剪切板中不包含图片
2025-08-29 01:17:32,680 - INFO - 检测到 Ctrl+C
2025-08-29 01:17:32,680 - WARNING - 剪切板中不包含图片
2025-08-29 01:30:26,954 - INFO - 检测到 Ctrl+C
2025-08-29 01:30:26,954 - WARNING - 剪切板中不包含图片
2025-08-29 01:31:08,674 - INFO - 检测到 Ctrl+C
2025-08-29 01:31:08,674 - WARNING - 剪切板中不包含图片
2025-08-29 01:31:15,993 - INFO - 检测到 Ctrl+C
2025-08-29 01:31:15,993 - WARNING - 剪切板中不包含图片
2025-08-29 01:42:16,364 - INFO - OCR 服务已启动
2025-08-29 01:42:29,940 - INFO - 检测到 Ctrl+C
2025-08-29 01:42:29,945 - INFO - 剪切板中的图片已经保存
2025-08-29 01:42:29,948 - INFO - OCR识别任务已提交
2025-08-29 01:42:30,008 - INFO - 检测到 Ctrl+C
2025-08-29 01:42:30,020 - INFO - 剪切板中的图片已经保存
2025-08-29 01:42:30,021 - INFO - OCR识别任务已提交
2025-08-29 01:42:30,026 - INFO - 识别成功，img_path: D:\2\WechatOCR\dist\img\~~~ocr.png, result_file: json\~~~ocr.png.json
2025-08-29 01:42:30,085 - INFO - 识别成功，img_path: D:\2\WechatOCR\dist\img\~~~ocr.png, result_file: json\~~~ocr.png.json
2025-08-29 01:42:30,949 - INFO - 文本已保存到 text_save.txt
2025-08-29 01:42:30,954 - INFO - 已将文件内容复制到剪贴板。
2025-08-29 01:42:31,022 - INFO - 文本已保存到 text_save.txt
2025-08-29 01:42:31,060 - INFO - 已将文件内容复制到剪贴板。
2025-08-29 01:42:51,316 - INFO - 检测到 Ctrl+C
2025-08-29 01:42:51,316 - WARNING - 剪切板中不包含图片
2025-08-29 01:43:46,067 - INFO - 检测到 Ctrl+C
2025-08-29 01:43:46,067 - WARNING - 剪切板中不包含图片
2025-08-29 01:43:46,067 - WARNING - 剪切板中不包含图片
2025-08-29 01:43:57,598 - INFO - 检测到 Ctrl+C
2025-08-29 01:43:57,598 - WARNING - 剪切板中不包含图片
2025-08-29 01:52:32,115 - INFO - 检测到 Ctrl+C
2025-08-29 01:52:32,115 - WARNING - 剪切板中不包含图片
2025-08-29 01:52:32,115 - WARNING - 剪切板中不包含图片
2025-08-29 01:52:45,851 - INFO - 检测到 Ctrl+C
2025-08-29 01:52:45,851 - WARNING - 剪切板中不包含图片
2025-08-29 01:55:55,223 - INFO - 检测到 Ctrl+C
2025-08-29 01:55:55,223 - WARNING - 剪切板中不包含图片
2025-08-29 01:55:55,227 - INFO - 检测到 Ctrl+C
2025-08-29 01:55:55,227 - WARNING - 剪切板中不包含图片
2025-08-29 01:56:17,987 - INFO - 检测到 Ctrl+C
2025-08-29 01:56:17,987 - WARNING - 剪切板中不包含图片
2025-08-29 01:57:53,678 - INFO - 检测到 Ctrl+C
2025-08-29 01:57:53,678 - WARNING - 剪切板中不包含图片
2025-08-29 01:57:53,756 - INFO - 检测到 Ctrl+C
2025-08-29 01:57:53,756 - WARNING - 剪切板中不包含图片
2025-08-29 01:57:58,068 - INFO - 检测到 Ctrl+C
2025-08-29 01:57:58,068 - WARNING - 剪切板中不包含图片
2025-08-29 01:58:11,602 - INFO - 检测到 Ctrl+C
2025-08-29 01:58:11,602 - WARNING - 剪切板中不包含图片
2025-08-29 01:58:11,628 - INFO - 检测到 Ctrl+C
2025-08-29 01:58:11,628 - WARNING - 剪切板中不包含图片
2025-08-29 01:58:27,277 - INFO - 检测到 Ctrl+C
2025-08-29 01:58:27,277 - WARNING - 剪切板中不包含图片
2025-08-29 01:58:27,346 - INFO - 检测到 Ctrl+C
2025-08-29 01:58:27,346 - WARNING - 剪切板中不包含图片
2025-08-29 02:01:31,823 - INFO - 检测到 Ctrl+C
2025-08-29 02:01:31,823 - WARNING - 剪切板中不包含图片
2025-08-29 02:01:31,834 - INFO - 检测到 Ctrl+C
2025-08-29 02:01:31,834 - WARNING - 剪切板中不包含图片
2025-08-29 02:04:11,679 - INFO - 检测到 Ctrl+C
2025-08-29 02:04:11,679 - WARNING - 剪切板中不包含图片
2025-08-29 02:04:11,698 - INFO - 检测到 Ctrl+C
2025-08-29 02:04:11,698 - WARNING - 剪切板中不包含图片
2025-08-29 19:40:49,475 - INFO - OCR 服务已启动
2025-08-29 19:41:00,260 - INFO - OCR 服务已启动
2025-08-29 19:41:05,430 - INFO - 检测到 Ctrl+C
2025-08-29 19:41:05,445 - INFO - 剪切板中的图片已经保存
2025-08-29 19:41:05,445 - INFO - OCR识别任务已提交
2025-08-29 19:41:05,479 - INFO - 检测到 Ctrl+C
2025-08-29 19:41:05,501 - INFO - 剪切板中的图片已经保存
2025-08-29 19:41:05,502 - INFO - OCR识别任务已提交
2025-08-29 19:41:05,753 - INFO - 识别成功，img_path: D:\2\WechatOCR\dist\img\~~~ocr.png, result_file: json\~~~ocr.png.json
2025-08-29 19:41:05,802 - INFO - 识别成功，img_path: D:\2\WechatOCR\dist\img\~~~ocr.png, result_file: json\~~~ocr.png.json
2025-08-29 19:41:06,446 - INFO - 文本已保存到 text_save.txt
2025-08-29 19:41:06,485 - INFO - 已将文件内容复制到剪贴板。
2025-08-29 19:41:06,503 - INFO - 文本已保存到 text_save.txt
2025-08-29 19:41:06,534 - INFO - 已将文件内容复制到剪贴板。
2025-08-29 19:41:12,553 - INFO - 检测到 Ctrl+C
2025-08-29 19:41:12,553 - WARNING - 剪切板中不包含图片
2025-08-29 19:41:12,608 - INFO - 检测到 Ctrl+C
2025-08-29 19:41:12,608 - WARNING - 剪切板中不包含图片
2025-08-29 19:42:34,054 - INFO - 检测到 Ctrl+C
2025-08-29 19:42:34,076 - INFO - 剪切板中的图片已经保存
2025-08-29 19:42:34,076 - INFO - OCR识别任务已提交
2025-08-29 19:42:34,103 - INFO - 检测到 Ctrl+C
2025-08-29 19:42:34,118 - INFO - 剪切板中的图片已经保存
2025-08-29 19:42:34,118 - INFO - OCR识别任务已提交
2025-08-29 19:42:34,532 - INFO - 识别成功，img_path: D:\2\WechatOCR\dist\img\~~~ocr.png, result_file: json\~~~ocr.png.json
2025-08-29 19:42:34,571 - INFO - 识别成功，img_path: D:\2\WechatOCR\dist\img\~~~ocr.png, result_file: json\~~~ocr.png.json
2025-08-29 19:42:35,077 - INFO - 文本已保存到 text_save.txt
2025-08-29 19:42:35,085 - INFO - 已将文件内容复制到剪贴板。
2025-08-29 19:42:35,119 - INFO - 文本已保存到 text_save.txt
2025-08-29 19:42:35,128 - INFO - 已将文件内容复制到剪贴板。
2025-08-29 19:44:00,193 - INFO - 检测到 Ctrl+C
2025-08-29 19:44:00,195 - ERROR - 保存剪切板图片失败
Traceback (most recent call last):
  File "main.py", line 22, in save_clipboard_pic
AttributeError: 'list' object has no attribute 'save'
2025-08-29 19:44:00,216 - INFO - 检测到 Ctrl+C
2025-08-29 19:44:00,216 - ERROR - 保存剪切板图片失败
Traceback (most recent call last):
  File "main.py", line 22, in save_clipboard_pic
AttributeError: 'list' object has no attribute 'save'
2025-08-29 19:47:28,174 - INFO - 检测到 Ctrl+C
2025-08-29 19:47:28,174 - INFO - 检测到 Ctrl+C
2025-08-29 19:47:28,174 - WARNING - 剪切板中不包含图片
2025-08-29 19:47:28,675 - WARNING - 剪切板中不包含图片
2025-08-29 19:52:03,239 - INFO - 检测到 Ctrl+C
2025-08-29 19:52:03,240 - WARNING - 剪切板中不包含图片
2025-08-29 19:52:03,240 - ERROR - 保存剪切板图片失败
Traceback (most recent call last):
  File "main.py", line 22, in save_clipboard_pic
AttributeError: 'list' object has no attribute 'save'
2025-08-29 20:02:34,915 - INFO - 检测到 Ctrl+C
2025-08-29 20:02:34,915 - WARNING - 剪切板中不包含图片
2025-08-29 20:02:34,916 - WARNING - 剪切板中不包含图片
2025-08-29 20:03:33,714 - INFO - 检测到 Ctrl+C
2025-08-29 20:03:33,714 - WARNING - 剪切板中不包含图片
2025-08-29 20:03:33,714 - INFO - 检测到 Ctrl+C
2025-08-29 20:03:33,714 - WARNING - 剪切板中不包含图片
2025-08-29 20:03:34,918 - INFO - 检测到 Ctrl+C
2025-08-29 20:03:34,918 - WARNING - 剪切板中不包含图片
2025-08-29 20:03:34,918 - WARNING - 剪切板中不包含图片
2025-08-29 20:03:36,924 - INFO - 检测到 Ctrl+C
2025-08-29 20:03:36,924 - INFO - 检测到 Ctrl+C
2025-08-29 20:03:36,924 - WARNING - 剪切板中不包含图片
2025-08-29 20:03:36,925 - WARNING - 剪切板中不包含图片
2025-08-29 20:03:37,525 - INFO - 检测到 Ctrl+C
2025-08-29 20:03:37,526 - WARNING - 剪切板中不包含图片
2025-08-29 20:03:48,669 - INFO - 检测到 Ctrl+C
2025-08-29 20:03:48,669 - WARNING - 剪切板中不包含图片
2025-08-29 20:03:48,676 - INFO - 检测到 Ctrl+C
2025-08-29 20:03:49,176 - WARNING - 剪切板中不包含图片
2025-08-29 20:03:53,584 - INFO - 检测到 Ctrl+C
2025-08-29 20:03:53,589 - WARNING - 剪切板中不包含图片
2025-08-29 20:03:53,590 - INFO - 检测到 Ctrl+C
2025-08-29 20:03:53,591 - WARNING - 剪切板中不包含图片
2025-08-29 20:06:23,163 - INFO - 检测到 Ctrl+C
2025-08-29 20:06:23,163 - INFO - 检测到 Ctrl+C
2025-08-29 20:06:23,163 - WARNING - 剪切板中不包含图片
2025-08-29 20:06:23,163 - WARNING - 剪切板中不包含图片
2025-08-29 20:19:47,320 - INFO - 检测到 Ctrl+C
2025-08-29 20:19:47,321 - WARNING - 剪切板中不包含图片
2025-08-29 20:19:47,406 - INFO - 检测到 Ctrl+C
2025-08-29 20:19:47,407 - WARNING - 剪切板中不包含图片
2025-08-29 20:24:40,870 - INFO - 检测到 Ctrl+C
2025-08-29 20:24:40,871 - WARNING - 剪切板中不包含图片
2025-08-29 20:24:40,873 - INFO - 检测到 Ctrl+C
2025-08-29 20:24:40,874 - WARNING - 剪切板中不包含图片
2025-08-29 20:29:21,548 - INFO - 检测到 Ctrl+C
2025-08-29 20:29:21,548 - WARNING - 剪切板中不包含图片
2025-08-29 20:29:21,548 - WARNING - 剪切板中不包含图片
2025-08-29 20:33:57,194 - INFO - 检测到 Ctrl+C
2025-08-29 20:33:57,194 - WARNING - 剪切板中不包含图片
2025-08-29 20:33:57,197 - INFO - 检测到 Ctrl+C
2025-08-29 20:33:57,197 - WARNING - 剪切板中不包含图片
2025-08-29 20:34:10,534 - INFO - 检测到 Ctrl+C
2025-08-29 20:34:10,556 - INFO - 检测到 Ctrl+C
2025-08-29 20:34:10,557 - WARNING - 剪切板中不包含图片
2025-08-29 20:34:11,035 - WARNING - 剪切板中不包含图片
2025-08-29 20:34:22,369 - INFO - 检测到 Ctrl+C
2025-08-29 20:34:22,371 - WARNING - 剪切板中不包含图片
2025-08-29 20:34:22,392 - INFO - 检测到 Ctrl+C
2025-08-29 20:34:22,392 - WARNING - 剪切板中不包含图片
2025-08-29 20:34:50,684 - INFO - 检测到 Ctrl+C
2025-08-29 20:34:50,685 - WARNING - 剪切板中不包含图片
2025-08-29 20:34:50,758 - INFO - 检测到 Ctrl+C
2025-08-29 20:34:50,758 - WARNING - 剪切板中不包含图片
2025-08-29 20:35:05,400 - INFO - 检测到 Ctrl+C
2025-08-29 20:35:05,400 - WARNING - 剪切板中不包含图片
2025-08-29 20:35:05,429 - INFO - 检测到 Ctrl+C
2025-08-29 20:35:05,429 - WARNING - 剪切板中不包含图片
2025-08-29 20:35:41,412 - INFO - 检测到 Ctrl+C
2025-08-29 20:35:41,413 - WARNING - 剪切板中不包含图片
2025-08-29 20:35:41,444 - INFO - 检测到 Ctrl+C
2025-08-29 20:35:41,444 - WARNING - 剪切板中不包含图片
2025-08-29 20:37:31,311 - INFO - 检测到 Ctrl+C
2025-08-29 20:37:31,311 - WARNING - 剪切板中不包含图片
2025-08-29 20:37:31,324 - INFO - 检测到 Ctrl+C
2025-08-29 20:37:31,325 - WARNING - 剪切板中不包含图片
2025-08-29 20:37:37,543 - INFO - 检测到 Ctrl+C
2025-08-29 20:37:37,543 - WARNING - 剪切板中不包含图片
2025-08-29 20:42:43,443 - INFO - 检测到 Ctrl+C
2025-08-29 20:42:43,443 - WARNING - 剪切板中不包含图片
2025-08-29 20:42:43,443 - WARNING - 剪切板中不包含图片
2025-08-29 20:43:26,205 - INFO - 检测到 Ctrl+C
2025-08-29 20:43:26,205 - INFO - 检测到 Ctrl+C
2025-08-29 20:43:26,206 - WARNING - 剪切板中不包含图片
2025-08-29 20:43:26,207 - WARNING - 剪切板中不包含图片
2025-08-29 20:46:34,886 - INFO - 检测到 Ctrl+C
2025-08-29 20:46:34,886 - WARNING - 剪切板中不包含图片
2025-08-29 20:46:34,886 - WARNING - 剪切板中不包含图片
2025-08-29 20:51:45,514 - INFO - 检测到 Ctrl+C
2025-08-29 20:51:45,514 - INFO - 检测到 Ctrl+C
2025-08-29 20:51:45,514 - WARNING - 剪切板中不包含图片
2025-08-29 20:51:45,515 - WARNING - 剪切板中不包含图片
2025-08-29 20:53:03,508 - INFO - 检测到 Ctrl+C
2025-08-29 20:53:03,508 - INFO - 检测到 Ctrl+C
2025-08-29 20:53:03,508 - WARNING - 剪切板中不包含图片
2025-08-29 20:53:03,510 - WARNING - 剪切板中不包含图片
2025-08-29 20:55:20,848 - INFO - 检测到 Ctrl+C
2025-08-29 20:55:20,848 - WARNING - 剪切板中不包含图片
2025-08-29 20:55:20,848 - WARNING - 剪切板中不包含图片
2025-08-29 20:56:23,458 - INFO - 检测到 Ctrl+C
2025-08-29 20:56:23,458 - WARNING - 剪切板中不包含图片
2025-08-29 20:56:23,458 - WARNING - 剪切板中不包含图片
2025-08-29 20:58:37,942 - INFO - 检测到 Ctrl+C
2025-08-29 20:58:37,942 - INFO - 检测到 Ctrl+C
2025-08-29 20:58:37,942 - WARNING - 剪切板中不包含图片
2025-08-29 20:58:37,942 - WARNING - 剪切板中不包含图片
2025-08-29 20:59:53,597 - INFO - 检测到 Ctrl+C
2025-08-29 20:59:53,597 - INFO - 检测到 Ctrl+C
2025-08-29 20:59:53,597 - WARNING - 剪切板中不包含图片
2025-08-29 20:59:53,597 - WARNING - 剪切板中不包含图片
2025-08-29 21:01:09,368 - INFO - 检测到 Ctrl+C
2025-08-29 21:01:09,368 - INFO - 检测到 Ctrl+C
2025-08-29 21:01:09,869 - WARNING - 剪切板中不包含图片
2025-08-29 21:01:09,871 - WARNING - 剪切板中不包含图片
2025-08-29 21:03:04,793 - INFO - 检测到 Ctrl+C
2025-08-29 21:03:05,294 - WARNING - 剪切板中不包含图片
2025-08-29 21:03:27,214 - INFO - 检测到 Ctrl+C
2025-08-29 21:03:27,214 - WARNING - 剪切板中不包含图片
2025-08-29 21:03:27,270 - INFO - 检测到 Ctrl+C
2025-08-29 21:03:27,270 - WARNING - 剪切板中不包含图片
2025-08-29 21:05:06,570 - INFO - 检测到 Ctrl+C
2025-08-29 21:05:06,570 - WARNING - 剪切板中不包含图片
2025-08-29 21:05:06,629 - INFO - 检测到 Ctrl+C
2025-08-29 21:05:06,629 - WARNING - 剪切板中不包含图片
2025-08-29 21:07:50,907 - INFO - 检测到 Ctrl+C
2025-08-29 21:07:50,907 - WARNING - 剪切板中不包含图片
2025-08-29 21:07:50,932 - INFO - 检测到 Ctrl+C
2025-08-29 21:07:50,932 - WARNING - 剪切板中不包含图片
2025-08-29 21:08:27,428 - INFO - 检测到 Ctrl+C
2025-08-29 21:08:27,428 - WARNING - 剪切板中不包含图片
2025-08-29 21:09:10,908 - INFO - 检测到 Ctrl+C
2025-08-29 21:09:10,908 - WARNING - 剪切板中不包含图片
2025-08-29 21:09:10,977 - INFO - 检测到 Ctrl+C
2025-08-29 21:09:10,980 - ERROR - 保存剪切板图片失败
Traceback (most recent call last):
  File "main.py", line 22, in save_clipboard_pic
AttributeError: 'list' object has no attribute 'save'
2025-08-29 21:13:55,783 - INFO - 检测到 Ctrl+C
2025-08-29 21:13:55,783 - WARNING - 剪切板中不包含图片
2025-08-29 21:13:55,783 - WARNING - 剪切板中不包含图片
2025-08-29 21:14:39,745 - INFO - 检测到 Ctrl+C
2025-08-29 21:14:39,745 - WARNING - 剪切板中不包含图片
2025-08-29 21:18:15,207 - INFO - 检测到 Ctrl+C
2025-08-29 21:18:15,207 - WARNING - 剪切板中不包含图片
2025-08-29 21:18:15,211 - INFO - 检测到 Ctrl+C
2025-08-29 21:18:15,212 - WARNING - 剪切板中不包含图片
2025-08-29 21:18:25,339 - INFO - 检测到 Ctrl+C
2025-08-29 21:18:25,339 - WARNING - 剪切板中不包含图片
2025-08-29 21:18:25,345 - INFO - 检测到 Ctrl+C
2025-08-29 21:18:25,345 - WARNING - 剪切板中不包含图片
2025-08-29 21:19:58,460 - INFO - 检测到 Ctrl+C
2025-08-29 21:19:58,460 - WARNING - 剪切板中不包含图片
2025-08-29 21:19:58,460 - WARNING - 剪切板中不包含图片
2025-08-29 21:23:43,239 - INFO - 检测到 Ctrl+C
2025-08-29 21:23:43,239 - WARNING - 剪切板中不包含图片
2025-08-29 21:23:43,254 - INFO - 检测到 Ctrl+C
2025-08-29 21:23:43,254 - WARNING - 剪切板中不包含图片
2025-08-29 21:23:51,266 - INFO - 检测到 Ctrl+C
2025-08-29 21:23:51,266 - WARNING - 剪切板中不包含图片
2025-08-29 21:23:51,277 - INFO - 检测到 Ctrl+C
2025-08-29 21:23:51,277 - WARNING - 剪切板中不包含图片
2025-08-29 21:23:59,603 - INFO - 检测到 Ctrl+C
2025-08-29 21:23:59,603 - WARNING - 剪切板中不包含图片
2025-08-29 21:23:59,689 - INFO - 检测到 Ctrl+C
2025-08-29 21:23:59,689 - WARNING - 剪切板中不包含图片
2025-08-29 21:25:43,590 - INFO - 检测到 Ctrl+C
2025-08-29 21:25:43,590 - INFO - 检测到 Ctrl+C
2025-08-29 21:25:43,590 - WARNING - 剪切板中不包含图片
2025-08-29 21:25:43,590 - WARNING - 剪切板中不包含图片
2025-08-29 21:25:47,100 - INFO - 检测到 Ctrl+C
2025-08-29 21:25:47,100 - INFO - 检测到 Ctrl+C
2025-08-29 21:25:47,100 - WARNING - 剪切板中不包含图片
2025-08-29 21:25:47,100 - WARNING - 剪切板中不包含图片
2025-08-29 21:38:08,482 - INFO - 检测到 Ctrl+C
2025-08-29 21:38:08,482 - WARNING - 剪切板中不包含图片
2025-08-29 21:38:08,539 - INFO - 检测到 Ctrl+C
2025-08-29 21:38:08,539 - WARNING - 剪切板中不包含图片
2025-08-29 21:43:02,143 - INFO - 检测到 Ctrl+C
2025-08-29 21:43:02,143 - WARNING - 剪切板中不包含图片
2025-08-29 21:43:02,182 - INFO - 检测到 Ctrl+C
2025-08-29 21:43:02,182 - WARNING - 剪切板中不包含图片
2025-08-29 21:43:49,388 - INFO - 检测到 Ctrl+C
2025-08-29 21:43:49,388 - WARNING - 剪切板中不包含图片
2025-08-29 21:43:49,417 - INFO - 检测到 Ctrl+C
2025-08-29 21:43:49,417 - WARNING - 剪切板中不包含图片
2025-08-29 21:44:14,369 - INFO - 检测到 Ctrl+C
2025-08-29 21:44:14,369 - WARNING - 剪切板中不包含图片
2025-08-29 21:44:14,395 - INFO - 检测到 Ctrl+C
2025-08-29 21:44:14,395 - WARNING - 剪切板中不包含图片
2025-08-29 21:44:46,471 - INFO - 检测到 Ctrl+C
2025-08-29 21:44:46,495 - INFO - 检测到 Ctrl+C
2025-08-29 21:44:46,495 - WARNING - 剪切板中不包含图片
2025-08-29 21:44:46,972 - WARNING - 剪切板中不包含图片
2025-08-29 21:45:58,716 - INFO - 检测到 Ctrl+C
2025-08-29 21:45:58,716 - WARNING - 剪切板中不包含图片
2025-08-29 21:45:58,729 - INFO - 检测到 Ctrl+C
2025-08-29 21:45:58,729 - WARNING - 剪切板中不包含图片
2025-08-29 21:46:46,671 - INFO - 检测到 Ctrl+C
2025-08-29 21:46:46,671 - WARNING - 剪切板中不包含图片
2025-08-29 21:46:46,695 - INFO - 检测到 Ctrl+C
2025-08-29 21:46:46,695 - WARNING - 剪切板中不包含图片
2025-08-29 21:47:02,448 - INFO - 检测到 Ctrl+C
2025-08-29 21:47:02,448 - WARNING - 剪切板中不包含图片
2025-08-29 21:47:02,519 - INFO - 检测到 Ctrl+C
2025-08-29 21:47:02,519 - WARNING - 剪切板中不包含图片
2025-08-29 21:47:29,205 - INFO - 检测到 Ctrl+C
2025-08-29 21:47:29,205 - WARNING - 剪切板中不包含图片
2025-08-29 21:49:26,693 - INFO - 检测到 Ctrl+C
2025-08-29 21:49:26,693 - WARNING - 剪切板中不包含图片
2025-08-29 21:49:26,720 - INFO - 检测到 Ctrl+C
2025-08-29 21:49:26,720 - WARNING - 剪切板中不包含图片
2025-08-29 21:49:34,823 - INFO - 检测到 Ctrl+C
2025-08-29 21:49:34,823 - WARNING - 剪切板中不包含图片
2025-08-29 21:49:53,686 - INFO - 检测到 Ctrl+C
2025-08-29 21:49:53,686 - WARNING - 剪切板中不包含图片
2025-08-29 21:49:53,705 - INFO - 检测到 Ctrl+C
2025-08-29 21:49:53,705 - WARNING - 剪切板中不包含图片
2025-08-29 21:50:22,494 - INFO - 检测到 Ctrl+C
2025-08-29 21:50:22,494 - WARNING - 剪切板中不包含图片
2025-08-29 21:53:53,523 - INFO - 检测到 Ctrl+C
2025-08-29 21:53:53,523 - WARNING - 剪切板中不包含图片
2025-08-29 21:53:53,525 - INFO - 检测到 Ctrl+C
2025-08-29 21:53:53,525 - WARNING - 剪切板中不包含图片
2025-08-29 21:55:34,559 - INFO - 检测到 Ctrl+C
2025-08-29 21:55:34,559 - WARNING - 剪切板中不包含图片
2025-08-29 21:55:34,560 - WARNING - 剪切板中不包含图片
2025-08-29 21:55:53,724 - INFO - 检测到 Ctrl+C
2025-08-29 21:55:53,724 - WARNING - 剪切板中不包含图片
2025-08-29 21:55:53,730 - INFO - 检测到 Ctrl+C
2025-08-29 21:55:53,730 - WARNING - 剪切板中不包含图片
2025-08-29 21:58:54,918 - INFO - 检测到 Ctrl+C
2025-08-29 21:58:54,918 - WARNING - 剪切板中不包含图片
2025-08-29 21:58:54,943 - INFO - 检测到 Ctrl+C
2025-08-29 21:58:54,943 - WARNING - 剪切板中不包含图片
2025-08-29 22:00:36,249 - INFO - 检测到 Ctrl+C
2025-08-29 22:00:36,249 - INFO - 检测到 Ctrl+C
2025-08-29 22:00:36,249 - WARNING - 剪切板中不包含图片
2025-08-29 22:00:36,249 - WARNING - 剪切板中不包含图片
2025-08-29 22:00:40,660 - INFO - 检测到 Ctrl+C
2025-08-29 22:00:40,660 - INFO - 检测到 Ctrl+C
2025-08-29 22:00:40,660 - WARNING - 剪切板中不包含图片
2025-08-29 22:00:40,660 - WARNING - 剪切板中不包含图片
2025-08-29 22:00:52,800 - INFO - 检测到 Ctrl+C
2025-08-29 22:00:52,800 - WARNING - 剪切板中不包含图片
2025-08-29 22:00:52,802 - INFO - 检测到 Ctrl+C
2025-08-29 22:00:52,802 - WARNING - 剪切板中不包含图片
2025-08-29 22:01:28,444 - INFO - 检测到 Ctrl+C
2025-08-29 22:01:28,444 - WARNING - 剪切板中不包含图片
2025-08-29 22:01:28,444 - WARNING - 剪切板中不包含图片
2025-08-29 22:01:56,285 - INFO - 检测到 Ctrl+C
2025-08-29 22:01:56,285 - WARNING - 剪切板中不包含图片
2025-08-29 22:01:56,289 - INFO - 检测到 Ctrl+C
2025-08-29 22:01:56,289 - WARNING - 剪切板中不包含图片
2025-08-29 22:02:06,316 - INFO - 检测到 Ctrl+C
2025-08-29 22:02:06,316 - WARNING - 剪切板中不包含图片
2025-08-29 22:07:14,710 - INFO - 检测到 Ctrl+C
2025-08-29 22:07:14,710 - WARNING - 剪切板中不包含图片
2025-08-29 22:07:14,710 - WARNING - 剪切板中不包含图片
2025-08-29 22:07:53,797 - INFO - 检测到 Ctrl+C
2025-08-29 22:07:53,798 - WARNING - 剪切板中不包含图片
2025-08-29 22:10:48,503 - INFO - 检测到 Ctrl+C
2025-08-29 22:10:48,503 - WARNING - 剪切板中不包含图片
2025-08-29 22:14:06,065 - INFO - 检测到 Ctrl+C
2025-08-29 22:14:06,065 - WARNING - 剪切板中不包含图片
2025-08-29 22:14:06,077 - INFO - 检测到 Ctrl+C
2025-08-29 22:14:06,077 - WARNING - 剪切板中不包含图片
2025-08-29 22:14:20,336 - INFO - 检测到 Ctrl+C
2025-08-29 22:14:20,336 - WARNING - 剪切板中不包含图片
2025-08-29 22:20:16,865 - INFO - 检测到 Ctrl+C
2025-08-29 22:20:16,865 - INFO - 检测到 Ctrl+C
2025-08-29 22:20:16,865 - WARNING - 剪切板中不包含图片
2025-08-29 22:20:16,865 - WARNING - 剪切板中不包含图片
2025-08-29 22:20:31,307 - INFO - 检测到 Ctrl+C
2025-08-29 22:20:31,307 - WARNING - 剪切板中不包含图片
2025-08-29 22:20:31,308 - INFO - 检测到 Ctrl+C
2025-08-29 22:20:31,308 - WARNING - 剪切板中不包含图片
2025-08-29 22:22:28,413 - INFO - 检测到 Ctrl+C
2025-08-29 22:22:28,422 - WARNING - 剪切板中不包含图片
2025-08-29 22:22:28,424 - ERROR - 保存剪切板图片失败
Traceback (most recent call last):
  File "main.py", line 22, in save_clipboard_pic
AttributeError: 'list' object has no attribute 'save'
2025-08-29 22:22:43,874 - INFO - 检测到 Ctrl+C
2025-08-29 22:22:43,874 - WARNING - 剪切板中不包含图片
2025-08-29 22:22:43,882 - INFO - 检测到 Ctrl+C
2025-08-29 22:22:43,882 - WARNING - 剪切板中不包含图片
2025-08-29 22:22:50,493 - INFO - 检测到 Ctrl+C
2025-08-29 22:22:50,493 - WARNING - 剪切板中不包含图片
2025-08-29 22:22:50,503 - INFO - 检测到 Ctrl+C
2025-08-29 22:22:50,503 - WARNING - 剪切板中不包含图片
2025-08-29 22:24:13,376 - INFO - 检测到 Ctrl+C
2025-08-29 22:24:13,376 - INFO - 检测到 Ctrl+C
2025-08-29 22:24:13,376 - WARNING - 剪切板中不包含图片
2025-08-29 22:24:13,376 - WARNING - 剪切板中不包含图片
2025-08-29 22:25:33,924 - INFO - 检测到 Ctrl+C
2025-08-29 22:25:33,924 - WARNING - 剪切板中不包含图片
2025-08-29 22:25:33,924 - WARNING - 剪切板中不包含图片
2025-08-29 22:25:43,954 - INFO - 检测到 Ctrl+C
2025-08-29 22:25:43,954 - WARNING - 剪切板中不包含图片
2025-08-29 22:25:43,954 - WARNING - 剪切板中不包含图片
2025-08-29 22:26:17,555 - INFO - 检测到 Ctrl+C
2025-08-29 22:26:17,555 - WARNING - 剪切板中不包含图片
2025-08-29 22:27:26,672 - INFO - 检测到 Ctrl+C
2025-08-29 22:27:26,672 - WARNING - 剪切板中不包含图片
2025-08-29 22:27:26,681 - ERROR - 保存剪切板图片失败
Traceback (most recent call last):
  File "main.py", line 22, in save_clipboard_pic
AttributeError: 'list' object has no attribute 'save'
2025-08-29 22:27:29,295 - INFO - 检测到 Ctrl+C
2025-08-29 22:27:29,296 - ERROR - 保存剪切板图片失败
Traceback (most recent call last):
  File "main.py", line 22, in save_clipboard_pic
AttributeError: 'list' object has no attribute 'save'
2025-08-29 22:27:29,379 - INFO - 检测到 Ctrl+C
2025-08-29 22:27:29,379 - ERROR - 保存剪切板图片失败
Traceback (most recent call last):
  File "main.py", line 22, in save_clipboard_pic
AttributeError: 'list' object has no attribute 'save'
2025-08-29 22:28:09,020 - INFO - 检测到 Ctrl+C
2025-08-29 22:28:09,020 - WARNING - 剪切板中不包含图片
2025-08-29 22:28:09,095 - INFO - 检测到 Ctrl+C
2025-08-29 22:28:09,096 - WARNING - 剪切板中不包含图片
2025-08-29 22:28:49,718 - INFO - 检测到 Ctrl+C
2025-08-29 22:28:49,718 - WARNING - 剪切板中不包含图片
2025-08-29 22:28:49,742 - INFO - 检测到 Ctrl+C
2025-08-29 22:28:49,742 - WARNING - 剪切板中不包含图片
2025-08-29 22:31:11,256 - INFO - 检测到 Ctrl+C
2025-08-29 22:31:11,256 - WARNING - 剪切板中不包含图片
2025-08-29 22:31:11,280 - INFO - 检测到 Ctrl+C
2025-08-29 22:31:11,280 - WARNING - 剪切板中不包含图片
2025-08-29 22:43:19,750 - INFO - 检测到 Ctrl+C
2025-08-29 22:43:19,750 - WARNING - 剪切板中不包含图片
2025-08-29 22:43:19,771 - INFO - 检测到 Ctrl+C
2025-08-29 22:43:19,771 - WARNING - 剪切板中不包含图片
2025-08-29 22:43:43,723 - INFO - 检测到 Ctrl+C
2025-08-29 22:43:43,723 - WARNING - 剪切板中不包含图片
2025-08-29 22:43:43,746 - INFO - 检测到 Ctrl+C
2025-08-29 22:43:43,746 - WARNING - 剪切板中不包含图片
2025-08-29 22:43:44,626 - INFO - 检测到 Ctrl+C
2025-08-29 22:43:44,626 - WARNING - 剪切板中不包含图片
2025-08-29 22:43:44,648 - INFO - 检测到 Ctrl+C
2025-08-29 22:43:44,648 - WARNING - 剪切板中不包含图片
2025-08-29 22:45:08,084 - INFO - 检测到 Ctrl+C
2025-08-29 22:45:08,084 - WARNING - 剪切板中不包含图片
2025-08-29 22:45:08,125 - INFO - 检测到 Ctrl+C
2025-08-29 22:45:08,125 - WARNING - 剪切板中不包含图片
2025-08-29 22:45:09,829 - INFO - 检测到 Ctrl+C
2025-08-29 22:45:09,829 - ERROR - 保存剪切板图片失败
Traceback (most recent call last):
  File "main.py", line 22, in save_clipboard_pic
AttributeError: 'list' object has no attribute 'save'
2025-08-29 22:45:09,888 - INFO - 检测到 Ctrl+C
2025-08-29 22:45:09,888 - ERROR - 保存剪切板图片失败
Traceback (most recent call last):
  File "main.py", line 22, in save_clipboard_pic
AttributeError: 'list' object has no attribute 'save'
2025-08-29 22:45:26,075 - INFO - 检测到 Ctrl+C
2025-08-29 22:45:26,075 - ERROR - 保存剪切板图片失败
Traceback (most recent call last):
  File "main.py", line 22, in save_clipboard_pic
AttributeError: 'list' object has no attribute 'save'
2025-08-29 22:45:26,133 - INFO - 检测到 Ctrl+C
2025-08-29 22:45:26,133 - ERROR - 保存剪切板图片失败
Traceback (most recent call last):
  File "main.py", line 22, in save_clipboard_pic
AttributeError: 'list' object has no attribute 'save'
2025-08-29 22:50:51,698 - INFO - 检测到 Ctrl+C
2025-08-29 22:50:51,698 - WARNING - 剪切板中不包含图片
2025-08-29 22:50:51,751 - INFO - 检测到 Ctrl+C
2025-08-29 22:50:51,751 - WARNING - 剪切板中不包含图片
2025-08-29 22:50:58,117 - INFO - 检测到 Ctrl+C
2025-08-29 22:50:58,117 - WARNING - 剪切板中不包含图片
2025-08-29 22:50:58,169 - INFO - 检测到 Ctrl+C
2025-08-29 22:50:58,169 - WARNING - 剪切板中不包含图片
2025-08-29 22:57:33,211 - INFO - 检测到 Ctrl+C
2025-08-29 22:57:33,211 - WARNING - 剪切板中不包含图片
2025-08-29 23:16:23,330 - INFO - 检测到 Ctrl+C
2025-08-29 23:16:23,330 - WARNING - 剪切板中不包含图片
2025-08-29 23:16:40,882 - INFO - 检测到 Ctrl+C
2025-08-29 23:16:40,882 - WARNING - 剪切板中不包含图片
2025-08-29 23:16:40,890 - INFO - 检测到 Ctrl+C
2025-08-29 23:16:40,890 - WARNING - 剪切板中不包含图片
2025-08-29 23:16:48,310 - INFO - 检测到 Ctrl+C
2025-08-29 23:16:48,310 - WARNING - 剪切板中不包含图片
2025-08-29 23:17:08,561 - INFO - 检测到 Ctrl+C
2025-08-29 23:17:08,561 - WARNING - 剪切板中不包含图片
2025-08-29 23:17:08,572 - INFO - 检测到 Ctrl+C
2025-08-29 23:17:08,572 - WARNING - 剪切板中不包含图片
2025-08-29 23:19:50,243 - INFO - 检测到 Ctrl+C
2025-08-29 23:19:50,243 - WARNING - 剪切板中不包含图片
2025-08-29 23:19:50,247 - INFO - 检测到 Ctrl+C
2025-08-29 23:19:50,247 - WARNING - 剪切板中不包含图片
2025-08-29 23:20:02,777 - INFO - 检测到 Ctrl+C
2025-08-29 23:20:02,777 - WARNING - 剪切板中不包含图片
2025-08-29 23:21:57,422 - INFO - 检测到 Ctrl+C
2025-08-29 23:21:57,422 - INFO - 检测到 Ctrl+C
2025-08-29 23:21:57,423 - WARNING - 剪切板中不包含图片
2025-08-29 23:21:57,423 - WARNING - 剪切板中不包含图片
2025-08-29 23:23:21,696 - INFO - 检测到 Ctrl+C
2025-08-29 23:23:21,696 - WARNING - 剪切板中不包含图片
2025-08-29 23:23:21,696 - WARNING - 剪切板中不包含图片
2025-08-29 23:23:29,717 - INFO - 检测到 Ctrl+C
2025-08-29 23:23:29,717 - WARNING - 剪切板中不包含图片
2025-08-29 23:23:29,717 - WARNING - 剪切板中不包含图片
2025-08-29 23:23:48,272 - INFO - 检测到 Ctrl+C
2025-08-29 23:23:48,272 - WARNING - 剪切板中不包含图片
2025-08-29 23:29:28,933 - INFO - 检测到 Ctrl+C
2025-08-29 23:29:28,933 - INFO - 检测到 Ctrl+C
2025-08-29 23:29:28,933 - WARNING - 剪切板中不包含图片
2025-08-29 23:29:28,933 - WARNING - 剪切板中不包含图片
2025-08-29 23:29:56,390 - INFO - 检测到 Ctrl+C
2025-08-29 23:29:56,390 - INFO - 检测到 Ctrl+C
2025-08-29 23:29:56,390 - WARNING - 剪切板中不包含图片
2025-08-29 23:31:39,109 - INFO - 检测到 Ctrl+C
2025-08-29 23:31:39,109 - WARNING - 剪切板中不包含图片
2025-08-29 23:31:39,110 - WARNING - 剪切板中不包含图片
2025-08-29 23:39:23,150 - INFO - 检测到 Esc，准备退出
2025-08-29 23:39:23,153 - INFO - 检测到 Esc，准备退出
2025-08-29 23:39:23,163 - INFO - OCR 服务已关闭
2025-08-29 23:39:23,163 - INFO - 程序退出
2025-08-29 23:39:23,163 - INFO - OCR 服务已关闭
2025-08-29 23:39:23,164 - INFO - 程序退出
2025-09-01 20:50:25,046 - INFO - OCR 服务已启动
2025-09-01 20:50:34,790 - INFO - 检测到 Ctrl+C
2025-09-01 20:50:34,807 - INFO - 剪切板中的图片已经保存
2025-09-01 20:50:34,808 - INFO - OCR识别任务已提交
2025-09-01 20:50:34,889 - INFO - 识别成功，img_path: D:\2\WechatOCR\dist\img\~~~ocr.png, result_file: json\~~~ocr.png.json
2025-09-01 20:50:35,810 - INFO - 文本已保存到 text_save.txt
2025-09-01 20:50:35,899 - INFO - 已将文件内容复制到剪贴板。
2025-09-01 20:59:26,792 - INFO - 检测到 Ctrl+C
2025-09-01 20:59:26,792 - WARNING - 剪切板中不包含图片
2025-09-01 21:00:42,202 - INFO - 检测到 Ctrl+C
2025-09-01 21:00:42,202 - WARNING - 剪切板中不包含图片
2025-09-01 21:01:45,085 - INFO - 检测到 Ctrl+C
2025-09-01 21:01:45,085 - WARNING - 剪切板中不包含图片
2025-09-01 21:04:41,836 - INFO - 检测到 Ctrl+C
2025-09-01 21:04:41,836 - WARNING - 剪切板中不包含图片
2025-09-01 21:05:24,528 - INFO - 检测到 Ctrl+C
2025-09-01 21:05:24,529 - WARNING - 剪切板中不包含图片
2025-09-01 21:06:07,093 - INFO - 检测到 Ctrl+C
2025-09-01 21:06:07,095 - WARNING - 剪切板中不包含图片
2025-09-01 21:07:49,184 - INFO - 检测到 Ctrl+C
2025-09-01 21:07:49,184 - WARNING - 剪切板中不包含图片
2025-09-01 21:08:30,334 - INFO - 检测到 Ctrl+C
2025-09-01 21:08:30,334 - WARNING - 剪切板中不包含图片
2025-09-01 21:09:21,742 - INFO - 检测到 Ctrl+C
2025-09-01 21:09:21,742 - WARNING - 剪切板中不包含图片
2025-09-01 21:10:20,642 - INFO - 检测到 Ctrl+C
2025-09-01 21:10:20,642 - WARNING - 剪切板中不包含图片
2025-09-01 21:10:57,270 - INFO - 检测到 Ctrl+C
2025-09-01 21:10:57,270 - WARNING - 剪切板中不包含图片
2025-09-01 21:11:08,911 - INFO - 检测到 Ctrl+C
2025-09-01 21:11:08,911 - WARNING - 剪切板中不包含图片
2025-09-01 21:11:26,611 - INFO - 检测到 Ctrl+C
2025-09-01 21:11:26,613 - WARNING - 剪切板中不包含图片
2025-09-01 21:11:49,864 - INFO - 检测到 Ctrl+C
2025-09-01 21:11:49,864 - WARNING - 剪切板中不包含图片
2025-09-01 21:15:08,541 - INFO - 检测到 Ctrl+C
2025-09-01 21:15:09,042 - WARNING - 剪切板中不包含图片
2025-09-01 21:17:00,473 - INFO - 检测到 Ctrl+C
2025-09-01 21:17:00,473 - WARNING - 剪切板中不包含图片
2025-09-01 21:18:27,616 - INFO - 检测到 Ctrl+C
2025-09-01 21:18:27,616 - WARNING - 剪切板中不包含图片
2025-09-01 21:18:46,797 - INFO - 检测到 Ctrl+C
2025-09-01 21:18:46,797 - WARNING - 剪切板中不包含图片
2025-09-01 21:18:59,641 - INFO - 检测到 Ctrl+C
2025-09-01 21:18:59,642 - WARNING - 剪切板中不包含图片
2025-09-01 21:19:10,479 - INFO - 检测到 Ctrl+C
2025-09-01 21:19:10,479 - WARNING - 剪切板中不包含图片
2025-09-01 21:21:11,160 - INFO - 检测到 Ctrl+C
2025-09-01 21:21:11,160 - WARNING - 剪切板中不包含图片
2025-09-01 21:24:32,238 - INFO - 检测到 Ctrl+C
2025-09-01 21:24:32,238 - WARNING - 剪切板中不包含图片
2025-09-01 21:24:37,261 - INFO - 检测到 Ctrl+C
2025-09-01 21:24:37,261 - WARNING - 剪切板中不包含图片
2025-09-01 21:25:03,368 - INFO - 检测到 Ctrl+C
2025-09-01 21:25:03,368 - WARNING - 剪切板中不包含图片
2025-09-01 21:25:47,444 - INFO - 检测到 Ctrl+C
2025-09-01 21:25:47,444 - WARNING - 剪切板中不包含图片
2025-09-01 21:26:04,008 - INFO - 检测到 Ctrl+C
2025-09-01 21:26:04,008 - WARNING - 剪切板中不包含图片
2025-09-01 21:26:57,634 - INFO - 检测到 Ctrl+C
2025-09-01 21:26:57,635 - WARNING - 剪切板中不包含图片
2025-09-01 21:28:26,966 - INFO - 检测到 Ctrl+C
2025-09-01 21:28:26,966 - WARNING - 剪切板中不包含图片
2025-09-01 21:28:29,374 - INFO - 检测到 Ctrl+C
2025-09-01 21:28:29,374 - WARNING - 剪切板中不包含图片
2025-09-01 21:28:35,894 - INFO - 检测到 Ctrl+C
2025-09-01 21:28:35,894 - WARNING - 剪切板中不包含图片
2025-09-01 21:28:43,820 - INFO - 检测到 Ctrl+C
2025-09-01 21:28:43,820 - WARNING - 剪切板中不包含图片
2025-09-01 21:28:56,059 - INFO - 检测到 Ctrl+C
2025-09-01 21:28:56,059 - WARNING - 剪切板中不包含图片
2025-09-01 21:30:11,744 - INFO - 检测到 Ctrl+C
2025-09-01 21:30:11,744 - WARNING - 剪切板中不包含图片
2025-09-01 21:37:56,737 - INFO - 检测到 Esc，准备退出
2025-09-01 21:37:56,743 - INFO - OCR 服务已关闭
2025-09-01 21:37:56,743 - INFO - 程序退出
2025-09-02 01:00:01,126 - INFO - OCR 服务已启动
2025-09-02 01:00:12,264 - INFO - 检测到 Ctrl+C
2025-09-02 01:00:12,277 - INFO - 剪切板中的图片已经保存
2025-09-02 01:00:12,278 - INFO - OCR识别任务已提交
2025-09-02 01:00:12,442 - INFO - 识别成功，img_path: D:\2\WechatOCR\dist\img\~~~ocr.png, result_file: json\~~~ocr.png.json
2025-09-02 01:00:13,278 - INFO - 文本已保存到 text_save.txt
2025-09-02 01:00:13,322 - INFO - 已将文件内容复制到剪贴板。
2025-09-02 15:33:54,937 - INFO - OCR 服务已启动
2025-09-02 15:44:17,935 - INFO - 检测到 Ctrl+C
2025-09-02 15:44:17,935 - WARNING - 剪切板中不包含图片
2025-09-02 15:44:30,366 - INFO - 检测到 Ctrl+C
2025-09-02 15:44:30,366 - WARNING - 剪切板中不包含图片
2025-09-02 15:52:35,927 - INFO - 检测到 Ctrl+C
2025-09-02 15:52:35,927 - WARNING - 剪切板中不包含图片
2025-09-02 15:56:05,917 - INFO - 检测到 Ctrl+C
2025-09-02 15:56:05,917 - WARNING - 剪切板中不包含图片
2025-09-02 16:29:28,152 - INFO - 检测到 Ctrl+C
2025-09-02 16:29:28,152 - WARNING - 剪切板中不包含图片
2025-09-02 16:29:45,200 - INFO - 检测到 Ctrl+C
2025-09-02 16:29:45,200 - WARNING - 剪切板中不包含图片
2025-09-02 16:46:24,244 - INFO - 检测到 Ctrl+C
2025-09-02 16:46:24,244 - WARNING - 剪切板中不包含图片
2025-09-02 16:46:24,845 - INFO - 检测到 Ctrl+C
2025-09-02 16:46:24,845 - WARNING - 剪切板中不包含图片
2025-09-02 16:51:20,132 - INFO - 检测到 Ctrl+C
2025-09-02 16:51:20,132 - WARNING - 剪切板中不包含图片
2025-09-02 16:52:03,753 - INFO - 检测到 Ctrl+C
2025-09-02 16:52:03,753 - WARNING - 剪切板中不包含图片
2025-09-03 00:28:43,543 - INFO - OCR 服务已启动
2025-09-03 00:28:49,561 - INFO - 检测到 Ctrl+C
2025-09-03 00:28:49,573 - INFO - 剪切板中的图片已经保存
2025-09-03 00:28:49,573 - INFO - OCR识别任务已提交
2025-09-03 00:28:49,780 - INFO - 识别成功，img_path: D:\2\WechatOCR\dist\img\~~~ocr.png, result_file: json\~~~ocr.png.json
2025-09-03 00:28:50,574 - INFO - 文本已保存到 text_save.txt
2025-09-03 00:28:50,609 - INFO - 已将文件内容复制到剪贴板。
2025-09-03 00:29:34,366 - INFO - 检测到 Ctrl+C
2025-09-03 00:29:34,366 - WARNING - 剪切板中不包含图片
2025-09-03 00:33:22,044 - INFO - 检测到 Ctrl+C
2025-09-03 00:33:22,044 - WARNING - 剪切板中不包含图片
2025-09-03 00:36:57,267 - INFO - 检测到 Ctrl+C
2025-09-03 00:36:57,268 - WARNING - 剪切板中不包含图片
2025-09-03 00:40:25,568 - INFO - 检测到 Ctrl+C
2025-09-03 00:40:25,568 - WARNING - 剪切板中不包含图片
2025-09-03 00:40:41,510 - INFO - 检测到 Ctrl+C
2025-09-03 00:40:42,015 - WARNING - 剪切板中不包含图片
2025-09-03 00:40:59,768 - INFO - 检测到 Ctrl+C
2025-09-03 00:40:59,769 - WARNING - 剪切板中不包含图片
2025-09-03 00:41:51,825 - INFO - 检测到 Ctrl+C
2025-09-03 00:41:51,827 - WARNING - 剪切板中不包含图片
2025-09-03 00:42:08,571 - INFO - 检测到 Ctrl+C
2025-09-03 00:42:08,571 - WARNING - 剪切板中不包含图片
2025-09-03 00:42:48,379 - INFO - 检测到 Ctrl+C
2025-09-03 00:42:48,379 - WARNING - 剪切板中不包含图片
2025-09-03 00:42:53,492 - INFO - 检测到 Ctrl+C
2025-09-03 00:42:53,492 - WARNING - 剪切板中不包含图片
2025-09-03 00:43:03,216 - INFO - 检测到 Ctrl+C
2025-09-03 00:43:03,218 - WARNING - 剪切板中不包含图片
2025-09-03 00:43:31,189 - INFO - 检测到 Ctrl+C
2025-09-03 00:43:31,189 - WARNING - 剪切板中不包含图片
2025-09-03 00:44:09,589 - INFO - 检测到 Ctrl+C
2025-09-03 00:44:09,589 - WARNING - 剪切板中不包含图片
2025-09-03 00:44:51,102 - INFO - 检测到 Ctrl+C
2025-09-03 00:44:51,102 - WARNING - 剪切板中不包含图片
2025-09-03 00:44:54,409 - INFO - 检测到 Ctrl+C
2025-09-03 00:44:54,409 - WARNING - 剪切板中不包含图片
2025-09-03 00:46:06,198 - INFO - 检测到 Ctrl+C
2025-09-03 00:46:06,198 - WARNING - 剪切板中不包含图片
2025-09-03 00:46:49,623 - INFO - 检测到 Ctrl+C
2025-09-03 00:46:49,625 - WARNING - 剪切板中不包含图片
2025-09-03 00:47:17,601 - INFO - 检测到 Ctrl+C
2025-09-03 00:47:17,601 - WARNING - 剪切板中不包含图片
2025-09-03 00:48:23,601 - INFO - 检测到 Ctrl+C
2025-09-03 00:48:23,601 - WARNING - 剪切板中不包含图片
2025-09-03 00:49:46,230 - INFO - 检测到 Ctrl+C
2025-09-03 00:49:46,230 - WARNING - 剪切板中不包含图片
2025-09-03 00:53:10,140 - INFO - 检测到 Ctrl+C
2025-09-03 00:53:10,141 - WARNING - 剪切板中不包含图片
2025-09-03 00:53:14,856 - INFO - 检测到 Ctrl+C
2025-09-03 00:53:14,856 - WARNING - 剪切板中不包含图片
2025-09-03 00:55:15,799 - INFO - 检测到 Ctrl+C
2025-09-03 00:55:15,799 - WARNING - 剪切板中不包含图片
2025-09-03 00:57:05,324 - INFO - 检测到 Ctrl+C
2025-09-03 00:57:05,324 - WARNING - 剪切板中不包含图片
2025-09-03 00:58:35,983 - INFO - 检测到 Ctrl+C
2025-09-03 00:58:35,983 - WARNING - 剪切板中不包含图片
2025-09-03 00:59:52,192 - INFO - 检测到 Ctrl+C
2025-09-03 00:59:52,192 - WARNING - 剪切板中不包含图片
2025-09-03 01:00:01,919 - INFO - 检测到 Ctrl+C
2025-09-03 01:00:01,919 - WARNING - 剪切板中不包含图片
2025-09-03 01:00:11,548 - INFO - 检测到 Ctrl+C
2025-09-03 01:00:11,548 - WARNING - 剪切板中不包含图片
2025-09-03 01:00:49,759 - INFO - 检测到 Ctrl+C
2025-09-03 01:00:49,760 - WARNING - 剪切板中不包含图片
2025-09-03 01:00:58,887 - INFO - 检测到 Ctrl+C
2025-09-03 01:00:58,887 - WARNING - 剪切板中不包含图片
2025-09-03 01:02:19,226 - INFO - 检测到 Ctrl+C
2025-09-03 01:02:19,226 - WARNING - 剪切板中不包含图片
2025-09-03 01:03:56,723 - INFO - 检测到 Ctrl+C
2025-09-03 01:03:56,724 - WARNING - 剪切板中不包含图片
2025-09-03 01:04:03,846 - INFO - 检测到 Ctrl+C
2025-09-03 01:04:03,846 - WARNING - 剪切板中不包含图片
2025-09-03 01:05:45,820 - INFO - 检测到 Ctrl+C
2025-09-03 01:05:45,820 - WARNING - 剪切板中不包含图片
2025-09-03 01:07:26,207 - INFO - 检测到 Ctrl+C
2025-09-03 01:07:26,207 - WARNING - 剪切板中不包含图片
2025-09-03 01:07:41,554 - INFO - 检测到 Ctrl+C
2025-09-03 01:07:41,554 - WARNING - 剪切板中不包含图片
2025-09-03 01:07:51,583 - INFO - 检测到 Ctrl+C
2025-09-03 01:07:51,583 - WARNING - 剪切板中不包含图片
2025-09-03 01:09:47,926 - INFO - 检测到 Ctrl+C
2025-09-03 01:09:47,926 - WARNING - 剪切板中不包含图片
2025-09-03 01:11:19,208 - INFO - 检测到 Ctrl+C
2025-09-03 01:11:19,208 - WARNING - 剪切板中不包含图片
2025-09-03 01:11:24,324 - INFO - 检测到 Ctrl+C
2025-09-03 01:11:24,324 - WARNING - 剪切板中不包含图片
2025-09-03 01:12:53,369 - INFO - 检测到 Ctrl+C
2025-09-03 01:12:53,371 - WARNING - 剪切板中不包含图片
2025-09-03 01:13:27,774 - INFO - 检测到 Ctrl+C
2025-09-03 01:13:27,774 - WARNING - 剪切板中不包含图片
2025-09-03 01:14:45,194 - INFO - 检测到 Ctrl+C
2025-09-03 01:14:45,195 - WARNING - 剪切板中不包含图片
2025-09-03 01:15:28,819 - INFO - 检测到 Ctrl+C
2025-09-03 01:15:28,819 - WARNING - 剪切板中不包含图片
2025-09-03 01:15:53,579 - INFO - 检测到 Ctrl+C
2025-09-03 01:15:53,579 - WARNING - 剪切板中不包含图片
2025-09-03 01:16:01,295 - INFO - 检测到 Ctrl+C
2025-09-03 01:16:01,297 - WARNING - 剪切板中不包含图片
2025-09-03 01:16:06,007 - INFO - 检测到 Ctrl+C
2025-09-03 01:16:06,007 - WARNING - 剪切板中不包含图片
2025-09-03 01:22:56,874 - INFO - 检测到 Ctrl+C
2025-09-03 01:22:56,874 - WARNING - 剪切板中不包含图片
2025-09-03 01:23:38,385 - INFO - 检测到 Ctrl+C
2025-09-03 01:23:38,386 - WARNING - 剪切板中不包含图片
2025-09-03 01:23:56,244 - INFO - 检测到 Ctrl+C
2025-09-03 01:23:56,244 - WARNING - 剪切板中不包含图片
2025-09-03 01:24:46,799 - INFO - 检测到 Ctrl+C
2025-09-03 01:24:46,799 - WARNING - 剪切板中不包含图片
2025-09-03 01:24:55,423 - INFO - 检测到 Ctrl+C
2025-09-03 01:24:55,424 - WARNING - 剪切板中不包含图片
2025-09-03 01:25:00,435 - INFO - 检测到 Ctrl+C
2025-09-03 01:25:00,435 - WARNING - 剪切板中不包含图片
2025-09-03 01:25:03,342 - INFO - 检测到 Ctrl+C
2025-09-03 01:25:03,342 - WARNING - 剪切板中不包含图片
2025-09-03 01:25:10,360 - INFO - 检测到 Ctrl+C
2025-09-03 01:25:10,361 - WARNING - 剪切板中不包含图片
2025-09-03 01:27:53,501 - INFO - 检测到 Ctrl+C
2025-09-03 01:27:53,501 - WARNING - 剪切板中不包含图片
2025-09-03 01:28:10,547 - INFO - 检测到 Ctrl+C
2025-09-03 01:28:10,547 - WARNING - 剪切板中不包含图片
2025-09-03 01:35:18,509 - INFO - 检测到 Ctrl+C
2025-09-03 01:35:18,509 - WARNING - 剪切板中不包含图片
2025-09-03 01:35:28,035 - INFO - 检测到 Ctrl+C
2025-09-03 01:35:28,035 - WARNING - 剪切板中不包含图片
2025-09-03 01:35:32,646 - INFO - 检测到 Ctrl+C
2025-09-03 01:35:32,646 - WARNING - 剪切板中不包含图片
2025-09-03 01:35:45,879 - INFO - 检测到 Ctrl+C
2025-09-03 01:35:45,879 - WARNING - 剪切板中不包含图片
2025-09-03 01:36:03,629 - INFO - 检测到 Ctrl+C
2025-09-03 01:36:03,629 - WARNING - 剪切板中不包含图片
2025-09-03 01:37:51,399 - INFO - 检测到 Ctrl+C
2025-09-03 01:37:51,401 - WARNING - 剪切板中不包含图片
2025-09-03 01:38:11,765 - INFO - 检测到 Ctrl+C
2025-09-03 01:38:11,765 - WARNING - 剪切板中不包含图片
2025-09-03 01:38:51,369 - INFO - 检测到 Ctrl+C
2025-09-03 01:38:51,369 - WARNING - 剪切板中不包含图片
2025-09-03 01:38:53,575 - INFO - 检测到 Ctrl+C
2025-09-03 01:38:53,575 - WARNING - 剪切板中不包含图片
2025-09-03 01:39:03,202 - INFO - 检测到 Ctrl+C
2025-09-03 01:39:03,203 - WARNING - 剪切板中不包含图片
2025-09-03 01:39:29,475 - INFO - 检测到 Ctrl+C
2025-09-03 01:39:29,475 - WARNING - 剪切板中不包含图片
2025-09-03 01:40:23,025 - INFO - 检测到 Ctrl+C
2025-09-03 01:40:23,025 - WARNING - 剪切板中不包含图片
2025-09-03 01:41:11,070 - INFO - 检测到 Ctrl+C
2025-09-03 01:41:11,584 - WARNING - 剪切板中不包含图片
2025-09-03 01:42:42,136 - INFO - 检测到 Ctrl+C
2025-09-03 01:42:42,136 - WARNING - 剪切板中不包含图片
2025-09-03 01:45:35,913 - INFO - 检测到 Ctrl+C
2025-09-03 01:45:36,441 - INFO - 剪切板中的图片已经保存
2025-09-03 01:45:36,448 - INFO - OCR识别任务已提交
2025-09-03 01:45:36,724 - INFO - 识别成功，img_path: D:\2\WechatOCR\dist\img\~~~ocr.png, result_file: json\~~~ocr.png.json
2025-09-03 01:45:37,450 - INFO - 文本已保存到 text_save.txt
2025-09-03 01:45:37,462 - INFO - 已将文件内容复制到剪贴板。
2025-09-03 01:50:26,562 - INFO - 检测到 Ctrl+C
2025-09-03 01:50:27,064 - WARNING - 剪切板中不包含图片
2025-09-03 01:51:04,851 - INFO - 检测到 Ctrl+C
2025-09-03 01:51:04,851 - WARNING - 剪切板中不包含图片
2025-09-03 01:51:52,283 - INFO - 检测到 Ctrl+C
2025-09-03 01:51:52,283 - WARNING - 剪切板中不包含图片
2025-09-03 01:52:20,865 - INFO - 检测到 Ctrl+C
2025-09-03 01:52:21,371 - WARNING - 剪切板中不包含图片
2025-09-03 01:56:03,617 - INFO - 检测到 Ctrl+C
2025-09-03 01:56:03,617 - WARNING - 剪切板中不包含图片
2025-09-03 01:56:26,181 - INFO - 检测到 Ctrl+C
2025-09-03 01:56:26,181 - WARNING - 剪切板中不包含图片
2025-09-03 01:57:00,180 - INFO - 检测到 Ctrl+C
2025-09-03 01:57:00,180 - WARNING - 剪切板中不包含图片
2025-09-03 02:00:20,540 - INFO - 检测到 Ctrl+C
2025-09-03 02:00:20,541 - WARNING - 剪切板中不包含图片
2025-09-03 02:00:41,198 - INFO - 检测到 Ctrl+C
2025-09-03 02:00:41,199 - WARNING - 剪切板中不包含图片
2025-09-03 02:01:20,703 - INFO - 检测到 Ctrl+C
2025-09-03 02:01:20,703 - WARNING - 剪切板中不包含图片
2025-09-03 02:01:59,809 - INFO - 检测到 Ctrl+C
2025-09-03 02:01:59,810 - WARNING - 剪切板中不包含图片
2025-09-03 02:02:56,872 - INFO - 检测到 Ctrl+C
2025-09-03 02:02:56,873 - WARNING - 剪切板中不包含图片
2025-09-03 02:03:25,556 - INFO - 检测到 Ctrl+C
2025-09-03 02:03:25,558 - WARNING - 剪切板中不包含图片
2025-09-03 02:04:03,167 - INFO - 检测到 Ctrl+C
2025-09-03 02:04:03,167 - WARNING - 剪切板中不包含图片
2025-09-03 02:05:00,038 - INFO - 检测到 Ctrl+C
2025-09-03 02:05:00,038 - WARNING - 剪切板中不包含图片
2025-09-03 02:05:34,424 - INFO - 检测到 Ctrl+C
2025-09-03 02:05:34,424 - WARNING - 剪切板中不包含图片
2025-09-03 02:07:54,231 - INFO - 检测到 Ctrl+C
2025-09-03 02:07:54,232 - WARNING - 剪切板中不包含图片
2025-09-03 02:08:15,087 - INFO - 检测到 Ctrl+C
2025-09-03 02:08:15,087 - WARNING - 剪切板中不包含图片
2025-09-03 02:10:47,757 - INFO - 检测到 Ctrl+C
2025-09-03 02:10:47,757 - WARNING - 剪切板中不包含图片
2025-09-03 02:10:58,185 - INFO - 检测到 Ctrl+C
2025-09-03 02:10:58,185 - WARNING - 剪切板中不包含图片
2025-09-03 02:11:54,737 - INFO - 检测到 Ctrl+C
2025-09-03 02:11:54,737 - WARNING - 剪切板中不包含图片
2025-09-03 02:11:56,142 - INFO - 检测到 Ctrl+C
2025-09-03 02:11:56,143 - WARNING - 剪切板中不包含图片
2025-09-03 02:12:16,194 - INFO - 检测到 Ctrl+C
2025-09-03 02:12:16,194 - WARNING - 剪切板中不包含图片
2025-09-03 02:13:43,212 - INFO - 检测到 Ctrl+C
2025-09-03 02:13:43,212 - WARNING - 剪切板中不包含图片
2025-09-03 02:14:55,434 - INFO - 检测到 Ctrl+C
2025-09-03 02:14:55,434 - WARNING - 剪切板中不包含图片
2025-09-03 02:15:22,712 - INFO - 检测到 Ctrl+C
2025-09-03 02:15:22,712 - WARNING - 剪切板中不包含图片
2025-09-03 02:23:51,215 - INFO - 检测到 Ctrl+C
2025-09-03 02:23:51,215 - WARNING - 剪切板中不包含图片
2025-09-03 02:24:15,890 - INFO - 检测到 Ctrl+C
2025-09-03 02:24:15,891 - WARNING - 剪切板中不包含图片
2025-09-03 02:25:43,268 - INFO - 检测到 Ctrl+C
2025-09-03 02:25:43,268 - WARNING - 剪切板中不包含图片
2025-09-03 02:26:32,663 - INFO - 检测到 Ctrl+C
2025-09-03 02:26:32,663 - WARNING - 剪切板中不包含图片
2025-09-03 02:26:48,114 - INFO - 检测到 Ctrl+C
2025-09-03 02:26:48,116 - WARNING - 剪切板中不包含图片
2025-09-03 02:27:02,077 - INFO - 检测到 Ctrl+C
2025-09-03 02:27:02,579 - WARNING - 剪切板中不包含图片
2025-09-03 02:27:09,599 - INFO - 检测到 Ctrl+C
2025-09-03 02:27:09,599 - WARNING - 剪切板中不包含图片
2025-09-03 02:27:16,321 - INFO - 检测到 Ctrl+C
2025-09-03 02:27:16,321 - WARNING - 剪切板中不包含图片
2025-09-03 02:29:02,451 - INFO - 检测到 Ctrl+C
2025-09-03 02:29:02,451 - WARNING - 剪切板中不包含图片
2025-09-03 02:29:49,891 - INFO - 检测到 Ctrl+C
2025-09-03 02:29:49,892 - WARNING - 剪切板中不包含图片
2025-09-03 02:30:13,167 - INFO - 检测到 Ctrl+C
2025-09-03 02:30:13,167 - WARNING - 剪切板中不包含图片
2025-09-03 02:31:39,604 - INFO - 检测到 Ctrl+C
2025-09-03 02:31:39,604 - WARNING - 剪切板中不包含图片
2025-09-03 02:32:08,179 - INFO - 检测到 Ctrl+C
2025-09-03 02:32:08,179 - WARNING - 剪切板中不包含图片
2025-09-03 02:33:05,643 - INFO - 检测到 Ctrl+C
2025-09-03 02:33:05,645 - WARNING - 剪切板中不包含图片
2025-09-03 02:33:11,359 - INFO - 检测到 Ctrl+C
2025-09-03 02:33:11,360 - WARNING - 剪切板中不包含图片
2025-09-03 02:33:31,219 - INFO - 检测到 Ctrl+C
2025-09-03 02:33:31,220 - WARNING - 剪切板中不包含图片
2025-09-03 02:33:36,735 - INFO - 检测到 Ctrl+C
2025-09-03 02:33:36,736 - WARNING - 剪切板中不包含图片
2025-09-03 02:35:07,992 - INFO - 检测到 Ctrl+C
2025-09-03 02:35:07,992 - WARNING - 剪切板中不包含图片
2025-09-03 02:35:21,737 - INFO - 检测到 Ctrl+C
2025-09-03 02:35:22,238 - WARNING - 剪切板中不包含图片
2025-09-03 02:36:33,417 - INFO - 检测到 Ctrl+C
2025-09-03 02:36:33,417 - WARNING - 剪切板中不包含图片
2025-09-03 02:36:48,762 - INFO - 检测到 Ctrl+C
2025-09-03 02:36:48,764 - WARNING - 剪切板中不包含图片
2025-09-03 02:37:19,950 - INFO - 检测到 Ctrl+C
2025-09-03 02:37:19,950 - WARNING - 剪切板中不包含图片
2025-09-03 02:37:36,767 - INFO - 检测到 Ctrl+C
2025-09-03 02:37:36,769 - WARNING - 剪切板中不包含图片
2025-09-03 02:37:40,178 - INFO - 检测到 Ctrl+C
2025-09-03 02:37:40,178 - WARNING - 剪切板中不包含图片
2025-09-03 02:44:50,137 - INFO - 检测到 Ctrl+C
2025-09-03 02:44:50,137 - WARNING - 剪切板中不包含图片
2025-09-03 15:19:19,138 - INFO - OCR 服务已启动
2025-09-03 15:19:35,788 - INFO - 检测到 Ctrl+C
2025-09-03 15:19:35,798 - INFO - 剪切板中的图片已经保存
2025-09-03 15:19:35,798 - INFO - OCR识别任务已提交
2025-09-03 15:19:35,890 - INFO - 识别成功，img_path: D:\2\WechatOCR\dist\img\~~~ocr.png, result_file: json\~~~ocr.png.json
2025-09-03 15:19:36,798 - INFO - 文本已保存到 text_save.txt
2025-09-03 15:19:36,833 - INFO - 已将文件内容复制到剪贴板。
2025-09-03 15:23:29,867 - INFO - 检测到 Ctrl+C
2025-09-03 15:23:29,867 - WARNING - 剪切板中不包含图片
2025-09-03 15:40:57,828 - INFO - 检测到 Ctrl+C
2025-09-03 15:40:57,828 - WARNING - 剪切板中不包含图片
2025-09-03 16:03:53,004 - INFO - 检测到 Ctrl+C
2025-09-03 16:03:53,004 - WARNING - 剪切板中不包含图片
2025-09-03 16:13:52,090 - INFO - 检测到 Ctrl+C
2025-09-03 16:13:52,090 - WARNING - 剪切板中不包含图片
2025-09-03 16:16:45,461 - INFO - OCR 服务已启动
2025-09-03 16:17:07,289 - INFO - 检测到 Ctrl+C
2025-09-03 16:17:07,297 - INFO - 剪切板中的图片已经保存
2025-09-03 16:17:07,301 - INFO - OCR识别任务已提交
2025-09-03 16:17:07,320 - INFO - 检测到 Ctrl+C
2025-09-03 16:17:07,333 - INFO - 剪切板中的图片已经保存
2025-09-03 16:17:07,333 - INFO - OCR识别任务已提交
2025-09-03 16:17:07,384 - INFO - 识别成功，img_path: D:\2\WechatOCR\dist\img\~~~ocr.png, result_file: json\~~~ocr.png.json
2025-09-03 16:17:07,403 - INFO - 识别成功，img_path: D:\2\WechatOCR\dist\img\~~~ocr.png, result_file: json\~~~ocr.png.json
2025-09-03 16:17:08,302 - INFO - 文本已保存到 text_save.txt
2025-09-03 16:17:08,309 - INFO - 已将文件内容复制到剪贴板。
2025-09-03 16:17:08,334 - INFO - 文本已保存到 text_save.txt
2025-09-03 16:17:08,368 - INFO - 已将文件内容复制到剪贴板。
2025-09-03 16:21:11,728 - INFO - 检测到 Ctrl+C
2025-09-03 16:21:11,728 - WARNING - 剪切板中不包含图片
2025-09-03 16:27:43,737 - INFO - 检测到 Ctrl+C
2025-09-03 16:27:43,737 - WARNING - 剪切板中不包含图片
2025-09-03 16:27:43,766 - INFO - 检测到 Ctrl+C
2025-09-03 16:27:43,766 - WARNING - 剪切板中不包含图片
2025-09-03 16:34:48,227 - INFO - 检测到 Ctrl+C
2025-09-03 16:34:48,227 - WARNING - 剪切板中不包含图片
2025-09-03 16:34:48,262 - INFO - 检测到 Ctrl+C
2025-09-03 16:34:48,262 - WARNING - 剪切板中不包含图片
2025-09-03 16:42:52,693 - INFO - 检测到 Ctrl+C
2025-09-03 16:42:52,693 - WARNING - 剪切板中不包含图片
2025-09-03 16:42:52,693 - INFO - 检测到 Ctrl+C
2025-09-03 16:42:52,693 - WARNING - 剪切板中不包含图片
2025-09-03 16:42:53,294 - INFO - 检测到 Ctrl+C
2025-09-03 16:42:53,294 - WARNING - 剪切板中不包含图片
2025-09-03 16:42:53,294 - INFO - 检测到 Ctrl+C
2025-09-03 16:42:53,294 - WARNING - 剪切板中不包含图片
2025-09-03 16:46:02,398 - INFO - 检测到 Ctrl+C
2025-09-03 16:46:02,398 - WARNING - 剪切板中不包含图片
2025-09-03 16:46:02,398 - WARNING - 剪切板中不包含图片
2025-09-03 16:46:18,138 - INFO - 检测到 Ctrl+C
2025-09-03 16:46:18,138 - WARNING - 剪切板中不包含图片
2025-09-03 16:46:18,138 - WARNING - 剪切板中不包含图片
2025-09-03 17:03:36,577 - INFO - 检测到 Ctrl+C
2025-09-03 17:03:36,577 - WARNING - 剪切板中不包含图片
2025-09-03 17:03:36,578 - INFO - 检测到 Ctrl+C
2025-09-03 17:03:36,578 - WARNING - 剪切板中不包含图片
2025-09-03 17:20:48,715 - INFO - 检测到 Ctrl+C
2025-09-03 17:20:48,715 - INFO - 检测到 Ctrl+C
2025-09-03 17:20:48,715 - WARNING - 剪切板中不包含图片
2025-09-03 17:20:48,715 - WARNING - 剪切板中不包含图片
2025-09-03 17:23:41,388 - INFO - 检测到 Ctrl+C
2025-09-03 17:23:41,388 - INFO - 检测到 Ctrl+C
2025-09-03 17:23:41,388 - WARNING - 剪切板中不包含图片
2025-09-03 17:23:41,388 - WARNING - 剪切板中不包含图片
2025-09-03 17:34:00,952 - INFO - 检测到 Ctrl+C
2025-09-03 17:34:00,952 - WARNING - 剪切板中不包含图片
2025-09-03 17:34:00,986 - INFO - 检测到 Ctrl+C
2025-09-03 17:34:00,986 - WARNING - 剪切板中不包含图片
2025-09-03 17:38:11,827 - INFO - 检测到 Ctrl+C
2025-09-03 17:38:11,827 - WARNING - 剪切板中不包含图片
2025-09-03 17:38:11,874 - INFO - 检测到 Ctrl+C
2025-09-03 17:38:11,875 - WARNING - 剪切板中不包含图片
2025-09-03 17:39:44,080 - INFO - 检测到 Ctrl+C
2025-09-03 17:39:44,080 - WARNING - 剪切板中不包含图片
2025-09-03 17:39:44,132 - INFO - 检测到 Ctrl+C
2025-09-03 17:39:44,132 - WARNING - 剪切板中不包含图片
2025-09-03 17:39:52,356 - INFO - 检测到 Ctrl+C
2025-09-03 17:39:52,356 - WARNING - 剪切板中不包含图片
2025-09-03 17:39:52,402 - INFO - 检测到 Ctrl+C
2025-09-03 17:39:52,402 - WARNING - 剪切板中不包含图片
2025-09-03 17:40:04,133 - INFO - 检测到 Ctrl+C
2025-09-03 17:40:04,133 - WARNING - 剪切板中不包含图片
2025-09-03 17:40:04,185 - INFO - 检测到 Ctrl+C
2025-09-03 17:40:04,185 - WARNING - 剪切板中不包含图片
2025-09-03 17:40:04,734 - INFO - 检测到 Ctrl+C
2025-09-03 17:40:04,734 - WARNING - 剪切板中不包含图片
2025-09-03 17:40:04,786 - INFO - 检测到 Ctrl+C
2025-09-03 17:40:04,786 - WARNING - 剪切板中不包含图片
2025-09-03 17:40:25,940 - INFO - 检测到 Ctrl+C
2025-09-03 17:40:25,940 - WARNING - 剪切板中不包含图片
2025-09-03 17:40:25,992 - INFO - 检测到 Ctrl+C
2025-09-03 17:40:25,992 - WARNING - 剪切板中不包含图片
2025-09-03 17:41:09,928 - INFO - 检测到 Ctrl+C
2025-09-03 17:41:09,928 - WARNING - 剪切板中不包含图片
2025-09-03 17:47:30,496 - INFO - 检测到 Ctrl+C
2025-09-03 17:47:30,497 - WARNING - 剪切板中不包含图片
2025-09-03 17:47:30,539 - INFO - 检测到 Ctrl+C
2025-09-03 17:47:30,539 - WARNING - 剪切板中不包含图片
2025-09-03 17:47:44,275 - INFO - 检测到 Ctrl+C
2025-09-03 17:47:44,275 - WARNING - 剪切板中不包含图片
2025-09-03 17:47:44,336 - INFO - 检测到 Ctrl+C
2025-09-03 17:47:44,336 - WARNING - 剪切板中不包含图片
2025-09-03 17:48:22,177 - INFO - 检测到 Ctrl+C
2025-09-03 17:48:22,177 - WARNING - 剪切板中不包含图片
2025-09-03 17:50:47,866 - INFO - 检测到 Ctrl+C
2025-09-03 17:50:47,866 - WARNING - 剪切板中不包含图片
2025-09-03 17:50:47,935 - INFO - 检测到 Ctrl+C
2025-09-03 17:50:47,935 - WARNING - 剪切板中不包含图片
2025-09-03 17:51:25,065 - INFO - 检测到 Ctrl+C
2025-09-03 17:51:25,065 - WARNING - 剪切板中不包含图片
2025-09-03 17:51:25,130 - INFO - 检测到 Ctrl+C
2025-09-03 17:51:25,130 - WARNING - 剪切板中不包含图片
2025-09-03 19:11:49,900 - INFO - OCR 服务已启动
2025-09-03 19:11:55,818 - INFO - 检测到 Ctrl+C
2025-09-03 19:11:55,828 - INFO - 剪切板中的图片已经保存
2025-09-03 19:11:55,828 - INFO - OCR识别任务已提交
2025-09-03 19:11:55,886 - INFO - 识别成功，img_path: D:\2\WechatOCR\dist\img\~~~ocr.png, result_file: json\~~~ocr.png.json
2025-09-03 19:11:56,829 - INFO - 文本已保存到 text_save.txt
2025-09-03 19:11:56,868 - INFO - 已将文件内容复制到剪贴板。
2025-09-03 19:12:44,310 - INFO - 检测到 Ctrl+C
2025-09-03 19:12:44,310 - WARNING - 剪切板中不包含图片
2025-09-03 19:12:50,027 - INFO - 检测到 Ctrl+C
2025-09-03 19:12:50,027 - WARNING - 剪切板中不包含图片
2025-09-03 19:15:11,524 - INFO - 检测到 Ctrl+C
2025-09-03 19:15:11,524 - WARNING - 剪切板中不包含图片
2025-09-03 19:18:21,728 - INFO - 检测到 Ctrl+C
2025-09-03 19:18:21,728 - WARNING - 剪切板中不包含图片
2025-09-03 19:18:57,537 - INFO - 检测到 Ctrl+C
2025-09-03 19:18:57,537 - WARNING - 剪切板中不包含图片
2025-09-03 19:19:15,293 - INFO - 检测到 Ctrl+C
2025-09-03 19:19:15,293 - WARNING - 剪切板中不包含图片
2025-09-03 19:19:34,445 - INFO - 检测到 Ctrl+C
2025-09-03 19:19:34,445 - WARNING - 剪切板中不包含图片
2025-09-03 19:20:23,094 - INFO - 检测到 Ctrl+C
2025-09-03 19:20:23,094 - WARNING - 剪切板中不包含图片
2025-09-03 19:28:47,814 - INFO - 检测到 Ctrl+C
2025-09-03 19:28:47,814 - WARNING - 剪切板中不包含图片
2025-09-03 19:30:03,463 - INFO - 检测到 Ctrl+C
2025-09-03 19:30:03,463 - WARNING - 剪切板中不包含图片
2025-09-03 19:30:19,517 - INFO - 检测到 Ctrl+C
2025-09-03 19:30:19,517 - WARNING - 剪切板中不包含图片
2025-09-03 19:32:09,778 - INFO - 检测到 Ctrl+C
2025-09-03 19:32:09,778 - WARNING - 剪切板中不包含图片
2025-09-03 19:32:40,690 - INFO - 检测到 Ctrl+C
2025-09-03 19:32:40,690 - WARNING - 剪切板中不包含图片
2025-09-03 19:33:12,192 - INFO - 检测到 Ctrl+C
2025-09-03 19:33:12,192 - WARNING - 剪切板中不包含图片
2025-09-03 19:34:53,826 - INFO - 检测到 Ctrl+C
2025-09-03 19:34:53,826 - WARNING - 剪切板中不包含图片
2025-09-03 19:35:11,176 - INFO - 检测到 Ctrl+C
2025-09-03 19:35:11,176 - WARNING - 剪切板中不包含图片
2025-09-03 19:35:41,868 - INFO - 检测到 Ctrl+C
2025-09-03 19:35:41,868 - WARNING - 剪切板中不包含图片
2025-09-03 19:39:40,538 - INFO - 检测到 Ctrl+C
2025-09-03 19:39:40,538 - WARNING - 剪切板中不包含图片
2025-09-03 19:40:25,184 - INFO - 检测到 Ctrl+C
2025-09-03 19:40:25,184 - WARNING - 剪切板中不包含图片
2025-09-03 19:40:52,073 - INFO - 检测到 Ctrl+C
2025-09-03 19:40:52,073 - WARNING - 剪切板中不包含图片
2025-09-03 19:40:58,590 - INFO - 检测到 Ctrl+C
2025-09-03 19:40:58,590 - WARNING - 剪切板中不包含图片
2025-09-03 19:41:51,459 - INFO - 检测到 Ctrl+C
2025-09-03 19:41:51,459 - WARNING - 剪切板中不包含图片
2025-09-03 19:42:16,737 - INFO - 检测到 Ctrl+C
2025-09-03 19:42:16,737 - WARNING - 剪切板中不包含图片
2025-09-03 19:44:22,882 - INFO - 检测到 Ctrl+C
2025-09-03 19:44:22,882 - WARNING - 剪切板中不包含图片
2025-09-03 21:04:50,711 - INFO - 检测到 Ctrl+C
2025-09-03 21:04:50,711 - WARNING - 剪切板中不包含图片
2025-09-03 21:04:57,536 - INFO - 检测到 Ctrl+C
2025-09-03 21:04:57,536 - WARNING - 剪切板中不包含图片
2025-09-03 21:07:05,893 - INFO - 检测到 Ctrl+C
2025-09-03 21:07:05,893 - WARNING - 剪切板中不包含图片
2025-09-03 21:11:48,839 - INFO - 检测到 Ctrl+C
2025-09-03 21:11:48,839 - WARNING - 剪切板中不包含图片
2025-09-03 21:12:04,187 - INFO - 检测到 Ctrl+C
2025-09-03 21:12:04,187 - WARNING - 剪切板中不包含图片
2025-09-03 21:12:09,103 - INFO - 检测到 Ctrl+C
2025-09-03 21:12:09,103 - WARNING - 剪切板中不包含图片
2025-09-03 21:13:33,994 - INFO - 检测到 Ctrl+C
2025-09-03 21:13:33,994 - WARNING - 剪切板中不包含图片
2025-09-03 21:15:52,715 - INFO - 检测到 Ctrl+C
2025-09-03 21:15:52,715 - WARNING - 剪切板中不包含图片
2025-09-03 21:15:58,029 - INFO - 检测到 Ctrl+C
2025-09-03 21:15:58,029 - WARNING - 剪切板中不包含图片
2025-09-03 21:16:29,123 - INFO - 检测到 Ctrl+C
2025-09-03 21:16:29,123 - WARNING - 剪切板中不包含图片
2025-09-03 21:16:42,165 - INFO - 检测到 Ctrl+C
2025-09-03 21:16:42,165 - WARNING - 剪切板中不包含图片
2025-09-03 21:16:47,482 - INFO - 检测到 Ctrl+C
2025-09-03 21:16:47,482 - WARNING - 剪切板中不包含图片
2025-09-03 21:17:18,984 - INFO - 检测到 Ctrl+C
2025-09-03 21:17:18,984 - WARNING - 剪切板中不包含图片
2025-09-03 21:17:52,323 - INFO - 检测到 Ctrl+C
2025-09-03 21:17:52,323 - WARNING - 剪切板中不包含图片
2025-09-03 21:18:02,358 - INFO - 检测到 Ctrl+C
2025-09-03 21:18:02,358 - WARNING - 剪切板中不包含图片
2025-09-03 21:18:13,894 - INFO - 检测到 Ctrl+C
2025-09-03 21:18:13,894 - WARNING - 剪切板中不包含图片
2025-09-03 21:18:40,481 - INFO - 检测到 Ctrl+C
2025-09-03 21:18:40,481 - WARNING - 剪切板中不包含图片
2025-09-03 21:18:42,386 - INFO - 检测到 Ctrl+C
2025-09-03 21:18:42,386 - WARNING - 剪切板中不包含图片
2025-09-03 21:18:51,826 - INFO - 检测到 Ctrl+C
2025-09-03 21:18:51,827 - WARNING - 剪切板中不包含图片
2025-09-03 21:18:59,351 - INFO - 检测到 Ctrl+C
2025-09-03 21:18:59,351 - WARNING - 剪切板中不包含图片
2025-09-03 21:19:11,201 - INFO - 检测到 Ctrl+C
2025-09-03 21:19:11,201 - WARNING - 剪切板中不包含图片
2025-09-03 21:19:25,357 - INFO - 检测到 Ctrl+C
2025-09-03 21:19:25,858 - WARNING - 剪切板中不包含图片
2025-09-03 21:19:29,868 - INFO - 检测到 Ctrl+C
2025-09-03 21:19:29,868 - WARNING - 剪切板中不包含图片
2025-09-03 21:20:09,510 - INFO - 检测到 Ctrl+C
2025-09-03 21:20:09,510 - WARNING - 剪切板中不包含图片
2025-09-03 21:20:14,625 - INFO - 检测到 Ctrl+C
2025-09-03 21:20:14,625 - WARNING - 剪切板中不包含图片
2025-09-03 21:20:32,381 - INFO - 检测到 Ctrl+C
2025-09-03 21:20:32,381 - WARNING - 剪切板中不包含图片
2025-09-03 21:20:49,447 - INFO - 检测到 Ctrl+C
2025-09-03 21:20:49,447 - WARNING - 剪切板中不包含图片
2025-09-03 21:21:19,347 - INFO - 检测到 Ctrl+C
2025-09-03 21:21:19,347 - WARNING - 剪切板中不包含图片
2025-09-03 21:21:23,761 - INFO - 检测到 Ctrl+C
2025-09-03 21:21:23,761 - WARNING - 剪切板中不包含图片
2025-09-03 21:21:47,238 - INFO - 检测到 Ctrl+C
2025-09-03 21:21:47,238 - WARNING - 剪切板中不包含图片
2025-09-03 21:21:51,854 - INFO - 检测到 Ctrl+C
2025-09-03 21:21:51,854 - WARNING - 剪切板中不包含图片
2025-09-03 21:21:58,983 - INFO - 检测到 Ctrl+C
2025-09-03 21:21:58,983 - WARNING - 剪切板中不包含图片
2025-09-03 21:22:02,996 - INFO - 检测到 Ctrl+C
2025-09-03 21:22:02,996 - WARNING - 剪切板中不包含图片
2025-09-03 21:22:31,909 - INFO - 检测到 Ctrl+C
2025-09-03 21:22:31,909 - WARNING - 剪切板中不包含图片
2025-09-03 21:22:44,551 - INFO - 检测到 Ctrl+C
2025-09-03 21:22:44,551 - WARNING - 剪切板中不包含图片
2025-09-03 21:25:50,721 - INFO - 检测到 Ctrl+C
2025-09-03 21:25:50,721 - WARNING - 剪切板中不包含图片
2025-09-03 21:27:57,558 - INFO - 检测到 Ctrl+C
2025-09-03 21:27:57,558 - WARNING - 剪切板中不包含图片
2025-09-03 21:28:36,802 - INFO - 检测到 Ctrl+C
2025-09-03 21:28:36,802 - WARNING - 剪切板中不包含图片
2025-09-03 21:31:41,018 - INFO - 检测到 Ctrl+C
2025-09-03 21:31:41,018 - WARNING - 剪切板中不包含图片
2025-09-03 21:31:46,950 - INFO - 检测到 Ctrl+C
2025-09-03 21:31:46,950 - WARNING - 剪切板中不包含图片
2025-09-03 21:33:12,177 - INFO - 检测到 Ctrl+C
2025-09-03 21:33:12,177 - WARNING - 剪切板中不包含图片
2025-09-03 21:34:01,838 - INFO - 检测到 Ctrl+C
2025-09-03 21:34:01,838 - WARNING - 剪切板中不包含图片
2025-09-03 21:36:39,216 - INFO - 检测到 Ctrl+C
2025-09-03 21:36:39,216 - WARNING - 剪切板中不包含图片
2025-09-03 21:38:29,006 - INFO - 检测到 Ctrl+C
2025-09-03 21:38:29,006 - WARNING - 剪切板中不包含图片
2025-09-03 21:38:45,559 - INFO - 检测到 Ctrl+C
2025-09-03 21:38:45,559 - WARNING - 剪切板中不包含图片
2025-09-03 21:39:58,610 - INFO - 检测到 Ctrl+C
2025-09-03 21:39:58,610 - WARNING - 剪切板中不包含图片
2025-09-03 21:47:14,606 - INFO - 检测到 Ctrl+C
2025-09-03 21:47:14,606 - WARNING - 剪切板中不包含图片
2025-09-03 21:48:32,098 - INFO - 检测到 Ctrl+C
2025-09-03 21:48:32,098 - WARNING - 剪切板中不包含图片
2025-09-03 21:49:07,481 - INFO - 检测到 Ctrl+C
2025-09-03 21:49:07,482 - WARNING - 剪切板中不包含图片
2025-09-03 21:56:24,741 - INFO - 检测到 Ctrl+C
2025-09-03 21:56:24,741 - WARNING - 剪切板中不包含图片
2025-09-03 21:57:08,983 - INFO - 检测到 Ctrl+C
2025-09-03 21:57:08,984 - WARNING - 剪切板中不包含图片
2025-09-03 21:57:25,137 - INFO - 检测到 Ctrl+C
2025-09-03 21:57:25,137 - WARNING - 剪切板中不包含图片
2025-09-03 21:57:30,955 - INFO - 检测到 Ctrl+C
2025-09-03 21:57:30,956 - WARNING - 剪切板中不包含图片
2025-09-03 21:57:56,036 - INFO - 检测到 Ctrl+C
2025-09-03 21:57:56,037 - WARNING - 剪切板中不包含图片
2025-09-03 21:58:03,258 - INFO - 检测到 Ctrl+C
2025-09-03 21:58:03,258 - WARNING - 剪切板中不包含图片
2025-09-03 21:58:11,282 - INFO - 检测到 Ctrl+C
2025-09-03 21:58:11,282 - WARNING - 剪切板中不包含图片
2025-09-03 21:58:31,755 - INFO - 检测到 Ctrl+C
2025-09-03 21:58:31,755 - WARNING - 剪切板中不包含图片
2025-09-03 21:58:52,122 - INFO - 检测到 Ctrl+C
2025-09-03 21:58:52,122 - WARNING - 剪切板中不包含图片
2025-09-03 22:01:10,181 - INFO - 检测到 Ctrl+C
2025-09-03 22:01:10,181 - WARNING - 剪切板中不包含图片
2025-09-03 22:03:08,149 - INFO - 检测到 Ctrl+C
2025-09-03 22:03:08,149 - WARNING - 剪切板中不包含图片
2025-09-03 22:03:26,317 - INFO - 检测到 Ctrl+C
2025-09-03 22:03:26,317 - WARNING - 剪切板中不包含图片
2025-09-03 22:04:25,309 - INFO - 检测到 Ctrl+C
2025-09-03 22:04:25,309 - WARNING - 剪切板中不包含图片
2025-09-03 22:07:07,667 - INFO - 检测到 Ctrl+C
2025-09-03 22:07:07,667 - WARNING - 剪切板中不包含图片
2025-09-03 22:07:44,485 - INFO - 检测到 Ctrl+C
2025-09-03 22:07:44,485 - WARNING - 剪切板中不包含图片
2025-09-03 22:08:15,588 - INFO - 检测到 Ctrl+C
2025-09-03 22:08:15,588 - WARNING - 剪切板中不包含图片
2025-09-03 22:08:30,434 - INFO - 检测到 Ctrl+C
2025-09-03 22:08:30,434 - WARNING - 剪切板中不包含图片
2025-09-03 22:11:01,951 - INFO - 检测到 Ctrl+C
2025-09-03 22:11:01,951 - WARNING - 剪切板中不包含图片
2025-09-03 22:19:22,602 - INFO - 检测到 Ctrl+C
2025-09-03 22:19:22,602 - WARNING - 剪切板中不包含图片
2025-09-03 22:20:12,551 - INFO - 检测到 Ctrl+C
2025-09-03 22:20:12,551 - WARNING - 剪切板中不包含图片
2025-09-03 22:21:16,063 - INFO - 检测到 Ctrl+C
2025-09-03 22:21:16,063 - WARNING - 剪切板中不包含图片
2025-09-03 22:21:37,047 - INFO - 检测到 Ctrl+C
2025-09-03 22:21:37,047 - WARNING - 剪切板中不包含图片
2025-09-03 22:21:46,878 - INFO - 检测到 Ctrl+C
2025-09-03 22:21:46,878 - WARNING - 剪切板中不包含图片
2025-09-03 22:22:00,520 - INFO - 检测到 Ctrl+C
2025-09-03 22:22:00,520 - WARNING - 剪切板中不包含图片
2025-09-03 22:22:14,257 - INFO - 检测到 Ctrl+C
2025-09-03 22:22:14,257 - WARNING - 剪切板中不包含图片
2025-09-03 22:22:44,443 - INFO - 检测到 Ctrl+C
2025-09-03 22:22:44,444 - WARNING - 剪切板中不包含图片
2025-09-03 22:22:50,560 - INFO - 检测到 Ctrl+C
2025-09-03 22:22:50,560 - WARNING - 剪切板中不包含图片
2025-09-03 22:22:57,381 - INFO - 检测到 Ctrl+C
2025-09-03 22:22:57,381 - WARNING - 剪切板中不包含图片
2025-09-03 22:23:26,066 - INFO - 检测到 Ctrl+C
2025-09-03 22:23:26,066 - WARNING - 剪切板中不包含图片
2025-09-03 22:23:33,287 - INFO - 检测到 Ctrl+C
2025-09-03 22:23:33,287 - WARNING - 剪切板中不包含图片
2025-09-03 22:23:44,015 - INFO - 检测到 Ctrl+C
2025-09-03 22:23:44,015 - WARNING - 剪切板中不包含图片
2025-09-03 22:27:22,071 - INFO - 检测到 Ctrl+C
2025-09-03 22:27:22,071 - WARNING - 剪切板中不包含图片
2025-09-03 22:28:23,003 - INFO - 检测到 Ctrl+C
2025-09-03 22:28:23,003 - WARNING - 剪切板中不包含图片
2025-09-03 22:28:47,985 - INFO - 检测到 Ctrl+C
2025-09-03 22:28:47,985 - WARNING - 剪切板中不包含图片
2025-09-03 22:30:43,664 - INFO - 检测到 Ctrl+C
2025-09-03 22:30:43,665 - WARNING - 剪切板中不包含图片
2025-09-03 22:30:44,767 - INFO - 检测到 Ctrl+C
2025-09-03 22:30:44,767 - WARNING - 剪切板中不包含图片
2025-09-03 22:32:13,108 - INFO - 检测到 Ctrl+C
2025-09-03 22:32:13,108 - WARNING - 剪切板中不包含图片
2025-09-03 22:37:22,809 - INFO - 检测到 Ctrl+C
2025-09-03 22:37:22,809 - WARNING - 剪切板中不包含图片
2025-09-03 22:38:41,056 - INFO - 检测到 Ctrl+C
2025-09-03 22:38:41,056 - WARNING - 剪切板中不包含图片
2025-09-03 22:39:23,521 - INFO - 检测到 Ctrl+C
2025-09-03 22:39:23,521 - WARNING - 剪切板中不包含图片
2025-09-03 22:39:40,432 - INFO - 检测到 Ctrl+C
2025-09-03 22:39:40,432 - WARNING - 剪切板中不包含图片
2025-09-03 22:42:35,422 - INFO - 检测到 Ctrl+C
2025-09-03 22:42:35,422 - WARNING - 剪切板中不包含图片
2025-09-03 22:42:50,669 - INFO - 检测到 Ctrl+C
2025-09-03 22:42:50,669 - WARNING - 剪切板中不包含图片
2025-09-03 22:43:06,214 - INFO - 检测到 Ctrl+C
2025-09-03 22:43:06,214 - WARNING - 剪切板中不包含图片
2025-09-03 22:43:20,057 - INFO - 检测到 Ctrl+C
2025-09-03 22:43:20,057 - WARNING - 剪切板中不包含图片
2025-09-03 22:44:43,026 - INFO - 检测到 Ctrl+C
2025-09-03 22:44:43,026 - WARNING - 剪切板中不包含图片
2025-09-03 22:45:04,400 - INFO - 检测到 Ctrl+C
2025-09-03 22:45:04,400 - WARNING - 剪切板中不包含图片
2025-09-03 22:45:41,123 - INFO - 检测到 Ctrl+C
2025-09-03 22:45:41,123 - WARNING - 剪切板中不包含图片
2025-09-03 22:47:49,441 - INFO - 检测到 Ctrl+C
2025-09-03 22:47:49,441 - WARNING - 剪切板中不包含图片
2025-09-03 22:49:08,682 - INFO - 检测到 Ctrl+C
2025-09-03 22:49:08,682 - WARNING - 剪切板中不包含图片
2025-09-03 22:49:19,820 - INFO - 检测到 Ctrl+C
2025-09-03 22:49:19,821 - WARNING - 剪切板中不包含图片
2025-09-03 22:49:28,648 - INFO - 检测到 Ctrl+C
2025-09-03 22:49:28,648 - WARNING - 剪切板中不包含图片
2025-09-03 22:49:53,831 - INFO - 检测到 Ctrl+C
2025-09-03 22:49:53,831 - WARNING - 剪切板中不包含图片
2025-09-03 22:50:20,126 - INFO - 检测到 Ctrl+C
2025-09-03 22:50:20,126 - WARNING - 剪切板中不包含图片
2025-09-03 22:51:17,013 - INFO - 检测到 Ctrl+C
2025-09-03 22:51:17,013 - WARNING - 剪切板中不包含图片
2025-09-03 22:51:42,796 - INFO - 检测到 Ctrl+C
2025-09-03 22:51:42,796 - WARNING - 剪切板中不包含图片
2025-09-03 22:51:50,220 - INFO - 检测到 Ctrl+C
2025-09-03 22:51:50,220 - WARNING - 剪切板中不包含图片
2025-09-03 22:51:57,744 - INFO - 检测到 Ctrl+C
2025-09-03 22:51:57,744 - WARNING - 剪切板中不包含图片
2025-09-03 22:52:08,176 - INFO - 检测到 Ctrl+C
2025-09-03 22:52:08,176 - WARNING - 剪切板中不包含图片
2025-09-03 22:52:21,918 - INFO - 检测到 Ctrl+C
2025-09-03 22:52:21,918 - WARNING - 剪切板中不包含图片
2025-09-03 22:52:32,951 - INFO - 检测到 Ctrl+C
2025-09-03 22:52:32,951 - WARNING - 剪切板中不包含图片
2025-09-03 22:52:38,371 - INFO - 检测到 Ctrl+C
2025-09-03 22:52:38,371 - WARNING - 剪切板中不包含图片
2025-09-03 22:55:00,218 - INFO - 检测到 Ctrl+C
2025-09-03 22:55:00,218 - WARNING - 剪切板中不包含图片
2025-09-03 22:55:27,603 - INFO - 检测到 Ctrl+C
2025-09-03 22:55:27,603 - WARNING - 剪切板中不包含图片
2025-09-03 22:55:47,369 - INFO - 检测到 Ctrl+C
2025-09-03 22:55:47,369 - WARNING - 剪切板中不包含图片
2025-09-03 22:58:37,747 - INFO - 检测到 Ctrl+C
2025-09-03 22:58:37,747 - WARNING - 剪切板中不包含图片
2025-09-03 22:58:48,879 - INFO - 检测到 Ctrl+C
2025-09-03 22:58:48,879 - WARNING - 剪切板中不包含图片
2025-09-03 22:59:11,951 - INFO - 检测到 Ctrl+C
2025-09-03 22:59:11,951 - WARNING - 剪切板中不包含图片
2025-09-03 22:59:45,864 - INFO - 检测到 Ctrl+C
2025-09-03 22:59:45,864 - WARNING - 剪切板中不包含图片
2025-09-03 23:00:32,009 - INFO - 检测到 Ctrl+C
2025-09-03 23:00:32,009 - WARNING - 剪切板中不包含图片
2025-09-03 23:01:58,506 - INFO - 检测到 Ctrl+C
2025-09-03 23:01:58,506 - WARNING - 剪切板中不包含图片
2025-09-03 23:04:07,689 - INFO - 检测到 Ctrl+C
2025-09-03 23:04:07,689 - WARNING - 剪切板中不包含图片
2025-09-03 23:04:12,806 - INFO - 检测到 Ctrl+C
2025-09-03 23:04:12,806 - WARNING - 剪切板中不包含图片
2025-09-03 23:08:47,533 - INFO - 检测到 Ctrl+C
2025-09-03 23:08:48,034 - WARNING - 剪切板中不包含图片
2025-09-03 23:09:01,373 - INFO - 检测到 Ctrl+C
2025-09-03 23:09:01,375 - WARNING - 剪切板中不包含图片
2025-09-03 23:09:31,069 - INFO - 检测到 Ctrl+C
2025-09-03 23:09:31,069 - WARNING - 剪切板中不包含图片
2025-09-03 23:09:54,544 - INFO - 检测到 Ctrl+C
2025-09-03 23:09:54,544 - WARNING - 剪切板中不包含图片
2025-09-03 23:10:06,880 - INFO - 检测到 Ctrl+C
2025-09-03 23:10:06,880 - WARNING - 剪切板中不包含图片
2025-09-03 23:11:02,452 - INFO - 检测到 Ctrl+C
2025-09-03 23:11:02,452 - WARNING - 剪切板中不包含图片
2025-09-03 23:11:37,868 - INFO - 检测到 Ctrl+C
2025-09-03 23:11:37,868 - WARNING - 剪切板中不包含图片
2025-09-03 23:12:02,043 - INFO - 检测到 Ctrl+C
2025-09-03 23:12:02,043 - WARNING - 剪切板中不包含图片
2025-09-03 23:14:35,942 - INFO - 检测到 Ctrl+C
2025-09-03 23:14:35,942 - WARNING - 剪切板中不包含图片
2025-09-03 23:15:16,285 - INFO - 检测到 Ctrl+C
2025-09-03 23:15:16,285 - WARNING - 剪切板中不包含图片
2025-09-03 23:15:22,103 - INFO - 检测到 Ctrl+C
2025-09-03 23:15:22,103 - WARNING - 剪切板中不包含图片
2025-09-03 23:16:07,547 - INFO - 检测到 Ctrl+C
2025-09-03 23:16:08,048 - WARNING - 剪切板中不包含图片
2025-09-03 23:16:26,105 - INFO - 检测到 Ctrl+C
2025-09-03 23:16:26,606 - WARNING - 剪切板中不包含图片
2025-09-03 23:17:13,683 - INFO - 检测到 Ctrl+C
2025-09-03 23:17:13,683 - WARNING - 剪切板中不包含图片
2025-09-03 23:18:17,686 - INFO - 检测到 Ctrl+C
2025-09-03 23:18:17,686 - WARNING - 剪切板中不包含图片
2025-09-03 23:20:28,713 - INFO - 检测到 Ctrl+C
2025-09-03 23:20:28,713 - WARNING - 剪切板中不包含图片
2025-09-03 23:24:27,790 - INFO - 检测到 Ctrl+C
2025-09-03 23:24:27,790 - WARNING - 剪切板中不包含图片
2025-09-03 23:25:53,984 - INFO - 检测到 Ctrl+C
2025-09-03 23:25:53,984 - WARNING - 剪切板中不包含图片
2025-09-03 23:25:55,087 - INFO - 检测到 Ctrl+C
2025-09-03 23:25:55,087 - WARNING - 剪切板中不包含图片
2025-09-03 23:26:04,115 - INFO - 检测到 Ctrl+C
2025-09-03 23:26:04,115 - WARNING - 剪切板中不包含图片
2025-09-03 23:31:35,229 - INFO - 检测到 Ctrl+C
2025-09-03 23:31:35,229 - WARNING - 剪切板中不包含图片
2025-09-03 23:32:15,357 - INFO - 检测到 Ctrl+C
2025-09-03 23:32:15,357 - WARNING - 剪切板中不包含图片
2025-09-03 23:32:31,203 - INFO - 检测到 Ctrl+C
2025-09-03 23:32:31,203 - WARNING - 剪切板中不包含图片
2025-09-03 23:32:49,055 - INFO - 检测到 Ctrl+C
2025-09-03 23:32:49,055 - WARNING - 剪切板中不包含图片
2025-09-03 23:33:21,259 - INFO - 检测到 Ctrl+C
2025-09-03 23:33:21,259 - WARNING - 剪切板中不包含图片
2025-09-03 23:33:25,774 - INFO - 检测到 Ctrl+C
2025-09-03 23:33:25,774 - WARNING - 剪切板中不包含图片
2025-09-03 23:33:33,899 - INFO - 检测到 Ctrl+C
2025-09-03 23:33:33,899 - WARNING - 剪切板中不包含图片
2025-09-03 23:33:52,256 - INFO - 检测到 Ctrl+C
2025-09-03 23:33:52,256 - WARNING - 剪切板中不包含图片
2025-09-03 23:34:07,905 - INFO - 检测到 Ctrl+C
2025-09-03 23:34:07,905 - WARNING - 剪切板中不包含图片
2025-09-03 23:34:23,853 - INFO - 检测到 Ctrl+C
2025-09-03 23:34:23,853 - WARNING - 剪切板中不包含图片
2025-09-03 23:34:36,993 - INFO - 检测到 Ctrl+C
2025-09-03 23:34:36,993 - WARNING - 剪切板中不包含图片
2025-09-03 23:34:52,135 - INFO - 检测到 Ctrl+C
2025-09-03 23:34:52,135 - WARNING - 剪切板中不包含图片
2025-09-03 23:35:00,760 - INFO - 检测到 Ctrl+C
2025-09-03 23:35:00,760 - WARNING - 剪切板中不包含图片
2025-09-03 23:35:27,241 - INFO - 检测到 Ctrl+C
2025-09-03 23:35:27,242 - WARNING - 剪切板中不包含图片
2025-09-03 23:35:41,583 - INFO - 检测到 Ctrl+C
2025-09-03 23:35:41,583 - WARNING - 剪切板中不包含图片
2025-09-03 23:35:58,939 - INFO - 检测到 Ctrl+C
2025-09-03 23:35:58,939 - WARNING - 剪切板中不包含图片
2025-09-03 23:37:12,438 - INFO - OCR 服务已启动
2025-09-03 23:37:16,150 - INFO - 检测到 Ctrl+C
2025-09-03 23:37:16,167 - INFO - 剪切板中的图片已经保存
2025-09-03 23:37:16,167 - INFO - OCR识别任务已提交
2025-09-03 23:37:16,177 - INFO - 检测到 Ctrl+C
2025-09-03 23:37:16,216 - INFO - 剪切板中的图片已经保存
2025-09-03 23:37:16,228 - INFO - OCR识别任务已提交
2025-09-03 23:37:16,270 - INFO - 识别成功，img_path: D:\2\WechatOCR\dist\img\~~~ocr.png, result_file: json\~~~ocr.png.json
2025-09-03 23:37:16,407 - INFO - 识别成功，img_path: D:\2\WechatOCR\dist\img\~~~ocr.png, result_file: json\~~~ocr.png.json
2025-09-03 23:37:17,169 - INFO - 文本已保存到 text_save.txt
2025-09-03 23:37:17,218 - INFO - 已将文件内容复制到剪贴板。
2025-09-03 23:37:17,229 - INFO - 文本已保存到 text_save.txt
2025-09-03 23:37:17,243 - INFO - 已将文件内容复制到剪贴板。
2025-09-03 23:37:57,759 - INFO - 检测到 Ctrl+C
2025-09-03 23:37:57,759 - WARNING - 剪切板中不包含图片
2025-09-03 23:37:57,770 - INFO - 检测到 Ctrl+C
2025-09-03 23:37:57,770 - WARNING - 剪切板中不包含图片
2025-09-03 23:39:03,085 - INFO - 检测到 Ctrl+C
2025-09-03 23:39:03,085 - WARNING - 剪切板中不包含图片
2025-09-03 23:39:03,086 - WARNING - 剪切板中不包含图片
2025-09-03 23:39:14,521 - INFO - 检测到 Ctrl+C
2025-09-03 23:39:14,521 - WARNING - 剪切板中不包含图片
2025-09-03 23:39:14,521 - WARNING - 剪切板中不包含图片
2025-09-03 23:39:23,145 - INFO - 检测到 Ctrl+C
2025-09-03 23:39:23,145 - WARNING - 剪切板中不包含图片
2025-09-03 23:39:23,145 - WARNING - 剪切板中不包含图片
2025-09-03 23:39:38,290 - INFO - 检测到 Ctrl+C
2025-09-03 23:39:38,290 - WARNING - 剪切板中不包含图片
2025-09-03 23:39:38,290 - WARNING - 剪切板中不包含图片
2025-09-03 23:40:16,621 - INFO - 检测到 Ctrl+C
2025-09-03 23:40:16,621 - WARNING - 剪切板中不包含图片
2025-09-03 23:40:16,621 - INFO - 检测到 Ctrl+C
2025-09-03 23:40:16,621 - WARNING - 剪切板中不包含图片
2025-09-03 23:40:42,801 - INFO - 检测到 Ctrl+C
2025-09-03 23:40:42,801 - WARNING - 剪切板中不包含图片
2025-09-03 23:40:42,801 - WARNING - 剪切板中不包含图片
2025-09-03 23:40:50,222 - INFO - 检测到 Ctrl+C
2025-09-03 23:40:50,222 - WARNING - 剪切板中不包含图片
2025-09-03 23:40:50,222 - WARNING - 剪切板中不包含图片
2025-09-03 23:40:58,447 - INFO - 检测到 Ctrl+C
2025-09-03 23:40:58,447 - WARNING - 剪切板中不包含图片
2025-09-03 23:40:58,466 - INFO - 检测到 Ctrl+C
2025-09-03 23:40:58,466 - WARNING - 剪切板中不包含图片
2025-09-03 23:41:01,356 - INFO - 检测到 Ctrl+C
2025-09-03 23:41:01,356 - WARNING - 剪切板中不包含图片
2025-09-03 23:41:04,584 - INFO - 检测到 Ctrl+C
2025-09-03 23:41:04,584 - WARNING - 剪切板中不包含图片
2025-09-03 23:41:04,666 - INFO - 检测到 Ctrl+C
2025-09-03 23:41:04,666 - WARNING - 剪切板中不包含图片
2025-09-03 23:41:09,079 - INFO - 检测到 Ctrl+C
2025-09-03 23:41:09,079 - WARNING - 剪切板中不包含图片
2025-09-03 23:41:09,096 - INFO - 检测到 Ctrl+C
2025-09-03 23:41:09,096 - WARNING - 剪切板中不包含图片
2025-09-03 23:41:19,012 - INFO - 检测到 Ctrl+C
2025-09-03 23:41:19,012 - WARNING - 剪切板中不包含图片
2025-09-03 23:41:19,025 - INFO - 检测到 Ctrl+C
2025-09-03 23:41:19,025 - WARNING - 剪切板中不包含图片
2025-09-03 23:44:46,945 - INFO - 检测到 Ctrl+C
2025-09-03 23:44:46,945 - WARNING - 剪切板中不包含图片
2025-09-03 23:44:46,985 - INFO - 检测到 Ctrl+C
2025-09-03 23:44:46,985 - WARNING - 剪切板中不包含图片
2025-09-03 23:45:26,332 - INFO - 检测到 Ctrl+C
2025-09-03 23:45:26,332 - WARNING - 剪切板中不包含图片
2025-09-03 23:45:26,373 - INFO - 检测到 Ctrl+C
2025-09-03 23:45:26,373 - WARNING - 剪切板中不包含图片
2025-09-03 23:45:45,132 - INFO - 检测到 Ctrl+C
2025-09-03 23:45:45,132 - WARNING - 剪切板中不包含图片
2025-09-03 23:47:56,463 - INFO - 检测到 Ctrl+C
2025-09-03 23:47:56,463 - WARNING - 剪切板中不包含图片
2025-09-03 23:47:56,548 - INFO - 检测到 Ctrl+C
2025-09-03 23:47:56,548 - WARNING - 剪切板中不包含图片
2025-09-03 23:48:29,480 - INFO - 检测到 Ctrl+C
2025-09-03 23:48:29,480 - WARNING - 剪切板中不包含图片
2025-09-03 23:48:29,552 - INFO - 检测到 Ctrl+C
2025-09-03 23:48:29,552 - WARNING - 剪切板中不包含图片
2025-09-03 23:48:35,676 - INFO - 检测到 Ctrl+C
2025-09-03 23:48:35,676 - WARNING - 剪切板中不包含图片
2025-09-03 23:48:41,692 - INFO - 检测到 Ctrl+C
2025-09-03 23:48:41,692 - WARNING - 剪切板中不包含图片
2025-09-03 23:48:41,720 - INFO - 检测到 Ctrl+C
2025-09-03 23:48:41,720 - WARNING - 剪切板中不包含图片
2025-09-03 23:48:43,497 - INFO - 检测到 Ctrl+C
2025-09-03 23:48:43,497 - WARNING - 剪切板中不包含图片
2025-09-03 23:48:43,525 - INFO - 检测到 Ctrl+C
2025-09-03 23:48:43,525 - WARNING - 剪切板中不包含图片
2025-09-03 23:48:49,417 - INFO - 检测到 Ctrl+C
2025-09-03 23:48:49,417 - WARNING - 剪切板中不包含图片
2025-09-03 23:48:49,442 - INFO - 检测到 Ctrl+C
2025-09-03 23:48:49,444 - WARNING - 剪切板中不包含图片
2025-09-03 23:49:23,754 - INFO - 检测到 Ctrl+C
2025-09-03 23:49:23,754 - WARNING - 剪切板中不包含图片
2025-09-03 23:49:55,651 - INFO - 检测到 Ctrl+C
2025-09-03 23:49:55,651 - WARNING - 剪切板中不包含图片
2025-09-03 23:49:55,738 - INFO - 检测到 Ctrl+C
2025-09-03 23:49:55,738 - WARNING - 剪切板中不包含图片
2025-09-03 23:51:49,302 - INFO - 检测到 Ctrl+C
2025-09-03 23:51:49,302 - WARNING - 剪切板中不包含图片
2025-09-03 23:51:49,342 - INFO - 检测到 Ctrl+C
2025-09-03 23:51:49,342 - WARNING - 剪切板中不包含图片
2025-09-03 23:52:31,872 - INFO - 检测到 Ctrl+C
2025-09-03 23:52:31,872 - WARNING - 剪切板中不包含图片
2025-09-03 23:52:31,930 - INFO - 检测到 Ctrl+C
2025-09-03 23:52:31,930 - WARNING - 剪切板中不包含图片
2025-09-03 23:53:12,563 - INFO - 检测到 Ctrl+C
2025-09-03 23:53:12,563 - WARNING - 剪切板中不包含图片
2025-09-03 23:53:12,593 - INFO - 检测到 Ctrl+C
2025-09-03 23:53:12,593 - WARNING - 剪切板中不包含图片
2025-09-03 23:53:36,032 - INFO - 检测到 Ctrl+C
2025-09-03 23:53:36,032 - WARNING - 剪切板中不包含图片
2025-09-03 23:53:36,065 - INFO - 检测到 Ctrl+C
2025-09-03 23:53:36,065 - WARNING - 剪切板中不包含图片
2025-09-03 23:54:02,410 - INFO - 检测到 Ctrl+C
2025-09-03 23:54:02,410 - WARNING - 剪切板中不包含图片
2025-09-03 23:54:02,447 - INFO - 检测到 Ctrl+C
2025-09-03 23:54:02,447 - WARNING - 剪切板中不包含图片
2025-09-03 23:54:37,515 - INFO - 检测到 Ctrl+C
2025-09-03 23:54:37,515 - WARNING - 剪切板中不包含图片
2025-09-03 23:54:37,550 - INFO - 检测到 Ctrl+C
2025-09-03 23:54:37,550 - WARNING - 剪切板中不包含图片
2025-09-03 23:54:56,413 - INFO - 检测到 Ctrl+C
2025-09-03 23:54:56,413 - WARNING - 剪切板中不包含图片
2025-09-03 23:54:56,472 - INFO - 检测到 Ctrl+C
2025-09-03 23:54:56,472 - WARNING - 剪切板中不包含图片
2025-09-03 23:55:18,241 - INFO - 检测到 Ctrl+C
2025-09-03 23:55:18,241 - WARNING - 剪切板中不包含图片
2025-09-03 23:55:18,284 - INFO - 检测到 Ctrl+C
2025-09-03 23:55:18,284 - WARNING - 剪切板中不包含图片
2025-09-03 23:55:33,731 - INFO - 检测到 Ctrl+C
2025-09-03 23:55:33,731 - WARNING - 剪切板中不包含图片
2025-09-03 23:55:33,786 - INFO - 检测到 Ctrl+C
2025-09-03 23:55:33,786 - WARNING - 剪切板中不包含图片
2025-09-03 23:55:45,170 - INFO - 检测到 Ctrl+C
2025-09-03 23:55:45,170 - WARNING - 剪切板中不包含图片
2025-09-03 23:55:45,221 - INFO - 检测到 Ctrl+C
2025-09-03 23:55:45,221 - WARNING - 剪切板中不包含图片
2025-09-03 23:56:43,351 - INFO - 检测到 Ctrl+C
2025-09-03 23:56:43,351 - WARNING - 剪切板中不包含图片
2025-09-03 23:56:43,397 - INFO - 检测到 Ctrl+C
2025-09-03 23:56:43,397 - WARNING - 剪切板中不包含图片
2025-09-03 23:57:08,074 - INFO - 检测到 Ctrl+C
2025-09-03 23:57:08,074 - WARNING - 剪切板中不包含图片
2025-09-03 23:57:08,126 - INFO - 检测到 Ctrl+C
2025-09-03 23:57:08,126 - WARNING - 剪切板中不包含图片
2025-09-03 23:57:11,584 - INFO - 检测到 Ctrl+C
2025-09-03 23:57:11,584 - WARNING - 剪切板中不包含图片
2025-09-03 23:57:11,637 - INFO - 检测到 Ctrl+C
2025-09-03 23:57:11,637 - WARNING - 剪切板中不包含图片
2025-09-03 23:57:37,917 - INFO - 检测到 Ctrl+C
2025-09-03 23:57:37,917 - WARNING - 剪切板中不包含图片
2025-09-03 23:57:37,967 - INFO - 检测到 Ctrl+C
2025-09-03 23:57:37,967 - WARNING - 剪切板中不包含图片
2025-09-03 23:58:15,683 - INFO - 检测到 Ctrl+C
2025-09-03 23:58:15,684 - WARNING - 剪切板中不包含图片
2025-09-03 23:58:15,736 - INFO - 检测到 Ctrl+C
2025-09-03 23:58:15,736 - WARNING - 剪切板中不包含图片
2025-09-04 00:00:44,339 - INFO - 检测到 Ctrl+C
2025-09-04 00:00:44,340 - WARNING - 剪切板中不包含图片
2025-09-04 00:00:44,354 - INFO - 检测到 Ctrl+C
2025-09-04 00:00:44,354 - WARNING - 剪切板中不包含图片
2025-09-04 00:02:25,984 - INFO - 检测到 Ctrl+C
2025-09-04 00:02:25,984 - WARNING - 剪切板中不包含图片
2025-09-04 00:02:26,009 - INFO - 检测到 Ctrl+C
2025-09-04 00:02:26,009 - WARNING - 剪切板中不包含图片
2025-09-04 00:04:23,762 - INFO - 检测到 Ctrl+C
2025-09-04 00:04:23,762 - WARNING - 剪切板中不包含图片
2025-09-04 00:04:23,795 - INFO - 检测到 Ctrl+C
2025-09-04 00:04:23,795 - WARNING - 剪切板中不包含图片
2025-09-04 00:04:31,185 - INFO - 检测到 Ctrl+C
2025-09-04 00:04:31,185 - WARNING - 剪切板中不包含图片
2025-09-04 00:04:31,218 - INFO - 检测到 Ctrl+C
2025-09-04 00:04:31,218 - WARNING - 剪切板中不包含图片
2025-09-04 00:04:47,669 - INFO - 检测到 Ctrl+C
2025-09-04 00:04:47,669 - WARNING - 剪切板中不包含图片
2025-09-04 00:04:47,736 - INFO - 检测到 Ctrl+C
2025-09-04 00:04:47,736 - WARNING - 剪切板中不包含图片
2025-09-04 00:05:22,244 - INFO - 检测到 Ctrl+C
2025-09-04 00:05:22,244 - WARNING - 剪切板中不包含图片
2025-09-04 00:05:22,281 - INFO - 检测到 Ctrl+C
2025-09-04 00:05:22,281 - WARNING - 剪切板中不包含图片
2025-09-04 00:05:37,591 - INFO - 检测到 Ctrl+C
2025-09-04 00:05:37,591 - WARNING - 剪切板中不包含图片
2025-09-04 00:05:37,629 - INFO - 检测到 Ctrl+C
2025-09-04 00:05:37,629 - WARNING - 剪切板中不包含图片
2025-09-04 00:08:37,709 - INFO - 检测到 Esc，准备退出
2025-09-04 00:08:37,711 - INFO - OCR 服务已关闭
2025-09-04 00:08:37,711 - INFO - 程序退出
2025-09-04 00:08:37,745 - INFO - 检测到 Esc，准备退出
2025-09-04 00:08:37,753 - INFO - OCR 服务已关闭
2025-09-04 00:08:37,754 - INFO - 程序退出
2025-09-04 16:57:26,220 - INFO - OCR 服务已启动
2025-09-04 16:57:42,962 - INFO - 检测到 Ctrl+C
2025-09-04 16:57:42,973 - INFO - 剪切板中的图片已经保存
2025-09-04 16:57:42,973 - INFO - OCR识别任务已提交
2025-09-04 16:57:43,127 - INFO - 识别成功，img_path: D:\2\WechatOCR\dist\img\~~~ocr.png, result_file: json\~~~ocr.png.json
2025-09-04 16:57:43,974 - INFO - 文本已保存到 text_save.txt
2025-09-04 16:57:44,006 - INFO - 已将文件内容复制到剪贴板。
2025-09-07 17:41:10,160 - INFO - OCR 服务已启动
2025-09-07 17:41:19,089 - INFO - 检测到 Ctrl+C
2025-09-07 17:41:19,099 - INFO - 剪切板中的图片已经保存
2025-09-07 17:41:19,100 - INFO - OCR识别任务已提交
2025-09-07 17:41:19,155 - INFO - 识别成功，img_path: D:\2\WechatOCR\dist\img\~~~ocr.png, result_file: json\~~~ocr.png.json
2025-09-07 17:41:20,101 - INFO - 文本已保存到 text_save.txt
2025-09-07 17:41:20,145 - INFO - 已将文件内容复制到剪贴板。
2025-09-07 17:43:22,738 - INFO - 检测到 Ctrl+C
2025-09-07 17:43:22,739 - WARNING - 剪切板中不包含图片
2025-09-07 17:56:38,328 - INFO - 检测到 Ctrl+C
2025-09-07 17:56:38,328 - WARNING - 剪切板中不包含图片
2025-09-07 17:57:28,286 - INFO - 检测到 Ctrl+C
2025-09-07 17:57:28,286 - WARNING - 剪切板中不包含图片
2025-09-07 17:57:34,804 - INFO - 检测到 Ctrl+C
2025-09-07 17:57:34,804 - WARNING - 剪切板中不包含图片
2025-09-07 17:57:49,550 - INFO - 检测到 Ctrl+C
2025-09-07 17:57:49,550 - WARNING - 剪切板中不包含图片
2025-09-07 17:57:53,861 - INFO - 检测到 Ctrl+C
2025-09-07 17:57:53,863 - WARNING - 剪切板中不包含图片
2025-09-07 17:58:33,988 - INFO - 检测到 Ctrl+C
2025-09-07 17:58:33,988 - WARNING - 剪切板中不包含图片
2025-09-07 17:58:39,806 - INFO - 检测到 Ctrl+C
2025-09-07 17:58:39,806 - WARNING - 剪切板中不包含图片
2025-09-07 17:59:19,424 - INFO - 检测到 Ctrl+C
2025-09-07 17:59:19,424 - WARNING - 剪切板中不包含图片
2025-09-07 17:59:24,439 - INFO - 检测到 Ctrl+C
2025-09-07 17:59:24,439 - WARNING - 剪切板中不包含图片
2025-09-07 18:01:50,083 - INFO - 检测到 Ctrl+C
2025-09-07 18:01:50,083 - WARNING - 剪切板中不包含图片
2025-09-07 18:04:08,609 - INFO - 检测到 Ctrl+C
2025-09-07 18:04:08,609 - WARNING - 剪切板中不包含图片
2025-09-07 18:04:23,352 - INFO - 检测到 Ctrl+C
2025-09-07 18:04:23,352 - WARNING - 剪切板中不包含图片
2025-09-07 18:05:09,897 - INFO - 检测到 Ctrl+C
2025-09-07 18:05:09,898 - WARNING - 剪切板中不包含图片
2025-09-07 18:06:37,270 - INFO - 检测到 Ctrl+C
2025-09-07 18:06:37,270 - WARNING - 剪切板中不包含图片
2025-09-07 18:08:37,437 - INFO - 检测到 Esc，准备退出
2025-09-07 18:08:37,437 - INFO - OCR 服务已关闭
2025-09-07 18:08:37,437 - INFO - 程序退出
2025-09-07 22:39:24,662 - INFO - OCR 服务已启动
2025-09-07 22:41:56,457 - INFO - OCR 服务已启动
2025-09-07 22:42:01,651 - INFO - 检测到 Ctrl+C
2025-09-07 22:42:01,663 - INFO - 剪切板中的图片已经保存
2025-09-07 22:42:01,663 - INFO - OCR识别任务已提交
2025-09-07 22:42:01,676 - INFO - 检测到 Ctrl+C
2025-09-07 22:42:01,689 - INFO - 剪切板中的图片已经保存
2025-09-07 22:42:01,689 - INFO - OCR识别任务已提交
2025-09-07 22:42:01,798 - INFO - 识别成功，img_path: D:\2\WechatOCR\dist\img\~~~ocr.png, result_file: json\~~~ocr.png.json
2025-09-07 22:42:01,801 - INFO - 识别成功，img_path: D:\2\WechatOCR\dist\img\~~~ocr.png, result_file: json\~~~ocr.png.json
2025-09-07 22:42:02,665 - INFO - 文本已保存到 text_save.txt
2025-09-07 22:42:02,690 - INFO - 文本已保存到 text_save.txt
2025-09-07 22:42:02,711 - INFO - 已将文件内容复制到剪贴板。
2025-09-07 22:42:02,737 - INFO - 已将文件内容复制到剪贴板。
2025-09-07 22:42:25,782 - INFO - 检测到 Ctrl+C
2025-09-07 22:42:25,782 - WARNING - 剪切板中不包含图片
2025-09-07 22:42:25,810 - INFO - 检测到 Ctrl+C
2025-09-07 22:42:25,810 - WARNING - 剪切板中不包含图片
2025-09-07 22:44:32,807 - INFO - 检测到 Ctrl+C
2025-09-07 22:44:32,808 - WARNING - 剪切板中不包含图片
2025-09-07 22:44:58,568 - INFO - 检测到 Ctrl+C
2025-09-07 22:44:58,569 - WARNING - 剪切板中不包含图片
2025-09-07 22:44:58,586 - INFO - 检测到 Ctrl+C
2025-09-07 22:44:58,586 - WARNING - 剪切板中不包含图片
2025-09-07 22:46:33,268 - INFO - 检测到 Ctrl+C
2025-09-07 22:46:33,268 - WARNING - 剪切板中不包含图片
2025-09-07 22:46:33,277 - INFO - 检测到 Ctrl+C
2025-09-07 22:46:33,277 - WARNING - 剪切板中不包含图片
2025-09-07 22:48:43,476 - INFO - 检测到 Ctrl+C
2025-09-07 22:48:43,476 - WARNING - 剪切板中不包含图片
2025-09-07 22:48:43,476 - WARNING - 剪切板中不包含图片
2025-09-07 22:49:50,188 - INFO - 检测到 Ctrl+C
2025-09-07 22:49:50,188 - WARNING - 剪切板中不包含图片
2025-09-07 22:49:50,188 - WARNING - 剪切板中不包含图片
2025-09-07 22:51:05,821 - INFO - 检测到 Ctrl+C
2025-09-07 22:51:05,821 - WARNING - 剪切板中不包含图片
2025-09-07 22:51:05,824 - INFO - 检测到 Ctrl+C
2025-09-07 22:51:05,826 - WARNING - 剪切板中不包含图片
2025-09-07 22:51:10,035 - INFO - 检测到 Ctrl+C
2025-09-07 22:51:10,035 - WARNING - 剪切板中不包含图片
2025-09-07 22:52:11,733 - INFO - 检测到 Ctrl+C
2025-09-07 22:52:11,733 - WARNING - 剪切板中不包含图片
2025-09-07 22:52:11,822 - INFO - 检测到 Ctrl+C
2025-09-07 22:52:11,822 - WARNING - 剪切板中不包含图片
2025-09-07 22:53:32,574 - INFO - 检测到 Ctrl+C
2025-09-07 22:53:32,574 - WARNING - 剪切板中不包含图片
2025-09-07 22:53:32,597 - INFO - 检测到 Ctrl+C
2025-09-07 22:53:32,597 - WARNING - 剪切板中不包含图片
2025-09-07 22:53:44,936 - INFO - 检测到 Ctrl+C
2025-09-07 22:53:44,936 - WARNING - 剪切板中不包含图片
2025-09-07 22:57:20,121 - INFO - 检测到 Ctrl+C
2025-09-07 22:57:20,121 - WARNING - 剪切板中不包含图片
2025-09-07 22:57:20,203 - INFO - 检测到 Ctrl+C
2025-09-07 22:57:20,203 - WARNING - 剪切板中不包含图片
2025-09-07 22:57:28,929 - INFO - 检测到 Ctrl+C
2025-09-07 22:57:28,929 - WARNING - 剪切板中不包含图片
2025-09-07 22:57:28,950 - INFO - 检测到 Ctrl+C
2025-09-07 22:57:28,950 - WARNING - 剪切板中不包含图片
2025-09-07 22:58:18,783 - INFO - 检测到 Ctrl+C
2025-09-07 22:58:18,783 - WARNING - 剪切板中不包含图片
2025-09-07 22:58:18,805 - INFO - 检测到 Ctrl+C
2025-09-07 22:58:18,805 - WARNING - 剪切板中不包含图片
2025-09-07 22:58:23,597 - INFO - 检测到 Ctrl+C
2025-09-07 22:58:23,597 - WARNING - 剪切板中不包含图片
2025-09-07 22:58:23,621 - INFO - 检测到 Ctrl+C
2025-09-07 22:58:23,621 - WARNING - 剪切板中不包含图片
2025-09-07 23:00:05,822 - INFO - 检测到 Ctrl+C
2025-09-07 23:00:05,822 - WARNING - 剪切板中不包含图片
2025-09-07 23:00:05,840 - INFO - 检测到 Ctrl+C
2025-09-07 23:00:05,841 - WARNING - 剪切板中不包含图片
2025-09-07 23:05:09,661 - INFO - 检测到 Ctrl+C
2025-09-07 23:05:09,661 - WARNING - 剪切板中不包含图片
2025-09-07 23:05:09,697 - INFO - 检测到 Ctrl+C
2025-09-07 23:05:09,698 - WARNING - 剪切板中不包含图片
2025-09-07 23:05:14,878 - INFO - 检测到 Ctrl+C
2025-09-07 23:05:14,912 - INFO - 检测到 Ctrl+C
2025-09-07 23:05:14,913 - WARNING - 剪切板中不包含图片
2025-09-07 23:05:15,388 - WARNING - 剪切板中不包含图片
2025-09-07 23:05:28,356 - INFO - 检测到 Ctrl+C
2025-09-07 23:05:28,356 - WARNING - 剪切板中不包含图片
2025-09-07 23:05:28,426 - INFO - 检测到 Ctrl+C
2025-09-07 23:05:28,426 - WARNING - 剪切板中不包含图片
2025-09-07 23:09:02,032 - INFO - 检测到 Ctrl+C
2025-09-07 23:09:02,032 - WARNING - 剪切板中不包含图片
2025-09-07 23:09:43,066 - INFO - 检测到 Ctrl+C
2025-09-07 23:09:43,066 - WARNING - 剪切板中不包含图片
2025-09-07 23:09:43,078 - INFO - 检测到 Ctrl+C
2025-09-07 23:09:43,078 - WARNING - 剪切板中不包含图片
2025-09-07 23:10:02,931 - INFO - 检测到 Ctrl+C
2025-09-07 23:10:02,931 - WARNING - 剪切板中不包含图片
2025-09-07 23:11:53,787 - INFO - 检测到 Ctrl+C
2025-09-07 23:11:53,787 - WARNING - 剪切板中不包含图片
2025-09-07 23:11:53,787 - WARNING - 剪切板中不包含图片
2025-09-09 20:08:37,000 - INFO - OCR 服务已启动
2025-09-09 20:08:51,644 - INFO - 检测到 Ctrl+C
2025-09-09 20:08:51,654 - INFO - 剪切板中的图片已经保存
2025-09-09 20:08:51,655 - INFO - OCR识别任务已提交
2025-09-09 20:08:51,739 - INFO - 识别成功，img_path: D:\2\WechatOCR\dist\img\~~~ocr.png, result_file: json\~~~ocr.png.json
2025-09-09 20:08:52,656 - INFO - 文本已保存到 text_save.txt
2025-09-09 20:08:52,697 - INFO - 已将文件内容复制到剪贴板。
2025-09-09 20:09:55,083 - INFO - 检测到 Esc，准备退出
2025-09-09 20:09:55,083 - INFO - OCR 服务已关闭
2025-09-09 20:09:55,083 - INFO - 程序退出
2025-09-13 16:09:56,021 - INFO - OCR 服务已启动
2025-09-13 16:10:08,362 - INFO - 检测到 Ctrl+C
2025-09-13 16:10:08,404 - INFO - 剪切板中的图片已经保存
2025-09-13 16:10:08,404 - INFO - OCR识别任务已提交
2025-09-13 16:10:09,216 - INFO - 识别成功，img_path: D:\2\WechatOCR\dist\img\~~~ocr.png, result_file: json\~~~ocr.png.json
2025-09-13 16:10:09,406 - INFO - 文本已保存到 text_save.txt
2025-09-13 16:10:09,441 - INFO - 已将文件内容复制到剪贴板。
2025-09-13 16:11:44,743 - INFO - 检测到 Ctrl+C
2025-09-13 16:11:44,757 - INFO - 剪切板中的图片已经保存
2025-09-13 16:11:44,757 - INFO - OCR识别任务已提交
2025-09-13 16:11:45,023 - INFO - 识别成功，img_path: D:\2\WechatOCR\dist\img\~~~ocr.png, result_file: json\~~~ocr.png.json
2025-09-13 16:11:45,757 - INFO - 文本已保存到 text_save.txt
2025-09-13 16:11:45,764 - INFO - 已将文件内容复制到剪贴板。
2025-09-13 16:15:58,558 - INFO - 检测到 Ctrl+C
2025-09-13 16:15:58,558 - WARNING - 剪切板中不包含图片
2025-09-13 16:16:16,308 - INFO - 检测到 Ctrl+C
2025-09-13 16:16:16,308 - WARNING - 剪切板中不包含图片
2025-09-13 16:16:30,948 - INFO - 检测到 Ctrl+C
2025-09-13 16:16:30,950 - WARNING - 剪切板中不包含图片
2025-09-13 16:16:45,586 - INFO - 检测到 Ctrl+C
2025-09-13 16:16:45,586 - WARNING - 剪切板中不包含图片
2025-09-13 16:17:03,335 - INFO - 检测到 Ctrl+C
2025-09-13 16:17:03,335 - WARNING - 剪切板中不包含图片
2025-09-13 16:17:22,384 - INFO - 检测到 Ctrl+C
2025-09-13 16:17:22,384 - WARNING - 剪切板中不包含图片
2025-09-13 16:59:29,930 - INFO - 检测到 Ctrl+C
2025-09-13 16:59:29,930 - WARNING - 剪切板中不包含图片
2025-09-13 17:01:43,190 - INFO - 检测到 Ctrl+C
2025-09-13 17:01:43,190 - WARNING - 剪切板中不包含图片
2025-09-13 17:04:58,616 - INFO - 检测到 Ctrl+C
2025-09-13 17:04:58,617 - WARNING - 剪切板中不包含图片
2025-09-13 17:08:12,146 - INFO - 检测到 Ctrl+C
2025-09-13 17:08:12,147 - WARNING - 剪切板中不包含图片
2025-09-13 18:23:46,239 - INFO - 检测到 Esc，准备退出
2025-09-13 18:23:46,244 - INFO - OCR 服务已关闭
2025-09-13 18:23:46,244 - INFO - 程序退出
2025-09-14 12:41:27,688 - INFO - OCR 服务已启动
2025-09-14 12:41:52,261 - INFO - 检测到 Ctrl+C
2025-09-14 12:41:52,274 - INFO - 剪切板中的图片已经保存
2025-09-14 12:41:52,274 - INFO - OCR识别任务已提交
2025-09-14 12:41:52,401 - INFO - 识别成功，img_path: D:\2\WechatOCR\dist\img\~~~ocr.png, result_file: json\~~~ocr.png.json
2025-09-14 12:41:53,275 - INFO - 文本已保存到 text_save.txt
2025-09-14 12:41:53,321 - INFO - 已将文件内容复制到剪贴板。
2025-09-14 12:49:16,600 - INFO - 检测到 Ctrl+C
2025-09-14 12:49:16,600 - WARNING - 剪切板中不包含图片
2025-09-14 12:49:19,609 - INFO - 检测到 Ctrl+C
2025-09-14 12:49:19,609 - WARNING - 剪切板中不包含图片
2025-09-14 12:49:20,210 - INFO - 检测到 Ctrl+C
2025-09-14 12:49:20,210 - WARNING - 剪切板中不包含图片
2025-09-14 12:49:54,115 - INFO - 检测到 Ctrl+C
2025-09-14 12:49:54,115 - WARNING - 剪切板中不包含图片
2025-09-14 12:51:10,848 - INFO - 检测到 Ctrl+C
2025-09-14 12:51:10,848 - WARNING - 剪切板中不包含图片
2025-09-14 12:56:19,985 - INFO - 检测到 Ctrl+C
2025-09-14 12:56:19,985 - WARNING - 剪切板中不包含图片
2025-09-14 12:57:58,292 - INFO - 检测到 Ctrl+C
2025-09-14 12:57:58,292 - ERROR - 保存剪切板图片失败
Traceback (most recent call last):
  File "main.py", line 22, in save_clipboard_pic
AttributeError: 'list' object has no attribute 'save'
2025-09-14 13:01:47,596 - INFO - 检测到 Ctrl+C
2025-09-14 13:01:47,596 - WARNING - 剪切板中不包含图片
2025-09-14 13:08:20,762 - INFO - 检测到 Ctrl+C
2025-09-14 13:08:20,762 - WARNING - 剪切板中不包含图片
2025-09-14 13:08:53,159 - INFO - 检测到 Ctrl+C
2025-09-14 13:08:53,159 - WARNING - 剪切板中不包含图片
2025-09-14 13:11:22,416 - INFO - 检测到 Ctrl+C
2025-09-14 13:11:22,417 - WARNING - 剪切板中不包含图片
2025-09-14 13:11:30,639 - INFO - 检测到 Ctrl+C
2025-09-14 13:11:30,640 - WARNING - 剪切板中不包含图片
2025-09-14 13:12:43,355 - INFO - 检测到 Ctrl+C
2025-09-14 13:12:43,356 - WARNING - 剪切板中不包含图片
2025-09-14 13:12:55,894 - INFO - 检测到 Ctrl+C
2025-09-14 13:12:55,894 - WARNING - 剪切板中不包含图片
2025-09-14 13:18:01,398 - INFO - 检测到 Ctrl+C
2025-09-14 13:18:01,398 - WARNING - 剪切板中不包含图片
2025-09-14 13:21:04,840 - INFO - 检测到 Ctrl+C
2025-09-14 13:21:04,841 - WARNING - 剪切板中不包含图片
2025-09-14 13:22:55,510 - INFO - 检测到 Ctrl+C
2025-09-14 13:22:55,510 - WARNING - 剪切板中不包含图片
2025-09-14 13:23:29,622 - INFO - 检测到 Ctrl+C
2025-09-14 13:23:29,623 - WARNING - 剪切板中不包含图片
2025-09-14 13:24:22,575 - INFO - 检测到 Ctrl+C
2025-09-14 13:24:22,575 - WARNING - 剪切板中不包含图片
2025-09-14 13:27:27,332 - INFO - 检测到 Ctrl+C
2025-09-14 13:27:27,332 - WARNING - 剪切板中不包含图片
2025-09-14 13:29:18,765 - INFO - 检测到 Ctrl+C
2025-09-14 13:29:18,765 - WARNING - 剪切板中不包含图片
2025-09-14 13:30:08,047 - INFO - 检测到 Ctrl+C
2025-09-14 13:30:08,047 - WARNING - 剪切板中不包含图片
2025-09-14 13:30:31,930 - INFO - 检测到 Ctrl+C
2025-09-14 13:30:31,930 - WARNING - 剪切板中不包含图片
2025-09-14 13:32:03,615 - INFO - 检测到 Ctrl+C
2025-09-14 13:32:03,615 - WARNING - 剪切板中不包含图片
2025-09-14 13:32:15,753 - INFO - 检测到 Ctrl+C
2025-09-14 13:32:15,753 - WARNING - 剪切板中不包含图片
2025-09-14 13:32:24,680 - INFO - 检测到 Ctrl+C
2025-09-14 13:32:25,182 - WARNING - 剪切板中不包含图片
2025-09-14 13:38:56,158 - INFO - 检测到 Esc，准备退出
2025-09-14 13:38:56,162 - INFO - OCR 服务已关闭
2025-09-14 13:38:56,162 - INFO - 程序退出
2025-09-14 17:29:40,880 - INFO - OCR 服务已启动
2025-09-14 17:29:45,297 - INFO - 检测到 Ctrl+C
2025-09-14 17:29:45,309 - INFO - 剪切板中的图片已经保存
2025-09-14 17:29:45,310 - INFO - OCR识别任务已提交
2025-09-14 17:29:45,545 - INFO - 识别成功，img_path: D:\2\WechatOCR\dist\img\~~~ocr.png, result_file: json\~~~ocr.png.json
2025-09-14 17:29:46,311 - INFO - 文本已保存到 text_save.txt
2025-09-14 17:29:46,382 - INFO - 已将文件内容复制到剪贴板。
2025-09-14 17:36:33,154 - INFO - 检测到 Ctrl+C
2025-09-14 17:36:33,154 - WARNING - 剪切板中不包含图片
2025-09-14 17:39:55,577 - INFO - OCR 服务已启动
2025-09-14 17:40:00,391 - INFO - 检测到 Ctrl+C
2025-09-14 17:40:00,403 - INFO - 剪切板中的图片已经保存
2025-09-14 17:40:00,403 - INFO - OCR识别任务已提交
2025-09-14 17:40:00,434 - INFO - 检测到 Ctrl+C
2025-09-14 17:40:00,436 - INFO - 剪切板中的图片已经保存
2025-09-14 17:40:00,436 - INFO - OCR识别任务已提交
2025-09-14 17:40:00,594 - INFO - 识别成功，img_path: D:\2\WechatOCR\dist\img\~~~ocr.png, result_file: json\~~~ocr.png.json
2025-09-14 17:40:00,627 - INFO - 识别成功，img_path: D:\2\WechatOCR\dist\img\~~~ocr.png, result_file: json\~~~ocr.png.json
2025-09-14 17:40:01,404 - INFO - 文本已保存到 text_save.txt
2025-09-14 17:40:01,436 - INFO - 文本已保存到 text_save.txt
2025-09-14 17:40:01,449 - INFO - 已将文件内容复制到剪贴板。
2025-09-14 17:40:01,457 - INFO - 已将文件内容复制到剪贴板。
2025-09-14 17:42:46,312 - INFO - 检测到 Ctrl+C
2025-09-14 17:42:46,314 - ERROR - 保存剪切板图片失败
Traceback (most recent call last):
  File "main.py", line 22, in save_clipboard_pic
AttributeError: 'list' object has no attribute 'save'
2025-09-14 17:42:46,331 - INFO - 检测到 Ctrl+C
2025-09-14 17:42:46,333 - ERROR - 保存剪切板图片失败
Traceback (most recent call last):
  File "main.py", line 22, in save_clipboard_pic
AttributeError: 'list' object has no attribute 'save'
2025-09-14 17:47:15,078 - INFO - 检测到 Ctrl+C
2025-09-14 17:47:15,078 - WARNING - 剪切板中不包含图片
2025-09-14 17:51:49,515 - INFO - 检测到 Ctrl+C
2025-09-14 17:51:49,515 - WARNING - 剪切板中不包含图片
2025-09-14 17:59:17,322 - INFO - 检测到 Ctrl+C
2025-09-14 17:59:17,323 - WARNING - 剪切板中不包含图片
2025-09-14 17:59:17,328 - INFO - 检测到 Ctrl+C
2025-09-14 17:59:17,328 - WARNING - 剪切板中不包含图片
2025-09-14 18:02:34,794 - INFO - 检测到 Ctrl+C
2025-09-14 18:02:34,794 - INFO - 检测到 Ctrl+C
2025-09-14 18:02:34,794 - WARNING - 剪切板中不包含图片
2025-09-14 18:02:34,794 - WARNING - 剪切板中不包含图片
2025-09-14 18:07:11,055 - INFO - 检测到 Ctrl+C
2025-09-14 18:07:11,055 - WARNING - 剪切板中不包含图片
2025-09-14 18:07:11,055 - WARNING - 剪切板中不包含图片
2025-09-14 18:08:25,853 - INFO - 检测到 Ctrl+C
2025-09-14 18:08:25,853 - WARNING - 剪切板中不包含图片
2025-09-14 18:08:25,854 - INFO - 检测到 Ctrl+C
2025-09-14 18:08:25,854 - WARNING - 剪切板中不包含图片
2025-09-14 18:08:49,116 - INFO - 检测到 Ctrl+C
2025-09-14 18:08:49,116 - WARNING - 剪切板中不包含图片
2025-09-14 18:08:49,116 - WARNING - 剪切板中不包含图片
2025-09-14 18:16:20,037 - INFO - 检测到 Ctrl+C
2025-09-14 18:16:20,038 - WARNING - 剪切板中不包含图片
2025-09-14 18:16:20,038 - WARNING - 剪切板中不包含图片
2025-09-14 18:16:23,848 - INFO - 检测到 Ctrl+C
2025-09-14 18:16:23,848 - WARNING - 剪切板中不包含图片
2025-09-14 18:27:15,428 - INFO - 检测到 Ctrl+C
2025-09-14 18:27:15,428 - WARNING - 剪切板中不包含图片
2025-09-14 18:27:15,431 - INFO - 检测到 Ctrl+C
2025-09-14 18:27:15,431 - WARNING - 剪切板中不包含图片
2025-09-14 18:27:27,863 - INFO - 检测到 Ctrl+C
2025-09-14 18:27:27,863 - WARNING - 剪切板中不包含图片
2025-09-14 18:27:27,867 - INFO - 检测到 Ctrl+C
2025-09-14 18:27:27,867 - WARNING - 剪切板中不包含图片
2025-09-14 18:34:00,662 - INFO - 检测到 Ctrl+C
2025-09-14 18:34:00,662 - WARNING - 剪切板中不包含图片
2025-09-14 18:34:00,744 - INFO - 检测到 Ctrl+C
2025-09-14 18:34:00,744 - WARNING - 剪切板中不包含图片
2025-09-14 18:41:56,569 - INFO - 检测到 Ctrl+C
2025-09-14 18:41:56,569 - WARNING - 剪切板中不包含图片
2025-09-14 18:41:56,595 - INFO - 检测到 Ctrl+C
2025-09-14 18:41:56,595 - WARNING - 剪切板中不包含图片
2025-09-14 18:42:14,418 - INFO - 检测到 Esc，准备退出
2025-09-14 18:42:14,423 - INFO - OCR 服务已关闭
2025-09-14 18:42:14,423 - INFO - 程序退出
2025-09-14 18:42:14,447 - INFO - 检测到 Esc，准备退出
2025-09-14 18:42:14,451 - INFO - OCR 服务已关闭
2025-09-14 18:42:14,451 - INFO - 程序退出
2025-09-15 16:52:12,284 - INFO - OCR 服务已启动
2025-09-15 16:52:22,215 - INFO - 检测到 Ctrl+C
2025-09-15 16:52:22,226 - INFO - 剪切板中的图片已经保存
2025-09-15 16:52:22,226 - INFO - OCR识别任务已提交
2025-09-15 16:52:22,336 - INFO - 识别成功，img_path: D:\2\WechatOCR\dist\img\~~~ocr.png, result_file: json\~~~ocr.png.json
2025-09-15 16:52:23,226 - INFO - 文本已保存到 text_save.txt
2025-09-15 16:52:23,258 - INFO - 已将文件内容复制到剪贴板。
2025-09-15 16:55:11,245 - INFO - 检测到 Ctrl+C
2025-09-15 16:55:11,248 - INFO - 剪切板中的图片已经保存
2025-09-15 16:55:11,248 - INFO - OCR识别任务已提交
2025-09-15 16:55:11,314 - INFO - 识别成功，img_path: D:\2\WechatOCR\dist\img\~~~ocr.png, result_file: json\~~~ocr.png.json
2025-09-15 16:55:12,249 - INFO - 文本已保存到 text_save.txt
2025-09-15 16:55:12,255 - INFO - 已将文件内容复制到剪贴板。
2025-09-15 17:00:36,105 - INFO - 检测到 Ctrl+C
2025-09-15 17:00:36,105 - WARNING - 剪切板中不包含图片
2025-09-15 17:05:49,848 - INFO - OCR 服务已启动
2025-09-15 17:06:07,408 - INFO - 检测到 Ctrl+C
2025-09-15 17:06:07,425 - INFO - 剪切板中的图片已经保存
2025-09-15 17:06:07,426 - INFO - OCR识别任务已提交
2025-09-15 17:06:07,479 - INFO - 检测到 Ctrl+C
2025-09-15 17:06:07,482 - INFO - 剪切板中的图片已经保存
2025-09-15 17:06:07,482 - INFO - OCR识别任务已提交
2025-09-15 17:06:07,682 - INFO - 识别成功，img_path: D:\2\WechatOCR\dist\img\~~~ocr.png, result_file: json\~~~ocr.png.json
2025-09-15 17:06:07,747 - INFO - 识别成功，img_path: D:\2\WechatOCR\dist\img\~~~ocr.png, result_file: json\~~~ocr.png.json
2025-09-15 17:06:08,427 - INFO - 文本已保存到 text_save.txt
2025-09-15 17:06:08,464 - INFO - 已将文件内容复制到剪贴板。
2025-09-15 17:06:08,483 - INFO - 文本已保存到 text_save.txt
2025-09-15 17:06:08,497 - INFO - 已将文件内容复制到剪贴板。
2025-09-15 17:20:06,620 - INFO - 检测到 Ctrl+C
2025-09-15 17:20:06,620 - WARNING - 剪切板中不包含图片
2025-09-15 17:20:06,655 - INFO - 检测到 Ctrl+C
2025-09-15 17:20:06,656 - WARNING - 剪切板中不包含图片
2025-09-15 17:22:06,978 - INFO - 检测到 Ctrl+C
2025-09-15 17:22:06,978 - WARNING - 剪切板中不包含图片
2025-09-15 17:27:30,409 - INFO - 检测到 Ctrl+C
2025-09-15 17:27:30,409 - WARNING - 剪切板中不包含图片
2025-09-15 17:27:30,437 - INFO - 检测到 Ctrl+C
2025-09-15 17:27:30,437 - WARNING - 剪切板中不包含图片
2025-09-15 17:31:23,134 - INFO - 检测到 Ctrl+C
2025-09-15 17:31:23,134 - WARNING - 剪切板中不包含图片
2025-09-15 17:31:28,722 - INFO - 检测到 Ctrl+C
2025-09-15 17:31:28,749 - INFO - 检测到 Ctrl+C
2025-09-15 17:31:28,749 - WARNING - 剪切板中不包含图片
2025-09-15 17:31:29,236 - WARNING - 剪切板中不包含图片
2025-09-15 17:32:04,336 - INFO - 检测到 Ctrl+C
2025-09-15 17:32:04,350 - INFO - 检测到 Ctrl+C
2025-09-15 17:32:04,350 - WARNING - 剪切板中不包含图片
2025-09-15 17:32:04,846 - WARNING - 剪切板中不包含图片
2025-09-15 17:32:14,777 - INFO - 检测到 Ctrl+C
2025-09-15 17:32:14,777 - WARNING - 剪切板中不包含图片
2025-09-15 17:32:14,781 - INFO - 检测到 Ctrl+C
2025-09-15 17:32:14,781 - WARNING - 剪切板中不包含图片
2025-09-15 17:32:47,573 - INFO - 检测到 Ctrl+C
2025-09-15 17:32:47,573 - WARNING - 剪切板中不包含图片
2025-09-15 17:32:47,573 - INFO - 检测到 Ctrl+C
2025-09-15 17:32:47,573 - WARNING - 剪切板中不包含图片
2025-09-15 17:32:52,591 - INFO - 检测到 Ctrl+C
2025-09-15 17:32:52,591 - INFO - 检测到 Ctrl+C
2025-09-15 17:32:52,591 - WARNING - 剪切板中不包含图片
2025-09-15 17:32:52,591 - WARNING - 剪切板中不包含图片
2025-09-15 17:33:02,820 - INFO - 检测到 Ctrl+C
2025-09-15 17:33:02,820 - WARNING - 剪切板中不包含图片
2025-09-15 17:33:02,823 - INFO - 检测到 Ctrl+C
2025-09-15 17:33:02,823 - WARNING - 剪切板中不包含图片
2025-09-15 17:35:29,961 - INFO - 检测到 Ctrl+C
2025-09-15 17:35:29,961 - WARNING - 剪切板中不包含图片
2025-09-15 17:35:29,962 - WARNING - 剪切板中不包含图片
2025-09-15 17:41:20,521 - INFO - 检测到 Ctrl+C
2025-09-15 17:41:20,521 - WARNING - 剪切板中不包含图片
2025-09-15 17:41:20,521 - WARNING - 剪切板中不包含图片
2025-09-15 17:43:58,315 - INFO - 检测到 Ctrl+C
2025-09-15 17:43:58,315 - INFO - 检测到 Ctrl+C
2025-09-15 17:43:58,315 - WARNING - 剪切板中不包含图片
2025-09-15 17:43:58,315 - WARNING - 剪切板中不包含图片
2025-09-15 17:44:11,553 - INFO - 检测到 Ctrl+C
2025-09-15 17:44:11,553 - WARNING - 剪切板中不包含图片
2025-09-15 17:44:11,553 - WARNING - 剪切板中不包含图片
2025-09-15 17:44:37,632 - INFO - 检测到 Ctrl+C
2025-09-15 17:44:37,632 - INFO - 检测到 Ctrl+C
2025-09-15 17:44:37,632 - WARNING - 剪切板中不包含图片
2025-09-15 17:44:37,632 - WARNING - 剪切板中不包含图片
2025-09-15 17:45:00,499 - INFO - 检测到 Ctrl+C
2025-09-15 17:45:00,499 - INFO - 检测到 Ctrl+C
2025-09-15 17:45:00,499 - WARNING - 剪切板中不包含图片
2025-09-15 17:45:00,499 - WARNING - 剪切板中不包含图片
2025-09-15 17:45:09,126 - INFO - 检测到 Ctrl+C
2025-09-15 17:45:09,126 - WARNING - 剪切板中不包含图片
2025-09-15 17:45:09,126 - WARNING - 剪切板中不包含图片
2025-09-15 17:45:45,232 - INFO - 检测到 Ctrl+C
2025-09-15 17:45:45,232 - WARNING - 剪切板中不包含图片
2025-09-15 17:45:45,232 - WARNING - 剪切板中不包含图片
2025-09-15 17:46:16,828 - INFO - 检测到 Ctrl+C
2025-09-15 17:46:16,828 - WARNING - 剪切板中不包含图片
2025-09-15 17:52:05,608 - INFO - 检测到 Ctrl+C
2025-09-15 17:52:05,608 - INFO - 检测到 Ctrl+C
2025-09-15 17:52:05,609 - WARNING - 剪切板中不包含图片
2025-09-15 17:52:05,609 - WARNING - 剪切板中不包含图片
2025-09-15 18:13:08,478 - INFO - 检测到 Ctrl+C
2025-09-15 18:13:08,478 - WARNING - 剪切板中不包含图片
2025-09-15 18:21:11,986 - INFO - OCR 服务已启动
2025-09-15 18:21:22,915 - INFO - 检测到 Ctrl+C
2025-09-15 18:21:22,915 - WARNING - 剪切板中不包含图片
2025-09-15 18:21:22,919 - INFO - 检测到 Ctrl+C
2025-09-15 18:21:22,920 - INFO - 剪切板中的图片已经保存
2025-09-15 18:21:22,923 - INFO - OCR识别任务已提交
2025-09-15 18:21:22,931 - INFO - 剪切板中的图片已经保存
2025-09-15 18:21:22,932 - INFO - OCR识别任务已提交
2025-09-15 18:21:23,038 - INFO - 识别成功，img_path: D:\2\WechatOCR\dist\img\~~~ocr.png, result_file: json\~~~ocr.png.json
2025-09-15 18:21:23,045 - INFO - 识别成功，img_path: D:\2\WechatOCR\dist\img\~~~ocr.png, result_file: json\~~~ocr.png.json
2025-09-15 18:21:23,925 - INFO - 文本已保存到 text_save.txt
2025-09-15 18:21:23,933 - INFO - 文本已保存到 text_save.txt
2025-09-15 18:21:23,935 - INFO - 已将文件内容复制到剪贴板。
2025-09-15 18:21:23,973 - INFO - 已将文件内容复制到剪贴板。
2025-09-15 18:28:14,319 - INFO - 检测到 Ctrl+C
2025-09-15 18:28:14,319 - INFO - 检测到 Ctrl+C
2025-09-15 18:28:14,319 - INFO - 检测到 Ctrl+C
2025-09-15 18:28:14,319 - WARNING - 剪切板中不包含图片
2025-09-15 18:28:14,319 - WARNING - 剪切板中不包含图片
2025-09-15 18:37:01,130 - INFO - 检测到 Ctrl+C
2025-09-15 18:37:01,130 - INFO - 检测到 Ctrl+C
2025-09-15 18:37:01,130 - WARNING - 剪切板中不包含图片
2025-09-15 18:37:01,131 - INFO - 剪切板中的图片已经保存
2025-09-15 18:37:01,132 - INFO - OCR识别任务已提交
2025-09-15 18:37:01,140 - INFO - 剪切板中的图片已经保存
2025-09-15 18:37:01,142 - INFO - OCR识别任务已提交
2025-09-15 18:37:01,247 - INFO - 识别成功，img_path: D:\2\WechatOCR\dist\img\~~~ocr.png, result_file: json\~~~ocr.png.json
2025-09-15 18:37:01,279 - INFO - 识别成功，img_path: D:\2\WechatOCR\dist\img\~~~ocr.png, result_file: json\~~~ocr.png.json
2025-09-15 18:37:02,132 - INFO - 文本已保存到 text_save.txt
2025-09-15 18:37:02,141 - INFO - 已将文件内容复制到剪贴板。
2025-09-15 18:37:02,154 - INFO - 文本已保存到 text_save.txt
2025-09-15 18:37:02,171 - INFO - 已将文件内容复制到剪贴板。
2025-09-15 18:44:21,009 - INFO - 检测到 Ctrl+C
2025-09-15 18:44:21,009 - WARNING - 剪切板中不包含图片
2025-09-15 18:44:52,804 - INFO - 检测到 Ctrl+C
2025-09-15 18:44:52,804 - INFO - 检测到 Ctrl+C
2025-09-15 18:44:52,804 - WARNING - 剪切板中不包含图片
2025-09-15 18:44:52,805 - INFO - 剪切板中的图片已经保存
2025-09-15 18:44:52,805 - INFO - 剪切板中的图片已经保存
2025-09-15 18:44:52,806 - INFO - OCR识别任务已提交
2025-09-15 18:44:52,806 - INFO - OCR识别任务已提交
2025-09-15 18:44:52,906 - INFO - 识别成功，img_path: D:\2\WechatOCR\dist\img\~~~ocr.png, result_file: json\~~~ocr.png.json
2025-09-15 18:44:52,914 - INFO - 识别成功，img_path: D:\2\WechatOCR\dist\img\~~~ocr.png, result_file: json\~~~ocr.png.json
2025-09-15 18:44:53,806 - INFO - 文本已保存到 text_save.txt
2025-09-15 18:44:53,807 - INFO - 文本已保存到 text_save.txt
2025-09-15 18:44:53,816 - INFO - 已将文件内容复制到剪贴板。
2025-09-15 18:44:53,828 - INFO - 已将文件内容复制到剪贴板。
2025-09-15 18:52:52,859 - INFO - 检测到 Ctrl+C
2025-09-15 18:52:52,860 - INFO - 剪切板中的图片已经保存
2025-09-15 18:52:52,861 - INFO - OCR识别任务已提交
2025-09-15 18:52:52,869 - INFO - 检测到 Ctrl+C
2025-09-15 18:52:52,869 - WARNING - 剪切板中不包含图片
2025-09-15 18:52:52,871 - INFO - 剪切板中的图片已经保存
2025-09-15 18:52:52,871 - INFO - OCR识别任务已提交
2025-09-15 18:52:52,955 - INFO - 识别成功，img_path: D:\2\WechatOCR\dist\img\~~~ocr.png, result_file: json\~~~ocr.png.json
2025-09-15 18:52:52,968 - INFO - 识别成功，img_path: D:\2\WechatOCR\dist\img\~~~ocr.png, result_file: json\~~~ocr.png.json
2025-09-15 18:52:53,862 - INFO - 文本已保存到 text_save.txt
2025-09-15 18:52:53,872 - INFO - 已将文件内容复制到剪贴板。
2025-09-15 18:52:53,872 - INFO - 文本已保存到 text_save.txt
2025-09-15 18:52:53,894 - INFO - 已将文件内容复制到剪贴板。
2025-09-15 19:06:12,081 - INFO - 检测到 Ctrl+C
2025-09-15 19:06:12,081 - INFO - 检测到 Ctrl+C
2025-09-15 19:06:12,081 - INFO - 检测到 Ctrl+C
2025-09-15 19:06:12,081 - WARNING - 剪切板中不包含图片
2025-09-15 19:06:12,081 - WARNING - 剪切板中不包含图片
2025-09-15 19:06:12,081 - WARNING - 剪切板中不包含图片
2025-09-15 19:06:21,908 - INFO - 检测到 Ctrl+C
2025-09-15 19:06:21,908 - WARNING - 剪切板中不包含图片
2025-09-15 19:10:52,437 - INFO - 检测到 Ctrl+C
2025-09-15 19:10:52,437 - WARNING - 剪切板中不包含图片
2025-09-15 19:10:52,438 - INFO - 剪切板中的图片已经保存
2025-09-15 19:10:52,438 - INFO - OCR识别任务已提交
2025-09-15 19:10:52,444 - INFO - 检测到 Ctrl+C
2025-09-15 19:10:52,445 - INFO - 剪切板中的图片已经保存
2025-09-15 19:10:52,445 - INFO - OCR识别任务已提交
2025-09-15 19:10:52,533 - INFO - 识别成功，img_path: D:\2\WechatOCR\dist\img\~~~ocr.png, result_file: json\~~~ocr.png.json
2025-09-15 19:10:52,537 - INFO - 识别成功，img_path: D:\2\WechatOCR\dist\img\~~~ocr.png, result_file: json\~~~ocr.png.json
2025-09-15 19:10:53,439 - INFO - 文本已保存到 text_save.txt
2025-09-15 19:10:53,445 - INFO - 已将文件内容复制到剪贴板。
2025-09-15 19:10:53,447 - INFO - 文本已保存到 text_save.txt
2025-09-15 19:10:53,459 - INFO - 已将文件内容复制到剪贴板。
2025-09-15 19:11:22,424 - INFO - 检测到 Ctrl+C
2025-09-15 19:11:22,424 - WARNING - 剪切板中不包含图片
2025-09-15 19:11:22,429 - INFO - 检测到 Ctrl+C
2025-09-15 19:11:22,429 - WARNING - 剪切板中不包含图片
2025-09-15 19:11:22,448 - INFO - 检测到 Ctrl+C
2025-09-15 19:11:22,448 - WARNING - 剪切板中不包含图片
2025-09-15 19:11:52,919 - INFO - 检测到 Ctrl+C
2025-09-15 19:11:52,920 - WARNING - 剪切板中不包含图片
2025-09-15 19:11:52,922 - INFO - 检测到 Ctrl+C
2025-09-15 19:11:52,922 - WARNING - 剪切板中不包含图片
2025-09-15 19:11:52,932 - INFO - 检测到 Ctrl+C
2025-09-15 19:11:52,932 - WARNING - 剪切板中不包含图片
2025-09-15 19:11:54,223 - INFO - 检测到 Ctrl+C
2025-09-15 19:11:54,223 - WARNING - 剪切板中不包含图片
2025-09-15 19:11:54,225 - INFO - 检测到 Ctrl+C
2025-09-15 19:11:54,225 - WARNING - 剪切板中不包含图片
2025-09-15 19:11:54,234 - INFO - 检测到 Ctrl+C
2025-09-15 19:11:54,234 - WARNING - 剪切板中不包含图片
2025-09-15 19:16:05,901 - INFO - 检测到 Ctrl+C
2025-09-15 19:16:05,901 - WARNING - 剪切板中不包含图片
2025-09-15 19:17:50,099 - INFO - 检测到 Ctrl+C
2025-09-15 19:17:50,099 - WARNING - 剪切板中不包含图片
2025-09-15 19:17:50,100 - INFO - 剪切板中的图片已经保存
2025-09-15 19:17:50,101 - INFO - OCR识别任务已提交
2025-09-15 19:17:50,206 - INFO - 识别成功，img_path: D:\2\WechatOCR\dist\img\~~~ocr.png, result_file: json\~~~ocr.png.json
2025-09-15 19:17:51,102 - INFO - 文本已保存到 text_save.txt
2025-09-15 19:17:51,109 - INFO - 已将文件内容复制到剪贴板。
2025-09-15 19:18:43,267 - INFO - 检测到 Ctrl+C
2025-09-15 19:18:43,267 - WARNING - 剪切板中不包含图片
2025-09-15 19:27:02,833 - INFO - 检测到 Ctrl+C
2025-09-15 19:27:02,833 - INFO - 检测到 Ctrl+C
2025-09-15 19:27:02,833 - WARNING - 剪切板中不包含图片
2025-09-15 19:27:02,834 - WARNING - 剪切板中不包含图片
2025-09-15 19:27:02,834 - INFO - 检测到 Ctrl+C
2025-09-15 19:27:02,834 - WARNING - 剪切板中不包含图片
2025-09-15 19:31:44,327 - INFO - 检测到 Ctrl+C
2025-09-15 19:31:44,331 - WARNING - 剪切板中不包含图片
2025-09-15 19:31:44,342 - INFO - 检测到 Ctrl+C
2025-09-15 19:31:44,343 - WARNING - 剪切板中不包含图片
2025-09-15 19:31:44,344 - INFO - 检测到 Ctrl+C
2025-09-15 19:31:44,347 - WARNING - 剪切板中不包含图片
2025-09-15 19:35:46,863 - INFO - 检测到 Ctrl+C
2025-09-15 19:35:46,863 - WARNING - 剪切板中不包含图片
2025-09-15 19:35:46,865 - INFO - 检测到 Ctrl+C
2025-09-15 19:35:46,865 - INFO - 检测到 Ctrl+C
2025-09-15 19:35:46,865 - WARNING - 剪切板中不包含图片
2025-09-15 19:35:46,865 - WARNING - 剪切板中不包含图片
2025-09-15 19:36:20,673 - INFO - 检测到 Ctrl+C
2025-09-15 19:36:20,674 - WARNING - 剪切板中不包含图片
2025-09-15 19:36:20,683 - INFO - 检测到 Ctrl+C
2025-09-15 19:36:20,684 - WARNING - 剪切板中不包含图片
2025-09-15 19:36:20,685 - INFO - 检测到 Ctrl+C
2025-09-15 19:36:20,686 - WARNING - 剪切板中不包含图片
2025-09-15 19:36:39,135 - INFO - 检测到 Ctrl+C
2025-09-15 19:36:39,135 - WARNING - 剪切板中不包含图片
2025-09-15 19:36:39,144 - INFO - 检测到 Ctrl+C
2025-09-15 19:36:39,144 - WARNING - 剪切板中不包含图片
2025-09-15 19:36:39,150 - INFO - 检测到 Ctrl+C
2025-09-15 19:36:39,150 - WARNING - 剪切板中不包含图片
2025-09-15 19:37:44,345 - INFO - 检测到 Ctrl+C
2025-09-15 19:37:44,345 - WARNING - 剪切板中不包含图片
2025-09-15 19:37:44,362 - INFO - 检测到 Ctrl+C
2025-09-15 19:37:44,362 - WARNING - 剪切板中不包含图片
2025-09-15 19:37:44,362 - INFO - 检测到 Ctrl+C
2025-09-15 19:37:44,362 - WARNING - 剪切板中不包含图片
2025-09-15 19:41:57,148 - INFO - 检测到 Ctrl+C
2025-09-15 19:41:57,148 - INFO - 检测到 Ctrl+C
2025-09-15 19:41:57,148 - WARNING - 剪切板中不包含图片
2025-09-15 19:41:57,148 - WARNING - 剪切板中不包含图片
2025-09-15 19:41:57,188 - INFO - 检测到 Ctrl+C
2025-09-15 19:41:57,188 - WARNING - 剪切板中不包含图片
2025-09-15 20:00:16,244 - INFO - 检测到 Ctrl+C
2025-09-15 20:00:16,245 - WARNING - 剪切板中不包含图片
2025-09-15 20:00:16,246 - WARNING - 剪切板中不包含图片
2025-09-15 20:00:16,309 - INFO - 检测到 Ctrl+C
2025-09-15 20:00:16,309 - WARNING - 剪切板中不包含图片
2025-09-15 20:15:04,415 - INFO - 检测到 Ctrl+C
2025-09-15 20:15:04,417 - INFO - 检测到 Ctrl+C
2025-09-15 20:15:04,419 - WARNING - 剪切板中不包含图片
2025-09-15 20:15:04,435 - INFO - 检测到 Ctrl+C
2025-09-15 20:15:04,435 - WARNING - 剪切板中不包含图片
2025-09-15 20:15:04,915 - WARNING - 剪切板中不包含图片
2025-09-15 20:17:03,333 - INFO - 检测到 Ctrl+C
2025-09-15 20:17:03,333 - WARNING - 剪切板中不包含图片
2025-09-15 20:18:14,979 - INFO - 检测到 Ctrl+C
2025-09-15 20:18:14,979 - WARNING - 剪切板中不包含图片
2025-09-15 20:19:21,214 - INFO - 检测到 Ctrl+C
2025-09-15 20:19:21,214 - INFO - 检测到 Ctrl+C
2025-09-15 20:19:21,215 - INFO - 检测到 Ctrl+C
2025-09-15 20:19:21,215 - WARNING - 剪切板中不包含图片
2025-09-15 20:19:21,715 - WARNING - 剪切板中不包含图片
2025-09-15 20:19:21,715 - WARNING - 剪切板中不包含图片
2025-09-15 20:21:54,768 - INFO - 检测到 Ctrl+C
2025-09-15 20:21:54,768 - WARNING - 剪切板中不包含图片
2025-09-15 20:22:55,273 - INFO - 检测到 Ctrl+C
2025-09-15 20:22:55,273 - INFO - 检测到 Ctrl+C
2025-09-15 20:22:55,273 - WARNING - 剪切板中不包含图片
2025-09-15 20:22:55,274 - WARNING - 剪切板中不包含图片
2025-09-15 20:22:55,298 - INFO - 检测到 Ctrl+C
2025-09-15 20:22:55,298 - WARNING - 剪切板中不包含图片
2025-09-15 20:24:57,592 - INFO - 检测到 Ctrl+C
2025-09-15 20:24:57,592 - INFO - 检测到 Ctrl+C
2025-09-15 20:24:57,592 - WARNING - 剪切板中不包含图片
2025-09-15 20:24:57,593 - WARNING - 剪切板中不包含图片
2025-09-15 20:24:57,622 - INFO - 检测到 Ctrl+C
2025-09-15 20:24:57,626 - WARNING - 剪切板中不包含图片
2025-09-15 20:29:32,377 - INFO - 检测到 Ctrl+C
2025-09-15 20:29:32,377 - INFO - 检测到 Ctrl+C
2025-09-15 20:29:32,377 - WARNING - 剪切板中不包含图片
2025-09-15 20:29:32,378 - WARNING - 剪切板中不包含图片
2025-09-15 20:29:32,402 - INFO - 检测到 Ctrl+C
2025-09-15 20:29:32,905 - WARNING - 剪切板中不包含图片
2025-09-15 20:30:45,933 - INFO - 检测到 Ctrl+C
2025-09-15 20:30:45,933 - WARNING - 剪切板中不包含图片
2025-09-15 20:30:45,934 - INFO - 检测到 Ctrl+C
2025-09-15 20:30:45,934 - WARNING - 剪切板中不包含图片
2025-09-15 20:30:45,949 - INFO - 检测到 Ctrl+C
2025-09-15 20:30:45,950 - WARNING - 剪切板中不包含图片
2025-09-15 20:34:14,695 - INFO - 检测到 Ctrl+C
2025-09-15 20:34:14,697 - WARNING - 剪切板中不包含图片
2025-09-15 20:34:14,718 - INFO - 检测到 Ctrl+C
2025-09-15 20:34:14,718 - WARNING - 剪切板中不包含图片
2025-09-15 20:34:14,740 - INFO - 检测到 Ctrl+C
2025-09-15 20:34:14,742 - WARNING - 剪切板中不包含图片
2025-09-15 20:34:32,000 - INFO - 检测到 Ctrl+C
2025-09-15 20:34:32,001 - WARNING - 剪切板中不包含图片
2025-09-15 20:34:32,055 - INFO - 检测到 Ctrl+C
2025-09-15 20:34:32,071 - INFO - 检测到 Ctrl+C
2025-09-15 20:34:32,074 - WARNING - 剪切板中不包含图片
2025-09-15 20:34:32,555 - WARNING - 剪切板中不包含图片
2025-09-15 20:36:20,430 - INFO - 检测到 Ctrl+C
2025-09-15 20:36:20,431 - WARNING - 剪切板中不包含图片
2025-09-15 20:36:20,453 - INFO - 检测到 Ctrl+C
2025-09-15 20:36:20,453 - WARNING - 剪切板中不包含图片
2025-09-15 20:36:20,486 - INFO - 检测到 Ctrl+C
2025-09-15 20:36:20,486 - WARNING - 剪切板中不包含图片
2025-09-15 20:48:44,360 - INFO - 检测到 Ctrl+C
2025-09-15 20:48:44,381 - INFO - 检测到 Ctrl+C
2025-09-15 20:48:44,382 - WARNING - 剪切板中不包含图片
2025-09-15 20:48:44,441 - INFO - 检测到 Ctrl+C
2025-09-15 20:48:44,441 - WARNING - 剪切板中不包含图片
2025-09-15 20:48:44,861 - WARNING - 剪切板中不包含图片
2025-09-15 20:54:10,568 - INFO - 检测到 Ctrl+C
2025-09-15 20:54:10,569 - WARNING - 剪切板中不包含图片
2025-09-15 20:54:10,596 - INFO - 检测到 Ctrl+C
2025-09-15 20:54:10,596 - WARNING - 剪切板中不包含图片
2025-09-15 20:54:10,598 - INFO - 检测到 Ctrl+C
2025-09-15 20:54:10,598 - WARNING - 剪切板中不包含图片
2025-09-15 21:03:05,569 - INFO - 检测到 Ctrl+C
2025-09-15 21:03:05,569 - WARNING - 剪切板中不包含图片
2025-09-15 21:03:05,569 - INFO - 检测到 Ctrl+C
2025-09-15 21:03:05,569 - WARNING - 剪切板中不包含图片
2025-09-15 21:03:05,570 - INFO - 检测到 Ctrl+C
2025-09-15 21:03:05,570 - WARNING - 剪切板中不包含图片
2025-09-15 21:04:01,179 - INFO - 检测到 Ctrl+C
2025-09-15 21:04:01,179 - WARNING - 剪切板中不包含图片
2025-09-15 21:07:41,664 - INFO - 检测到 Ctrl+C
2025-09-15 21:07:41,664 - INFO - 检测到 Ctrl+C
2025-09-15 21:07:41,664 - INFO - 检测到 Ctrl+C
2025-09-15 21:07:41,664 - WARNING - 剪切板中不包含图片
2025-09-15 21:07:41,664 - WARNING - 剪切板中不包含图片
2025-09-15 21:07:41,664 - WARNING - 剪切板中不包含图片
2025-09-15 21:10:05,512 - INFO - 检测到 Ctrl+C
2025-09-15 21:10:05,512 - INFO - 检测到 Ctrl+C
2025-09-15 21:10:05,512 - WARNING - 剪切板中不包含图片
2025-09-15 21:10:05,512 - WARNING - 剪切板中不包含图片
2025-09-15 21:10:05,533 - INFO - 检测到 Ctrl+C
2025-09-15 21:10:05,533 - WARNING - 剪切板中不包含图片
2025-09-15 21:24:41,099 - INFO - 检测到 Ctrl+C
2025-09-15 21:24:41,099 - INFO - 检测到 Ctrl+C
2025-09-15 21:24:41,099 - INFO - 检测到 Ctrl+C
2025-09-15 21:24:41,103 - WARNING - 剪切板中不包含图片
2025-09-15 21:24:41,125 - ERROR - 保存剪切板图片失败
Traceback (most recent call last):
  File "main.py", line 22, in save_clipboard_pic
AttributeError: 'list' object has no attribute 'save'
2025-09-15 21:24:41,126 - ERROR - 保存剪切板图片失败
Traceback (most recent call last):
  File "main.py", line 22, in save_clipboard_pic
AttributeError: 'list' object has no attribute 'save'
2025-09-15 21:25:57,635 - INFO - 检测到 Ctrl+C
2025-09-15 21:25:57,635 - INFO - 检测到 Ctrl+C
2025-09-15 21:25:57,636 - WARNING - 剪切板中不包含图片
2025-09-15 21:25:57,638 - ERROR - 保存剪切板图片失败
Traceback (most recent call last):
  File "main.py", line 22, in save_clipboard_pic
AttributeError: 'list' object has no attribute 'save'
2025-09-15 21:25:57,703 - INFO - 检测到 Ctrl+C
2025-09-15 21:25:57,722 - ERROR - 保存剪切板图片失败
Traceback (most recent call last):
  File "main.py", line 22, in save_clipboard_pic
AttributeError: 'list' object has no attribute 'save'
2025-09-15 21:34:10,656 - INFO - 检测到 Ctrl+C
2025-09-15 21:34:10,656 - INFO - 检测到 Ctrl+C
2025-09-15 21:34:10,656 - INFO - 检测到 Ctrl+C
2025-09-15 21:34:10,658 - WARNING - 剪切板中不包含图片
2025-09-15 21:34:10,658 - WARNING - 剪切板中不包含图片
2025-09-15 21:34:10,658 - WARNING - 剪切板中不包含图片
2025-09-15 21:37:18,412 - INFO - 检测到 Ctrl+C
2025-09-15 21:37:18,413 - WARNING - 剪切板中不包含图片
2025-09-15 21:37:18,462 - INFO - 检测到 Ctrl+C
2025-09-15 21:37:18,462 - INFO - 检测到 Ctrl+C
2025-09-15 21:37:18,462 - WARNING - 剪切板中不包含图片
2025-09-15 21:37:18,462 - WARNING - 剪切板中不包含图片
2025-09-15 21:42:00,143 - INFO - 检测到 Ctrl+C
2025-09-15 21:42:00,143 - INFO - 检测到 Ctrl+C
2025-09-15 21:42:00,143 - WARNING - 剪切板中不包含图片
2025-09-15 21:42:00,144 - WARNING - 剪切板中不包含图片
2025-09-15 21:42:00,145 - INFO - 检测到 Ctrl+C
2025-09-15 21:42:00,145 - WARNING - 剪切板中不包含图片
2025-09-15 21:42:02,751 - INFO - 检测到 Ctrl+C
2025-09-15 21:42:02,751 - INFO - 检测到 Ctrl+C
2025-09-15 21:42:02,752 - INFO - 检测到 Ctrl+C
含图片
2025-09-15 21:42:02,756 - WARNING - 剪切板中不包含图片
2025-09-15 21:42:57,758 - INFO - 检测到 Ctrl+C
2025-09-15 21:42:57,758 - INFO - 检测到 Ctrl+C
2025-09-15 21:42:57,758 - WARNING - 剪切板中不包含图片
2025-09-15 21:42:57,758 - WARNING - 剪切板中不包含图片
2025-09-15 21:42:57,759 - WARNING - 剪切板中不包含图片
2025-09-15 21:47:09,384 - INFO - 检测到 Ctrl+C
2025-09-15 21:47:09,384 - WARNING - 剪切板中不包含图片
2025-09-15 21:47:09,384 - WARNING - 剪切板中不包含图片
2025-09-15 21:47:09,385 - INFO - 检测到 Ctrl+C
2025-09-15 21:47:09,385 - WARNING - 剪切板中不包含图片
2025-09-15 22:50:32,948 - INFO - 检测到 Ctrl+C
2025-09-15 22:50:32,949 - WARNING - 剪切板中不包含图片
2025-09-15 22:50:32,954 - INFO - 检测到 Ctrl+C
2025-09-15 22:50:32,954 - INFO - 检测到 Ctrl+C
2025-09-15 22:50:32,955 - WARNING - 剪切板中不包含图片
2025-09-15 22:50:32,955 - WARNING - 剪切板中不包含图片
2025-09-15 23:00:30,595 - INFO - 检测到 Ctrl+C
2025-09-15 23:00:30,596 - WARNING - 剪切板中不包含图片
2025-09-15 23:00:30,596 - WARNING - 剪切板中不包含图片
2025-09-15 23:00:30,633 - INFO - 检测到 Ctrl+C
2025-09-15 23:00:30,634 - WARNING - 剪切板中不包含图片
2025-09-15 23:04:28,492 - INFO - 检测到 Ctrl+C
2025-09-15 23:04:28,493 - WARNING - 剪切板中不包含图片
2025-09-15 23:04:28,507 - INFO - 检测到 Ctrl+C
2025-09-15 23:04:28,507 - WARNING - 剪切板中不包含图片
2025-09-15 23:04:28,508 - INFO - 检测到 Ctrl+C
2025-09-15 23:04:28,508 - WARNING - 剪切板中不包含图片
2025-09-15 23:07:13,815 - INFO - 检测到 Ctrl+C
2025-09-15 23:07:13,815 - WARNING - 剪切板中不包含图片
2025-09-15 23:07:13,816 - WARNING - 剪切板中不包含图片
2025-09-15 23:07:13,816 - INFO - 检测到 Ctrl+C
2025-09-15 23:07:13,816 - WARNING - 剪切板中不包含图片
2025-09-15 23:07:30,260 - INFO - 检测到 Ctrl+C
2025-09-15 23:07:30,260 - INFO - 检测到 Ctrl+C
2025-09-15 23:07:30,260 - WARNING - 剪切板中不包含图片
2025-09-15 23:07:30,260 - WARNING - 剪切板中不包含图片
2025-09-15 23:07:30,260 - WARNING - 剪切板中不包含图片
2025-09-15 23:10:26,504 - INFO - 检测到 Ctrl+C
2025-09-15 23:10:26,504 - INFO - 检测到 Ctrl+C
2025-09-15 23:10:26,504 - WARNING - 剪切板中不包含图片
2025-09-15 23:10:26,504 - WARNING - 剪切板中不包含图片
2025-09-15 23:13:49,306 - INFO - 检测到 Ctrl+C
2025-09-15 23:13:49,307 - INFO - 检测到 Ctrl+C
2025-09-15 23:13:49,307 - INFO - 检测到 Ctrl+C
2025-09-15 23:13:49,307 - WARNING - 剪切板中不包含图片
2025-09-15 23:13:49,307 - WARNING - 剪切板中不包含图片
2025-09-15 23:13:49,306 - WARNING - 剪切板中不包含图片
2025-09-15 23:14:00,637 - INFO - 检测到 Ctrl+C
2025-09-15 23:14:00,637 - WARNING - 剪切板中不包含图片
2025-09-15 23:14:00,637 - WARNING - 剪切板中不包含图片
2025-09-15 23:14:00,650 - INFO - 检测到 Ctrl+C
2025-09-15 23:14:00,650 - WARNING - 剪切板中不包含图片
2025-09-15 23:15:22,077 - INFO - 检测到 Ctrl+C
2025-09-15 23:15:22,077 - WARNING - 剪切板中不包含图片
2025-09-15 23:15:22,079 - INFO - 检测到 Ctrl+C
2025-09-15 23:15:22,081 - INFO - 检测到 Ctrl+C
2025-09-15 23:15:22,081 - WARNING - 剪切板中不包含图片
2025-09-15 23:15:22,594 - WARNING - 剪切板中不包含图片
2025-09-15 23:16:42,024 - INFO - 检测到 Ctrl+C
2025-09-15 23:16:42,024 - INFO - 检测到 Ctrl+C
2025-09-15 23:16:42,024 - WARNING - 剪切板中不包含图片
2025-09-15 23:16:42,025 - WARNING - 剪切板中不包含图片
2025-09-15 23:16:42,027 - INFO - 检测到 Ctrl+C
2025-09-15 23:16:42,028 - WARNING - 剪切板中不包含图片
2025-09-15 23:17:45,633 - INFO - 检测到 Ctrl+C
2025-09-15 23:17:45,633 - WARNING - 剪切板中不包含图片
2025-09-15 23:17:45,633 - WARNING - 剪切板中不包含图片
2025-09-15 23:17:45,634 - WARNING - 剪切板中不包含图片
2025-09-15 23:29:47,812 - INFO - 检测到 Ctrl+C
2025-09-15 23:29:47,812 - INFO - 检测到 Ctrl+C
2025-09-15 23:29:47,812 - WARNING - 剪切板中不包含图片
2025-09-15 23:29:47,825 - INFO - 剪切板中的图片已经保存
2025-09-15 23:29:47,826 - INFO - 剪切板中的图片已经保存
2025-09-15 23:29:47,830 - INFO - OCR识别任务已提交
2025-09-15 23:29:47,831 - INFO - OCR识别任务已提交
2025-09-15 23:29:48,031 - INFO - 识别成功，img_path: D:\2\WechatOCR\dist\img\~~~ocr.png, result_file: json\~~~ocr.png.json
2025-09-15 23:29:48,032 - INFO - 识别成功，img_path: D:\2\WechatOCR\dist\img\~~~ocr.png, result_file: json\~~~ocr.png.json
2025-09-15 23:29:48,832 - INFO - 文本已保存到 text_save.txt
2025-09-15 23:29:48,833 - INFO - 文本已保存到 text_save.txt
2025-09-15 23:29:48,846 - INFO - 已将文件内容复制到剪贴板。
2025-09-15 23:29:48,858 - INFO - 已将文件内容复制到剪贴板。
2025-09-15 23:32:21,800 - INFO - 检测到 Ctrl+C
2025-09-15 23:32:21,800 - WARNING - 剪切板中不包含图片
2025-09-15 23:32:21,828 - INFO - 检测到 Ctrl+C
2025-09-15 23:32:21,828 - WARNING - 剪切板中不包含图片
2025-09-15 23:32:21,837 - INFO - 检测到 Ctrl+C
2025-09-15 23:32:21,837 - WARNING - 剪切板中不包含图片
2025-09-15 23:39:52,292 - INFO - 检测到 Ctrl+C
2025-09-15 23:39:52,292 - WARNING - 剪切板中不包含图片
2025-09-15 23:39:52,292 - WARNING - 剪切板中不包含图片
2025-09-15 23:40:29,510 - INFO - 检测到 Ctrl+C
2025-09-15 23:40:29,510 - INFO - 检测到 Ctrl+C
2025-09-15 23:40:29,510 - WARNING - 剪切板中不包含图片
2025-09-15 23:40:29,510 - WARNING - 剪切板中不包含图片
2025-09-15 23:40:29,512 - WARNING - 剪切板中不包含图片
2025-09-15 23:50:47,124 - INFO - 检测到 Ctrl+C
2025-09-15 23:50:47,124 - INFO - 检测到 Ctrl+C
2025-09-15 23:50:47,124 - WARNING - 剪切板中不包含图片
2025-09-15 23:50:47,124 - WARNING - 剪切板中不包含图片
2025-09-15 23:50:47,124 - WARNING - 剪切板中不包含图片
2025-09-15 23:52:25,688 - INFO - 检测到 Ctrl+C
2025-09-15 23:52:25,688 - WARNING - 剪切板中不包含图片
2025-09-15 23:52:25,688 - INFO - 检测到 Ctrl+C
2025-09-15 23:52:25,688 - WARNING - 剪切板中不包含图片
2025-09-15 23:52:25,689 - WARNING - 剪切板中不包含图片
2025-09-15 23:57:14,876 - INFO - 检测到 Ctrl+C
2025-09-15 23:57:14,876 - WARNING - 剪切板中不包含图片
2025-09-15 23:57:14,876 - WARNING - 剪切板中不包含图片
2025-09-15 23:57:14,876 - WARNING - 剪切板中不包含图片
2025-09-16 00:04:46,880 - INFO - 检测到 Ctrl+C
2025-09-16 00:04:46,880 - INFO - 检测到 Ctrl+C
2025-09-16 00:04:46,880 - INFO - 检测到 Ctrl+C
2025-09-16 00:04:46,880 - WARNING - 剪切板中不包含图片
2025-09-16 00:04:46,880 - WARNING - 剪切板中不包含图片
2025-09-16 00:04:46,880 - WARNING - 剪切板中不包含图片
2025-09-16 00:07:05,407 - INFO - 检测到 Ctrl+C
2025-09-16 00:07:05,409 - INFO - 检测到 Ctrl+C
2025-09-16 00:07:05,413 - INFO - 检测到 Ctrl+C
2025-09-16 00:07:05,412 - ERROR - 保存剪切板图片失败
Traceback (most recent call last):
  File "main.py", line 22, in save_clipboard_pic
AttributeError: 'list' object has no attribute 'save'
2025-09-16 00:07:05,415 - ERROR - 保存剪切板图片失败
Traceback (most recent call last):
  File "main.py", line 22, in save_clipboard_pic
AttributeError: 'list' object has no attribute 'save'
2025-09-16 00:07:05,415 - ERROR - 保存剪切板图片失败
Traceback (most recent call last):
  File "main.py", line 22, in save_clipboard_pic
AttributeError: 'list' object has no attribute 'save'
2025-09-16 00:27:57,285 - INFO - 检测到 Ctrl+C
2025-09-16 00:27:57,286 - WARNING - 剪切板中不包含图片
2025-09-16 00:27:57,293 - INFO - 检测到 Ctrl+C
2025-09-16 00:27:57,293 - WARNING - 剪切板中不包含图片
2025-09-16 00:27:57,296 - INFO - 检测到 Ctrl+C
2025-09-16 00:27:57,296 - WARNING - 剪切板中不包含图片
2025-09-16 00:34:21,053 - INFO - 检测到 Ctrl+C
2025-09-16 00:34:21,054 - INFO - 检测到 Ctrl+C
2025-09-16 00:34:21,054 - INFO - 检测到 Ctrl+C
2025-09-16 00:34:21,054 - WARNING - 剪切板中不包含图片
2025-09-16 00:34:21,054 - WARNING - 剪切板中不包含图片
2025-09-16 00:34:21,055 - WARNING - 剪切板中不包含图片
2025-09-16 00:56:39,330 - INFO - 检测到 Ctrl+C
2025-09-16 00:56:39,331 - WARNING - 剪切板中不包含图片
2025-09-16 00:56:39,360 - INFO - 检测到 Ctrl+C
2025-09-16 00:56:39,360 - INFO - 检测到 Ctrl+C
2025-09-16 00:56:39,360 - WARNING - 剪切板中不包含图片
2025-09-16 00:56:39,360 - WARNING - 剪切板中不包含图片
2025-09-16 00:56:49,759 - INFO - 检测到 Ctrl+C
2025-09-16 00:56:49,760 - WARNING - 剪切板中不包含图片
2025-09-16 00:56:49,792 - INFO - 检测到 Ctrl+C
2025-09-16 00:56:49,792 - WARNING - 剪切板中不包含图片
2025-09-16 00:56:49,792 - WARNING - 剪切板中不包含图片
2025-09-16 01:03:39,190 - INFO - 检测到 Ctrl+C
2025-09-16 01:03:39,190 - WARNING - 剪切板中不包含图片
2025-09-16 01:03:39,235 - INFO - 检测到 Ctrl+C
2025-09-16 01:03:39,235 - WARNING - 剪切板中不包含图片
2025-09-16 01:03:39,241 - INFO - 检测到 Ctrl+C
2025-09-16 01:03:39,242 - WARNING - 剪切板中不包含图片
2025-09-16 01:05:09,420 - INFO - 检测到 Ctrl+C
2025-09-16 01:05:09,420 - WARNING - 剪切板中不包含图片
2025-09-16 01:05:09,443 - INFO - 检测到 Ctrl+C
2025-09-16 01:05:09,443 - WARNING - 剪切板中不包含图片
2025-09-16 01:05:09,463 - INFO - 检测到 Ctrl+C
2025-09-16 01:05:09,464 - WARNING - 剪切板中不包含图片
2025-09-16 01:05:51,869 - INFO - 检测到 Ctrl+C
2025-09-16 01:05:51,870 - WARNING - 剪切板中不包含图片
2025-09-16 01:05:51,895 - INFO - 检测到 Ctrl+C
2025-09-16 01:05:51,895 - WARNING - 剪切板中不包含图片
2025-09-16 01:05:51,951 - INFO - 检测到 Ctrl+C
2025-09-16 01:05:51,951 - WARNING - 剪切板中不包含图片
2025-09-16 01:08:46,868 - INFO - 检测到 Ctrl+C
2025-09-16 01:08:46,868 - WARNING - 剪切板中不包含图片
2025-09-16 01:08:46,878 - INFO - 检测到 Ctrl+C
2025-09-16 01:08:46,878 - WARNING - 剪切板中不包含图片
2025-09-16 01:08:46,918 - INFO - 检测到 Ctrl+C
2025-09-16 01:08:46,918 - WARNING - 剪切板中不包含图片
2025-09-16 01:11:15,019 - INFO - 检测到 Ctrl+C
2025-09-16 01:11:15,019 - WARNING - 剪切板中不包含图片
2025-09-16 01:11:15,024 - INFO - 检测到 Ctrl+C
2025-09-16 01:11:15,025 - WARNING - 剪切板中不包含图片
2025-09-16 01:11:15,060 - INFO - 检测到 Ctrl+C
2025-09-16 01:11:15,060 - WARNING - 剪切板中不包含图片
2025-09-16 01:11:28,757 - INFO - 检测到 Ctrl+C
2025-09-16 01:11:28,758 - WARNING - 剪切板中不包含图片
2025-09-16 01:11:28,763 - INFO - 检测到 Ctrl+C
2025-09-16 01:11:28,764 - WARNING - 剪切板中不包含图片
2025-09-16 01:11:28,801 - INFO - 检测到 Ctrl+C
2025-09-16 01:11:28,801 - WARNING - 剪切板中不包含图片
2025-09-16 01:13:53,497 - INFO - 检测到 Ctrl+C
2025-09-16 01:13:53,497 - WARNING - 剪切板中不包含图片
2025-09-16 01:13:53,497 - WARNING - 剪切板中不包含图片
2025-09-16 01:13:53,544 - INFO - 检测到 Ctrl+C
2025-09-16 01:13:53,544 - WARNING - 剪切板中不包含图片
2025-09-16 01:13:55,751 - INFO - 检测到 Ctrl+C
2025-09-16 01:13:55,751 - WARNING - 剪切板中不包含图片
2025-09-16 01:13:55,804 - INFO - 检测到 Ctrl+C
2025-09-16 01:13:55,804 - WARNING - 剪切板中不包含图片
2025-09-16 01:13:55,804 - WARNING - 剪切板中不包含图片
2025-09-16 01:15:05,619 - INFO - 检测到 Ctrl+C
2025-09-16 01:15:05,619 - INFO - 检测到 Ctrl+C
2025-09-16 01:15:05,619 - WARNING - 剪切板中不包含图片
2025-09-16 01:15:05,619 - WARNING - 剪切板中不包含图片
2025-09-16 01:15:05,653 - INFO - 检测到 Ctrl+C
2025-09-16 01:15:05,653 - WARNING - 剪切板中不包含图片
2025-09-16 01:15:33,806 - INFO - 检测到 Ctrl+C
2025-09-16 01:15:33,806 - INFO - 检测到 Ctrl+C
2025-09-16 01:15:33,806 - WARNING - 剪切板中不包含图片
2025-09-16 01:15:33,806 - WARNING - 剪切板中不包含图片
2025-09-16 01:15:33,835 - INFO - 检测到 Ctrl+C
2025-09-16 01:15:33,835 - WARNING - 剪切板中不包含图片
2025-09-16 01:18:39,100 - INFO - 检测到 Ctrl+C
2025-09-16 01:18:39,101 - WARNING - 剪切板中不包含图片
2025-09-16 01:18:39,168 - INFO - 检测到 Ctrl+C
2025-09-16 01:18:39,168 - WARNING - 剪切板中不包含图片
2025-09-16 01:18:39,168 - WARNING - 剪切板中不包含图片
2025-09-16 01:22:56,024 - INFO - 检测到 Ctrl+C
2025-09-16 01:22:56,026 - WARNING - 剪切板中不包含图片
2025-09-16 01:22:56,026 - INFO - 检测到 Ctrl+C
2025-09-16 01:22:56,027 - WARNING - 剪切板中不包含图片
2025-09-16 01:22:56,062 - INFO - 检测到 Ctrl+C
2025-09-16 01:22:56,062 - WARNING - 剪切板中不包含图片
2025-09-16 01:23:09,771 - INFO - 检测到 Ctrl+C
2025-09-16 01:23:09,771 - WARNING - 剪切板中不包含图片
2025-09-16 01:23:09,771 - WARNING - 剪切板中不包含图片
2025-09-16 01:23:09,803 - INFO - 检测到 Ctrl+C
2025-09-16 01:23:09,803 - WARNING - 剪切板中不包含图片
2025-09-16 01:28:18,571 - INFO - 检测到 Ctrl+C
2025-09-16 01:28:18,572 - WARNING - 剪切板中不包含图片
2025-09-16 01:28:18,633 - INFO - 检测到 Ctrl+C
2025-09-16 01:28:18,633 - INFO - 检测到 Ctrl+C
2025-09-16 01:28:18,633 - WARNING - 剪切板中不包含图片
2025-09-16 01:28:18,633 - WARNING - 剪切板中不包含图片
2025-09-16 01:30:06,127 - INFO - 检测到 Ctrl+C
2025-09-16 01:30:06,128 - WARNING - 剪切板中不包含图片
2025-09-16 01:30:06,159 - INFO - 检测到 Ctrl+C
2025-09-16 01:30:06,160 - WARNING - 剪切板中不包含图片
2025-09-16 01:30:06,161 - INFO - 检测到 Ctrl+C
2025-09-16 01:30:06,162 - WARNING - 剪切板中不包含图片
2025-09-16 01:32:53,745 - INFO - 检测到 Ctrl+C
2025-09-16 01:32:53,746 - WARNING - 剪切板中不包含图片
2025-09-16 01:32:53,776 - INFO - 检测到 Ctrl+C
2025-09-16 01:32:53,776 - WARNING - 剪切板中不包含图片
2025-09-16 01:32:53,776 - INFO - 检测到 Ctrl+C
2025-09-16 01:32:53,777 - WARNING - 剪切板中不包含图片
2025-09-16 01:33:27,577 - INFO - 检测到 Ctrl+C
2025-09-16 01:33:27,577 - INFO - 检测到 Ctrl+C
2025-09-16 01:33:27,577 - WARNING - 剪切板中不包含图片
2025-09-16 01:33:27,577 - WARNING - 剪切板中不包含图片
2025-09-16 01:33:27,650 - INFO - 检测到 Ctrl+C
2025-09-16 01:33:27,650 - WARNING - 剪切板中不包含图片
2025-09-16 01:36:34,025 - INFO - 检测到 Ctrl+C
2025-09-16 01:36:34,025 - WARNING - 剪切板中不包含图片
2025-09-16 01:36:34,049 - INFO - 检测到 Ctrl+C
2025-09-16 01:36:34,049 - WARNING - 剪切板中不包含图片
2025-09-16 01:36:34,049 - INFO - 检测到 Ctrl+C
2025-09-16 01:36:34,049 - WARNING - 剪切板中不包含图片
2025-09-16 01:36:59,901 - INFO - 检测到 Ctrl+C
2025-09-16 01:36:59,902 - WARNING - 剪切板中不包含图片
2025-09-16 01:36:59,920 - INFO - 检测到 Ctrl+C
2025-09-16 01:36:59,922 - INFO - 检测到 Ctrl+C
2025-09-16 01:36:59,922 - WARNING - 剪切板中不包含图片
2025-09-16 01:36:59,922 - WARNING - 剪切板中不包含图片
2025-09-16 01:41:05,258 - INFO - 检测到 Ctrl+C
2025-09-16 01:41:05,261 - INFO - 检测到 Ctrl+C
2025-09-16 01:41:05,261 - WARNING - 剪切板中不包含图片
2025-09-16 01:41:05,262 - WARNING - 剪切板中不包含图片
2025-09-16 01:41:05,263 - WARNING - 剪切板中不包含图片
2025-09-16 01:41:49,192 - INFO - 检测到 Ctrl+C
2025-09-16 01:41:49,192 - WARNING - 剪切板中不包含图片
2025-09-16 01:41:49,197 - INFO - 检测到 Ctrl+C
2025-09-16 01:41:49,197 - WARNING - 剪切板中不包含图片
2025-09-16 01:43:53,568 - INFO - 检测到 Ctrl+C
2025-09-16 01:43:53,568 - WARNING - 剪切板中不包含图片
2025-09-16 01:43:53,574 - INFO - 检测到 Ctrl+C
2025-09-16 01:43:53,574 - WARNING - 剪切板中不包含图片
2025-09-16 01:43:53,584 - INFO - 检测到 Ctrl+C
2025-09-16 01:43:53,584 - WARNING - 剪切板中不包含图片
2025-09-16 01:49:59,603 - INFO - 检测到 Ctrl+C
2025-09-16 01:49:59,603 - WARNING - 剪切板中不包含图片
2025-09-16 01:49:59,607 - INFO - 检测到 Ctrl+C
2025-09-16 01:49:59,607 - WARNING - 剪切板中不包含图片
2025-09-16 01:49:59,608 - INFO - 检测到 Ctrl+C
2025-09-16 01:49:59,608 - WARNING - 剪切板中不包含图片
2025-09-16 01:55:36,672 - INFO - 检测到 Ctrl+C
2025-09-16 01:55:36,672 - WARNING - 剪切板中不包含图片
2025-09-16 01:55:36,704 - INFO - 检测到 Ctrl+C
2025-09-16 01:55:36,705 - WARNING - 剪切板中不包含图片
2025-09-16 01:55:36,737 - INFO - 检测到 Ctrl+C
2025-09-16 01:55:36,737 - WARNING - 剪切板中不包含图片
2025-09-16 02:03:47,196 - INFO - 检测到 Ctrl+C
2025-09-16 02:03:47,196 - WARNING - 剪切板中不包含图片
2025-09-16 02:03:47,250 - INFO - 检测到 Ctrl+C
2025-09-16 02:03:47,250 - INFO - 检测到 Ctrl+C
2025-09-16 02:03:47,250 - WARNING - 剪切板中不包含图片
2025-09-16 02:03:47,250 - WARNING - 剪切板中不包含图片
2025-09-16 02:03:48,453 - INFO - 检测到 Ctrl+C
2025-09-16 02:03:48,453 - WARNING - 剪切板中不包含图片
2025-09-16 02:03:48,453 - WARNING - 剪切板中不包含图片
2025-09-16 02:03:48,499 - INFO - 检测到 Ctrl+C
2025-09-16 02:03:48,499 - WARNING - 剪切板中不包含图片
2025-09-16 02:03:50,706 - INFO - 检测到 Ctrl+C
2025-09-16 02:03:50,706 - WARNING - 剪切板中不包含图片
2025-09-16 02:03:50,758 - INFO - 检测到 Ctrl+C
2025-09-16 02:03:50,758 - INFO - 检测到 Ctrl+C
2025-09-16 02:03:50,758 - WARNING - 剪切板中不包含图片
2025-09-16 02:03:50,758 - WARNING - 剪切板中不包含图片
2025-09-16 02:11:24,442 - INFO - 检测到 Ctrl+C
2025-09-16 02:11:24,442 - WARNING - 剪切板中不包含图片
2025-09-16 02:11:24,442 - WARNING - 剪切板中不包含图片
2025-09-16 02:19:17,346 - INFO - 检测到 Ctrl+C
2025-09-16 02:19:17,346 - WARNING - 剪切板中不包含图片
2025-09-16 02:19:17,346 - WARNING - 剪切板中不包含图片
2025-09-16 02:19:17,354 - INFO - 检测到 Ctrl+C
2025-09-16 02:19:17,354 - WARNING - 剪切板中不包含图片
2025-09-16 02:19:54,563 - INFO - 检测到 Ctrl+C
2025-09-16 02:19:54,564 - INFO - 检测到 Ctrl+C
2025-09-16 02:19:54,564 - WARNING - 剪切板中不包含图片
2025-09-16 02:19:54,565 - WARNING - 剪切板中不包含图片
2025-09-16 02:19:54,572 - INFO - 检测到 Ctrl+C
2025-09-16 02:19:54,572 - WARNING - 剪切板中不包含图片
2025-09-16 02:21:48,102 - INFO - 检测到 Ctrl+C
2025-09-16 02:21:48,131 - WARNING - 剪切板中不包含图片
2025-09-16 02:21:48,172 - INFO - 检测到 Ctrl+C
2025-09-16 02:21:48,201 - WARNING - 剪切板中不包含图片
2025-09-16 02:21:48,189 - INFO - 检测到 Ctrl+C
2025-09-16 02:21:48,217 - WARNING - 剪切板中不包含图片
2025-09-16 02:22:08,017 - INFO - 检测到 Ctrl+C
2025-09-16 02:22:08,017 - INFO - 检测到 Ctrl+C
2025-09-16 02:22:08,017 - INFO - 检测到 Ctrl+C
2025-09-16 02:22:08,017 - WARNING - 剪切板中不包含图片
2025-09-16 02:22:08,018 - WARNING - 剪切板中不包含图片
2025-09-16 02:22:08,018 - WARNING - 剪切板中不包含图片
2025-09-16 02:23:12,318 - INFO - 检测到 Ctrl+C
2025-09-16 02:23:12,318 - INFO - 检测到 Ctrl+C
2025-09-16 02:23:12,318 - INFO - 检测到 Ctrl+C
2025-09-16 02:23:12,319 - WARNING - 剪切板中不包含图片
2025-09-16 02:23:12,830 - WARNING - 剪切板中不包含图片
2025-09-16 02:23:12,830 - WARNING - 剪切板中不包含图片
2025-09-16 02:23:22,348 - INFO - 检测到 Ctrl+C
2025-09-16 02:23:22,349 - WARNING - 剪切板中不包含图片
2025-09-16 02:23:22,358 - INFO - 检测到 Ctrl+C
2025-09-16 02:23:22,358 - INFO - 检测到 Ctrl+C
2025-09-16 02:23:22,358 - WARNING - 剪切板中不包含图片
2025-09-16 02:23:22,359 - WARNING - 剪切板中不包含图片
2025-09-16 02:23:29,269 - INFO - 检测到 Ctrl+C
2025-09-16 02:23:29,269 - WARNING - 剪切板中不包含图片
2025-09-16 02:23:29,282 - INFO - 检测到 Ctrl+C
2025-09-16 02:23:29,282 - INFO - 检测到 Ctrl+C
2025-09-16 02:23:29,282 - WARNING - 剪切板中不包含图片
2025-09-16 02:23:29,282 - WARNING - 剪切板中不包含图片
2025-09-16 02:23:30,672 - INFO - 检测到 Ctrl+C
2025-09-16 02:23:30,672 - WARNING - 剪切板中不包含图片
2025-09-16 02:23:30,685 - INFO - 检测到 Ctrl+C
2025-09-16 02:23:30,685 - INFO - 检测到 Ctrl+C
2025-09-16 02:23:30,685 - WARNING - 剪切板中不包含图片
2025-09-16 02:23:30,685 - WARNING - 剪切板中不包含图片
2025-09-16 02:23:36,800 - INFO - 检测到 Ctrl+C
2025-09-16 02:23:36,892 - INFO - 检测到 Ctrl+C
2025-09-16 02:23:36,893 - WARNING - 剪切板中不包含图片
2025-09-16 02:23:37,307 - WARNING - 剪切板中不包含图片
2025-09-16 02:23:37,307 - WARNING - 剪切板中不包含图片
2025-09-16 02:29:04,083 - INFO - 检测到 Ctrl+C
2025-09-16 02:29:04,085 - INFO - 检测到 Ctrl+C
2025-09-16 02:29:04,090 - WARNING - 剪切板中不包含图片
2025-09-16 02:29:04,091 - WARNING - 剪切板中不包含图片
2025-09-16 02:29:04,151 - INFO - 检测到 Ctrl+C
2025-09-16 02:29:04,155 - WARNING - 剪切板中不包含图片
2025-09-16 02:29:06,963 - INFO - 检测到 Ctrl+C
2025-09-16 02:29:06,963 - WARNING - 剪切板中不包含图片
2025-09-16 02:29:06,998 - INFO - 检测到 Ctrl+C
2025-09-16 02:29:06,999 - WARNING - 剪切板中不包含图片
2025-09-16 02:29:07,000 - INFO - 检测到 Ctrl+C
2025-09-16 02:29:07,000 - WARNING - 剪切板中不包含图片
2025-09-16 02:29:12,220 - INFO - 检测到 Ctrl+C
2025-09-16 02:29:12,222 - WARNING - 剪切板中不包含图片
2025-09-16 02:29:12,238 - INFO - 检测到 Ctrl+C
2025-09-16 02:29:12,238 - INFO - 检测到 Ctrl+C
2025-09-16 02:29:12,238 - WARNING - 剪切板中不包含图片
2025-09-16 02:29:12,238 - WARNING - 剪切板中不包含图片
2025-09-16 02:29:13,023 - INFO - 检测到 Ctrl+C
2025-09-16 02:29:13,023 - WARNING - 剪切板中不包含图片
2025-09-16 02:29:13,040 - INFO - 检测到 Ctrl+C
2025-09-16 02:29:13,040 - WARNING - 剪切板中不包含图片
2025-09-16 02:29:13,040 - INFO - 检测到 Ctrl+C
2025-09-16 02:29:13,041 - WARNING - 剪切板中不包含图片
2025-09-16 02:29:16,337 - INFO - 检测到 Ctrl+C
2025-09-16 02:29:16,338 - WARNING - 剪切板中不包含图片
2025-09-16 02:29:16,349 - INFO - 检测到 Ctrl+C
2025-09-16 02:29:16,349 - WARNING - 剪切板中不包含图片
2025-09-16 02:29:16,349 - INFO - 检测到 Ctrl+C
2025-09-16 02:29:16,349 - WARNING - 剪切板中不包含图片
2025-09-16 02:29:31,155 - INFO - 检测到 Ctrl+C
2025-09-16 02:29:31,155 - WARNING - 剪切板中不包含图片
2025-09-16 02:29:31,155 - WARNING - 剪切板中不包含图片
2025-09-16 02:29:31,156 - INFO - 检测到 Ctrl+C
2025-09-16 02:29:31,156 - WARNING - 剪切板中不包含图片
2025-09-16 02:33:19,509 - INFO - 检测到 Ctrl+C
2025-09-16 02:33:19,509 - INFO - 检测到 Ctrl+C
2025-09-16 02:33:19,510 - WARNING - 剪切板中不包含图片
2025-09-16 02:33:19,510 - WARNING - 剪切板中不包含图片
2025-09-16 02:33:19,510 - WARNING - 剪切板中不包含图片
2025-09-16 02:34:05,950 - INFO - 检测到 Ctrl+C
2025-09-16 02:34:05,950 - INFO - 检测到 Ctrl+C
2025-09-16 02:34:05,950 - INFO - 检测到 Ctrl+C
2025-09-16 02:34:05,950 - WARNING - 剪切板中不包含图片
2025-09-16 02:34:05,950 - WARNING - 剪切板中不包含图片
2025-09-16 02:34:05,951 - WARNING - 剪切板中不包含图片
2025-09-16 02:34:23,305 - INFO - 检测到 Ctrl+C
2025-09-16 02:34:23,305 - INFO - 检测到 Ctrl+C
2025-09-16 02:34:23,305 - WARNING - 剪切板中不包含图片
2025-09-16 02:34:23,305 - WARNING - 剪切板中不包含图片
2025-09-16 02:34:23,305 - WARNING - 剪切板中不包含图片
2025-09-16 02:34:50,795 - INFO - 检测到 Ctrl+C
2025-09-16 02:34:50,795 - INFO - 检测到 Ctrl+C
2025-09-16 02:34:50,795 - WARNING - 剪切板中不包含图片
2025-09-16 02:34:50,795 - WARNING - 剪切板中不包含图片
2025-09-16 02:35:10,153 - INFO - 检测到 Ctrl+C
2025-09-16 02:35:10,153 - WARNING - 剪切板中不包含图片
2025-09-16 02:35:10,154 - WARNING - 剪切板中不包含图片
2025-09-16 02:35:44,052 - INFO - 检测到 Ctrl+C
2025-09-16 02:35:44,052 - INFO - 检测到 Ctrl+C
2025-09-16 02:35:44,053 - WARNING - 剪切板中不包含图片
2025-09-16 02:35:44,053 - WARNING - 剪切板中不包含图片
2025-09-16 02:35:44,053 - WARNING - 剪切板中不包含图片
2025-09-16 02:36:54,766 - INFO - 检测到 Ctrl+C
2025-09-16 02:36:54,767 - WARNING - 剪切板中不包含图片
2025-09-16 02:36:54,770 - INFO - 检测到 Ctrl+C
2025-09-16 02:36:54,770 - INFO - 检测到 Ctrl+C
2025-09-16 02:36:54,770 - WARNING - 剪切板中不包含图片
2025-09-16 02:36:54,771 - WARNING - 剪切板中不包含图片
2025-09-16 02:40:47,150 - INFO - 检测到 Ctrl+C
2025-09-16 02:40:47,158 - WARNING - 剪切板中不包含图片
2025-09-16 02:40:47,172 - INFO - 检测到 Ctrl+C
2025-09-16 02:40:47,179 - WARNING - 剪切板中不包含图片
2025-09-16 02:40:47,218 - INFO - 检测到 Ctrl+C
2025-09-16 02:40:47,225 - WARNING - 剪切板中不包含图片
2025-09-16 02:41:45,140 - INFO - 检测到 Ctrl+C
2025-09-16 02:41:45,190 - INFO - 检测到 Ctrl+C
2025-09-16 02:41:45,190 - WARNING - 剪切板中不包含图片
2025-09-16 02:41:45,224 - INFO - 检测到 Ctrl+C
2025-09-16 02:41:45,224 - WARNING - 剪切板中不包含图片
2025-09-16 02:41:45,653 - WARNING - 剪切板中不包含图片
2025-09-16 07:03:35,546 - INFO - 检测到 Ctrl+C
2025-09-16 07:03:35,605 - INFO - 检测到 Ctrl+C
2025-09-16 07:03:35,606 - INFO - 检测到 Ctrl+C
2025-09-16 07:03:35,669 - INFO - 剪切板中的图片已经保存
2025-09-16 07:03:35,678 - INFO - OCR识别任务已提交
2025-09-16 07:03:35,686 - INFO - 剪切板中的图片已经保存
2025-09-16 07:03:35,687 - INFO - 剪切板中的图片已经保存
2025-09-16 07:03:35,694 - INFO - OCR识别任务已提交
2025-09-16 07:03:35,695 - INFO - OCR识别任务已提交
2025-09-16 07:03:40,375 - INFO - 识别成功，img_path: D:\2\WechatOCR\dist\img\~~~ocr.png, result_file: json\~~~ocr.png.json
2025-09-16 07:03:40,375 - INFO - 识别成功，img_path: D:\2\WechatOCR\dist\img\~~~ocr.png, result_file: json\~~~ocr.png.json
2025-09-16 07:03:40,468 - INFO - 识别成功，img_path: D:\2\WechatOCR\dist\img\~~~ocr.png, result_file: json\~~~ocr.png.json
2025-09-16 07:03:40,529 - INFO - 文本已保存到 text_save.txt
2025-09-16 07:03:40,542 - INFO - 已将文件内容复制到剪贴板。
2025-09-16 07:03:40,562 - INFO - 文本已保存到 text_save.txt
2025-09-16 07:03:40,583 - INFO - 已将文件内容复制到剪贴板。
2025-09-16 07:03:40,624 - INFO - 文本已保存到 text_save.txt
2025-09-16 07:03:40,635 - INFO - 已将文件内容复制到剪贴板。
2025-09-16 07:04:16,793 - INFO - 检测到 Ctrl+C
2025-09-16 07:04:16,793 - WARNING - 剪切板中不包含图片
2025-09-16 07:04:16,838 - INFO - 检测到 Ctrl+C
2025-09-16 07:04:16,838 - WARNING - 剪切板中不包含图片
2025-09-16 07:04:16,849 - INFO - 检测到 Ctrl+C
2025-09-16 07:04:16,849 - WARNING - 剪切板中不包含图片
2025-09-16 07:16:06,098 - INFO - 检测到 Ctrl+C
2025-09-16 07:16:06,099 - WARNING - 剪切板中不包含图片
2025-09-16 07:16:06,155 - INFO - 检测到 Ctrl+C
2025-09-16 07:16:06,155 - WARNING - 剪切板中不包含图片
2025-09-16 07:16:06,184 - INFO - 检测到 Ctrl+C
2025-09-16 07:16:06,184 - WARNING - 剪切板中不包含图片
2025-09-16 07:16:48,090 - INFO - 检测到 Ctrl+C
2025-09-16 07:16:48,091 - WARNING - 剪切板中不包含图片
2025-09-16 07:16:48,108 - INFO - 检测到 Ctrl+C
2025-09-16 07:16:48,109 - WARNING - 剪切板中不包含图片
2025-09-16 07:16:48,163 - INFO - 检测到 Ctrl+C
2025-09-16 07:16:48,163 - WARNING - 剪切板中不包含图片
2025-09-16 07:32:50,354 - INFO - 检测到 Ctrl+C
2025-09-16 07:32:50,395 - INFO - 检测到 Ctrl+C
2025-09-16 07:32:50,395 - WARNING - 剪切板中不包含图片
2025-09-16 07:32:50,443 - INFO - 检测到 Ctrl+C
2025-09-16 07:32:50,443 - WARNING - 剪切板中不包含图片
2025-09-16 07:32:50,869 - WARNING - 剪切板中不包含图片
2025-09-16 07:38:56,407 - INFO - 检测到 Ctrl+C
2025-09-16 07:38:56,408 - WARNING - 剪切板中不包含图片
2025-09-16 07:38:56,432 - INFO - 检测到 Ctrl+C
2025-09-16 07:38:56,432 - WARNING - 剪切板中不包含图片
2025-09-16 07:38:56,479 - INFO - 检测到 Ctrl+C
2025-09-16 07:38:56,480 - WARNING - 剪切板中不包含图片
2025-09-16 07:42:36,430 - INFO - 检测到 Ctrl+C
2025-09-16 07:42:36,430 - WARNING - 剪切板中不包含图片
2025-09-16 07:42:36,454 - INFO - 检测到 Ctrl+C
2025-09-16 07:42:36,454 - WARNING - 剪切板中不包含图片
2025-09-16 07:42:36,487 - INFO - 检测到 Ctrl+C
2025-09-16 07:42:36,487 - WARNING - 剪切板中不包含图片
2025-09-16 07:46:48,401 - INFO - 检测到 Ctrl+C
2025-09-16 07:46:48,401 - WARNING - 剪切板中不包含图片
2025-09-16 07:46:48,407 - INFO - 检测到 Ctrl+C
2025-09-16 07:46:48,407 - WARNING - 剪切板中不包含图片
2025-09-16 07:46:48,450 - INFO - 检测到 Ctrl+C
2025-09-16 07:46:48,450 - WARNING - 剪切板中不包含图片
2025-09-16 07:47:58,781 - INFO - 检测到 Ctrl+C
2025-09-16 07:47:58,781 - WARNING - 剪切板中不包含图片
2025-09-16 07:47:58,783 - INFO - 检测到 Ctrl+C
2025-09-16 07:47:58,783 - WARNING - 剪切板中不包含图片
2025-09-16 07:47:58,830 - INFO - 检测到 Ctrl+C
2025-09-16 07:47:58,830 - WARNING - 剪切板中不包含图片
2025-09-16 07:50:12,279 - INFO - 检测到 Ctrl+C
2025-09-16 07:50:12,279 - WARNING - 剪切板中不包含图片
2025-09-16 07:50:12,279 - WARNING - 剪切板中不包含图片
2025-09-16 07:50:12,320 - INFO - 检测到 Ctrl+C
2025-09-16 07:50:12,320 - WARNING - 剪切板中不包含图片
2025-09-16 07:53:20,400 - INFO - 检测到 Esc，准备退出
2025-09-16 07:53:20,407 - INFO - OCR 服务已关闭
2025-09-16 07:53:20,407 - INFO - 程序退出
2025-09-16 07:53:20,407 - INFO - OCR 服务已关闭
2025-09-16 07:53:20,408 - INFO - 程序退出
2025-09-16 07:53:20,440 - INFO - 检测到 Esc，准备退出
2025-09-16 07:53:20,444 - INFO - OCR 服务已关闭
2025-09-16 07:53:20,444 - INFO - 程序退出
2025-09-21 09:52:37,654 - INFO - OCR 服务已启动
2025-09-21 09:52:42,267 - INFO - 检测到 Ctrl+C
2025-09-21 09:52:42,276 - INFO - 剪切板中的图片已经保存
2025-09-21 09:52:42,277 - INFO - OCR识别任务已提交
2025-09-21 09:52:42,421 - INFO - 识别成功，img_path: D:\2\WechatOCR\dist\img\~~~ocr.png, result_file: json\~~~ocr.png.json
2025-09-21 09:52:43,298 - INFO - 文本已保存到 text_save.txt
2025-09-21 09:52:43,340 - INFO - 已将文件内容复制到剪贴板。
2025-09-21 09:53:29,279 - INFO - 检测到 Ctrl+C
2025-09-21 09:53:29,279 - WARNING - 剪切板中不包含图片
2025-09-21 09:54:03,479 - INFO - 检测到 Ctrl+C
2025-09-21 09:54:03,481 - INFO - 剪切板中的图片已经保存
2025-09-21 09:54:03,482 - INFO - OCR识别任务已提交
2025-09-21 09:54:03,698 - INFO - 识别成功，img_path: D:\2\WechatOCR\dist\img\~~~ocr.png, result_file: json\~~~ocr.png.json
2025-09-21 09:54:04,483 - INFO - 文本已保存到 text_save.txt
2025-09-21 09:54:04,488 - INFO - 已将文件内容复制到剪贴板。
2025-09-21 09:54:40,794 - INFO - 检测到 Ctrl+C
2025-09-21 09:54:40,794 - WARNING - 剪切板中不包含图片
2025-09-21 09:55:11,991 - INFO - 检测到 Ctrl+C
2025-09-21 09:55:11,995 - INFO - 剪切板中的图片已经保存
2025-09-21 09:55:11,995 - INFO - OCR识别任务已提交
2025-09-21 09:55:12,226 - INFO - 识别成功，img_path: D:\2\WechatOCR\dist\img\~~~ocr.png, result_file: json\~~~ocr.png.json
2025-09-21 09:55:12,996 - INFO - 文本已保存到 text_save.txt
2025-09-21 09:55:13,002 - INFO - 已将文件内容复制到剪贴板。
2025-09-21 09:55:53,323 - INFO - 检测到 Ctrl+C
2025-09-21 09:55:53,323 - WARNING - 剪切板中不包含图片
2025-09-21 09:57:31,623 - INFO - 检测到 Ctrl+C
2025-09-21 09:57:31,623 - WARNING - 剪切板中不包含图片
2025-09-21 09:59:09,916 - INFO - OCR 服务已启动
2025-09-21 09:59:11,521 - INFO - 检测到 Ctrl+C
2025-09-21 09:59:11,521 - INFO - 检测到 Ctrl+C
2025-09-21 09:59:11,522 - INFO - 剪切板中的图片已经保存
2025-09-21 09:59:11,522 - INFO - OCR识别任务已提交
2025-09-21 09:59:11,532 - INFO - 剪切板中的图片已经保存
2025-09-21 09:59:11,533 - INFO - OCR识别任务已提交
2025-09-21 09:59:11,620 - INFO - 识别成功，img_path: D:\2\WechatOCR\dist\img\~~~ocr.png, result_file: json\~~~ocr.png.json
2025-09-21 09:59:11,630 - INFO - 识别成功，img_path: D:\2\WechatOCR\dist\img\~~~ocr.png, result_file: json\~~~ocr.png.json
2025-09-21 09:59:12,523 - INFO - 文本已保存到 text_save.txt
2025-09-21 09:59:12,528 - INFO - 已将文件内容复制到剪贴板。
2025-09-21 09:59:12,534 - INFO - 文本已保存到 text_save.txt
2025-09-21 09:59:12,571 - INFO - 已将文件内容复制到剪贴板。
2025-09-21 10:05:24,444 - INFO - 检测到 Ctrl+C
2025-09-21 10:05:24,444 - WARNING - 剪切板中不包含图片
2025-09-21 10:07:58,769 - INFO - 检测到 Ctrl+C
2025-09-21 10:07:58,769 - WARNING - 剪切板中不包含图片
2025-09-21 10:07:58,804 - INFO - 检测到 Ctrl+C
2025-09-21 10:07:58,804 - WARNING - 剪切板中不包含图片
2025-09-21 10:13:20,231 - INFO - 检测到 Ctrl+C
2025-09-21 10:13:20,231 - WARNING - 剪切板中不包含图片
2025-09-21 10:14:34,910 - INFO - 检测到 Ctrl+C
2025-09-21 10:14:34,910 - WARNING - 剪切板中不包含图片
2025-09-21 10:14:34,953 - INFO - 检测到 Ctrl+C
2025-09-21 10:14:34,953 - WARNING - 剪切板中不包含图片
2025-09-21 10:16:42,945 - INFO - 检测到 Ctrl+C
2025-09-21 10:16:42,945 - WARNING - 剪切板中不包含图片
2025-09-21 10:16:43,001 - INFO - 检测到 Ctrl+C
2025-09-21 10:16:43,002 - WARNING - 剪切板中不包含图片
2025-09-21 10:17:31,591 - INFO - 检测到 Ctrl+C
2025-09-21 10:17:31,591 - WARNING - 剪切板中不包含图片
2025-09-21 10:19:06,530 - INFO - 检测到 Ctrl+C
2025-09-21 10:19:06,530 - WARNING - 剪切板中不包含图片
2025-09-21 10:19:06,574 - INFO - 检测到 Ctrl+C
2025-09-21 10:19:06,575 - WARNING - 剪切板中不包含图片
2025-09-21 10:26:07,118 - INFO - OCR 服务已启动
2025-09-21 10:26:08,668 - INFO - 检测到 Ctrl+C
2025-09-21 10:26:08,671 - INFO - 剪切板中的图片已经保存
2025-09-21 10:26:08,671 - INFO - OCR识别任务已提交
2025-09-21 10:26:08,710 - INFO - 检测到 Ctrl+C
2025-09-21 10:26:08,713 - INFO - 剪切板中的图片已经保存
2025-09-21 10:26:08,713 - INFO - OCR识别任务已提交
2025-09-21 10:26:08,723 - INFO - 检测到 Ctrl+C
2025-09-21 10:26:08,740 - INFO - 剪切板中的图片已经保存
2025-09-21 10:26:08,740 - INFO - OCR识别任务已提交
2025-09-21 10:26:08,915 - INFO - 识别成功，img_path: D:\2\WechatOCR\dist\img\~~~ocr.png, result_file: json\~~~ocr.png.json
2025-09-21 10:26:08,986 - INFO - 识别成功，img_path: D:\2\WechatOCR\dist\img\~~~ocr.png, result_file: json\~~~ocr.png.json
2025-09-21 10:26:09,015 - INFO - 识别成功，img_path: D:\2\WechatOCR\dist\img\~~~ocr.png, result_file: json\~~~ocr.png.json
2025-09-21 10:26:09,672 - INFO - 文本已保存到 text_save.txt
2025-09-21 10:26:09,676 - INFO - 已将文件内容复制到剪贴板。
2025-09-21 10:26:09,714 - INFO - 文本已保存到 text_save.txt
2025-09-21 10:26:09,720 - INFO - 已将文件内容复制到剪贴板。
2025-09-21 10:26:09,742 - INFO - 文本已保存到 text_save.txt
2025-09-21 10:26:09,785 - INFO - 已将文件内容复制到剪贴板。
2025-09-21 10:27:39,587 - INFO - 检测到 Ctrl+C
2025-09-21 10:27:39,588 - INFO - 剪切板中的图片已经保存
2025-09-21 10:27:39,588 - INFO - OCR识别任务已提交
2025-09-21 10:27:39,652 - INFO - 检测到 Ctrl+C
2025-09-21 10:27:39,652 - INFO - 识别成功，img_path: D:\2\WechatOCR\dist\img\~~~ocr.png, result_file: json\~~~ocr.png.json
2025-09-21 10:27:39,653 - INFO - 剪切板中的图片已经保存
2025-09-21 10:27:39,653 - INFO - 剪切板中的图片已经保存
2025-09-21 10:27:39,653 - INFO - OCR识别任务已提交
2025-09-21 10:27:39,653 - INFO - OCR识别任务已提交
2025-09-21 10:27:39,722 - INFO - 识别成功，img_path: D:\2\WechatOCR\dist\img\~~~ocr.png, result_file: json\~~~ocr.png.json
2025-09-21 10:27:39,726 - INFO - 识别成功，img_path: D:\2\WechatOCR\dist\img\~~~ocr.png, result_file: json\~~~ocr.png.json
2025-09-21 10:27:40,589 - INFO - 文本已保存到 text_save.txt
2025-09-21 10:27:40,595 - INFO - 已将文件内容复制到剪贴板。
2025-09-21 10:27:40,654 - INFO - 文本已保存到 text_save.txt
2025-09-21 10:27:40,654 - INFO - 文本已保存到 text_save.txt
2025-09-21 10:27:40,661 - INFO - 已将文件内容复制到剪贴板。
2025-09-21 10:27:40,672 - INFO - 已将文件内容复制到剪贴板。
2025-09-21 10:27:52,617 - INFO - OCR 服务已启动
2025-09-21 10:27:59,020 - INFO - 检测到 Ctrl+C
2025-09-21 10:27:59,022 - INFO - 剪切板中的图片已经保存
2025-09-21 10:27:59,022 - INFO - OCR识别任务已提交
2025-09-21 10:27:59,026 - INFO - 检测到 Ctrl+C
2025-09-21 10:27:59,030 - INFO - 剪切板中的图片已经保存
2025-09-21 10:27:59,030 - INFO - OCR识别任务已提交
2025-09-21 10:27:59,040 - INFO - 检测到 Ctrl+C
2025-09-21 10:27:59,051 - INFO - 检测到 Ctrl+C
2025-09-21 10:27:59,054 - INFO - 剪切板中的图片已经保存
2025-09-21 10:27:59,054 - INFO - 剪切板中的图片已经保存
2025-09-21 10:27:59,055 - INFO - OCR识别任务已提交
2025-09-21 10:27:59,055 - INFO - OCR识别任务已提交
2025-09-21 10:27:59,327 - INFO - 识别成功，img_path: D:\2\WechatOCR\dist\img\~~~ocr.png, result_file: json\~~~ocr.png.json
2025-09-21 10:27:59,329 - INFO - 识别成功，img_path: D:\2\WechatOCR\dist\img\~~~ocr.png, result_file: json\~~~ocr.png.json
2025-09-21 10:27:59,344 - INFO - 识别成功，img_path: D:\2\WechatOCR\dist\img\~~~ocr.png, result_file: json\~~~ocr.png.json
2025-09-21 10:27:59,354 - INFO - 识别成功，img_path: D:\2\WechatOCR\dist\img\~~~ocr.png, result_file: json\~~~ocr.png.json
2025-09-21 10:28:00,023 - INFO - 文本已保存到 text_save.txt
2025-09-21 10:28:00,028 - INFO - 已将文件内容复制到剪贴板。
2025-09-21 10:28:00,031 - INFO - 文本已保存到 text_save.txt
2025-09-21 10:28:00,035 - INFO - 已将文件内容复制到剪贴板。
2025-09-21 10:28:00,056 - INFO - 文本已保存到 text_save.txt
2025-09-21 10:28:00,056 - INFO - 文本已保存到 text_save.txt
2025-09-21 10:28:00,063 - INFO - 已将文件内容复制到剪贴板。
2025-09-21 10:28:00,091 - INFO - 已将文件内容复制到剪贴板。
2025-09-21 10:30:10,476 - INFO - 检测到 Ctrl+C
2025-09-21 10:30:10,480 - INFO - 剪切板中的图片已经保存
2025-09-21 10:30:10,481 - INFO - OCR识别任务已提交
2025-09-21 10:30:10,522 - INFO - 检测到 Ctrl+C
2025-09-21 10:30:10,522 - WARNING - 剪切板中不包含图片
2025-09-21 10:30:10,524 - INFO - 剪切板中的图片已经保存
2025-09-21 10:30:10,524 - INFO - OCR识别任务已提交
2025-09-21 10:30:10,569 - INFO - 检测到 Ctrl+C
2025-09-21 10:30:10,572 - INFO - 剪切板中的图片已经保存
2025-09-21 10:30:10,572 - INFO - OCR识别任务已提交
2025-09-21 10:30:10,811 - INFO - 识别成功，img_path: D:\2\WechatOCR\dist\img\~~~ocr.png, result_file: json\~~~ocr.png.json
2025-09-21 10:30:10,852 - INFO - 识别成功，img_path: D:\2\WechatOCR\dist\img\~~~ocr.png, result_file: json\~~~ocr.png.json
2025-09-21 10:30:10,907 - INFO - 识别成功，img_path: D:\2\WechatOCR\dist\img\~~~ocr.png, result_file: json\~~~ocr.png.json
2025-09-21 10:30:11,481 - INFO - 文本已保存到 text_save.txt
2025-09-21 10:30:11,486 - INFO - 已将文件内容复制到剪贴板。
2025-09-21 10:30:11,526 - INFO - 文本已保存到 text_save.txt
2025-09-21 10:30:11,531 - INFO - 已将文件内容复制到剪贴板。
2025-09-21 10:30:11,573 - INFO - 文本已保存到 text_save.txt
2025-09-21 10:30:11,579 - INFO - 已将文件内容复制到剪贴板。
2025-09-21 10:31:07,350 - INFO - 检测到 Ctrl+C
2025-09-21 10:31:07,353 - INFO - 检测到 Ctrl+C
2025-09-21 10:31:07,353 - INFO - 剪切板中的图片已经保存
2025-09-21 10:31:07,353 - INFO - OCR识别任务已提交
2025-09-21 10:31:07,356 - INFO - 剪切板中的图片已经保存
2025-09-21 10:31:07,356 - INFO - OCR识别任务已提交
2025-09-21 10:31:07,394 - INFO - 检测到 Ctrl+C
2025-09-21 10:31:07,394 - WARNING - 剪切板中不包含图片
2025-09-21 10:31:07,397 - INFO - 剪切板中的图片已经保存
2025-09-21 10:31:07,398 - INFO - OCR识别任务已提交
2025-09-21 10:31:07,691 - INFO - 识别成功，img_path: D:\2\WechatOCR\dist\img\~~~ocr.png, result_file: json\~~~ocr.png.json
2025-09-21 10:31:07,697 - INFO - 识别成功，img_path: D:\2\WechatOCR\dist\img\~~~ocr.png, result_file: json\~~~ocr.png.json
2025-09-21 10:31:07,730 - INFO - 识别成功，img_path: D:\2\WechatOCR\dist\img\~~~ocr.png, result_file: json\~~~ocr.png.json
2025-09-21 10:31:08,354 - INFO - 文本已保存到 text_save.txt
2025-09-21 10:31:08,356 - INFO - 文本已保存到 text_save.txt
2025-09-21 10:31:08,361 - INFO - 已将文件内容复制到剪贴板。
2025-09-21 10:31:08,365 - INFO - 已将文件内容复制到剪贴板。
2025-09-21 10:31:08,399 - INFO - 文本已保存到 text_save.txt
2025-09-21 10:31:08,399 - INFO - 已将文件内容复制到剪贴板。
2025-09-21 10:33:13,586 - INFO - 检测到 Ctrl+C
2025-09-21 10:33:13,586 - WARNING - 剪切板中不包含图片
2025-09-21 10:33:13,587 - INFO - 剪切板中的图片已经保存
2025-09-21 10:33:13,588 - INFO - OCR识别任务已提交
2025-09-21 10:33:13,637 - INFO - 检测到 Ctrl+C
2025-09-21 10:33:13,637 - WARNING - 剪切板中不包含图片
2025-09-21 10:33:13,639 - INFO - 剪切板中的图片已经保存
2025-09-21 10:33:13,639 - INFO - OCR识别任务已提交
2025-09-21 10:33:13,741 - INFO - 识别成功，img_path: D:\2\WechatOCR\dist\img\~~~ocr.png, result_file: json\~~~ocr.png.json
2025-09-21 10:33:13,788 - INFO - 识别成功，img_path: D:\2\WechatOCR\dist\img\~~~ocr.png, result_file: json\~~~ocr.png.json
2025-09-21 10:33:14,589 - INFO - 文本已保存到 text_save.txt
2025-09-21 10:33:14,595 - INFO - 已将文件内容复制到剪贴板。
2025-09-21 10:33:14,639 - INFO - 文本已保存到 text_save.txt
2025-09-21 10:33:14,644 - INFO - 已将文件内容复制到剪贴板。
2025-09-21 10:33:56,712 - INFO - 检测到 Ctrl+C
2025-09-21 10:33:56,714 - INFO - 剪切板中的图片已经保存
2025-09-21 10:33:56,714 - INFO - OCR识别任务已提交
2025-09-21 10:33:56,723 - INFO - 检测到 Ctrl+C
2025-09-21 10:33:56,725 - INFO - 剪切板中的图片已经保存
2025-09-21 10:33:56,725 - INFO - OCR识别任务已提交
2025-09-21 10:33:56,766 - INFO - 检测到 Ctrl+C
2025-09-21 10:33:56,768 - INFO - 剪切板中的图片已经保存
2025-09-21 10:33:56,768 - INFO - OCR识别任务已提交
2025-09-21 10:33:56,773 - INFO - 检测到 Ctrl+C
2025-09-21 10:33:56,775 - INFO - 剪切板中的图片已经保存
2025-09-21 10:33:56,776 - INFO - OCR识别任务已提交
2025-09-21 10:33:56,866 - INFO - 识别成功，img_path: D:\2\WechatOCR\dist\img\~~~ocr.png, result_file: json\~~~ocr.png.json
2025-09-21 10:33:56,884 - INFO - 识别成功，img_path: D:\2\WechatOCR\dist\img\~~~ocr.png, result_file: json\~~~ocr.png.json
2025-09-21 10:33:56,928 - INFO - 识别成功，img_path: D:\2\WechatOCR\dist\img\~~~ocr.png, result_file: json\~~~ocr.png.json
2025-09-21 10:33:56,930 - INFO - 识别成功，img_path: D:\2\WechatOCR\dist\img\~~~ocr.png, result_file: json\~~~ocr.png.json
2025-09-21 10:33:57,715 - INFO - 文本已保存到 text_save.txt
2025-09-21 10:33:57,721 - INFO - 已将文件内容复制到剪贴板。
2025-09-21 10:33:57,726 - INFO - 文本已保存到 text_save.txt
2025-09-21 10:33:57,732 - INFO - 已将文件内容复制到剪贴板。
2025-09-21 10:33:57,769 - INFO - 文本已保存到 text_save.txt
2025-09-21 10:33:57,773 - INFO - 已将文件内容复制到剪贴板。
2025-09-21 10:33:57,776 - INFO - 文本已保存到 text_save.txt
2025-09-21 10:33:57,782 - INFO - 已将文件内容复制到剪贴板。
2025-09-21 10:34:52,882 - INFO - 检测到 Ctrl+C
2025-09-21 10:34:52,884 - INFO - 剪切板中的图片已经保存
2025-09-21 10:34:52,884 - INFO - OCR识别任务已提交
2025-09-21 10:34:52,895 - INFO - 检测到 Ctrl+C
2025-09-21 10:34:52,897 - INFO - 剪切板中的图片已经保存
2025-09-21 10:34:52,897 - INFO - OCR识别任务已提交
2025-09-21 10:34:52,941 - INFO - 检测到 Ctrl+C
2025-09-21 10:34:52,942 - INFO - 剪切板中的图片已经保存
2025-09-21 10:34:52,943 - INFO - 检测到 Ctrl+C
2025-09-21 10:34:52,943 - INFO - OCR识别任务已提交
2025-09-21 10:34:52,945 - INFO - 剪切板中的图片已经保存
2025-09-21 10:34:52,945 - INFO - OCR识别任务已提交
2025-09-21 10:34:53,055 - INFO - 识别成功，img_path: D:\2\WechatOCR\dist\img\~~~ocr.png, result_file: json\~~~ocr.png.json
2025-09-21 10:34:53,079 - INFO - 识别成功，img_path: D:\2\WechatOCR\dist\img\~~~ocr.png, result_file: json\~~~ocr.png.json
2025-09-21 10:34:53,128 - INFO - 识别成功，img_path: D:\2\WechatOCR\dist\img\~~~ocr.png, result_file: json\~~~ocr.png.json
2025-09-21 10:34:53,131 - INFO - 识别成功，img_path: D:\2\WechatOCR\dist\img\~~~ocr.png, result_file: json\~~~ocr.png.json
2025-09-21 10:34:53,885 - INFO - 文本已保存到 text_save.txt
2025-09-21 10:34:53,892 - INFO - 已将文件内容复制到剪贴板。
2025-09-21 10:34:53,898 - INFO - 文本已保存到 text_save.txt
2025-09-21 10:34:53,905 - INFO - 已将文件内容复制到剪贴板。
2025-09-21 10:34:53,943 - INFO - 文本已保存到 text_save.txt
2025-09-21 10:34:53,945 - INFO - 文本已保存到 text_save.txt
2025-09-21 10:34:53,950 - INFO - 已将文件内容复制到剪贴板。
2025-09-21 10:34:53,952 - INFO - 已将文件内容复制到剪贴板。
2025-09-21 10:35:45,849 - INFO - 检测到 Ctrl+C
2025-09-21 10:35:45,854 - INFO - 剪切板中的图片已经保存
2025-09-21 10:35:45,855 - INFO - OCR识别任务已提交
2025-09-21 10:35:45,858 - INFO - 检测到 Ctrl+C
2025-09-21 10:35:45,863 - INFO - 剪切板中的图片已经保存
2025-09-21 10:35:45,863 - INFO - OCR识别任务已提交
2025-09-21 10:35:45,905 - INFO - 检测到 Ctrl+C
2025-09-21 10:35:45,905 - WARNING - 剪切板中不包含图片
2025-09-21 10:35:45,909 - INFO - 剪切板中的图片已经保存
2025-09-21 10:35:45,909 - INFO - OCR识别任务已提交
2025-09-21 10:35:46,159 - INFO - 识别成功，img_path: D:\2\WechatOCR\dist\img\~~~ocr.png, result_file: json\~~~ocr.png.json
2025-09-21 10:35:46,163 - INFO - 识别成功，img_path: D:\2\WechatOCR\dist\img\~~~ocr.png, result_file: json\~~~ocr.png.json
2025-09-21 10:35:46,205 - INFO - 识别成功，img_path: D:\2\WechatOCR\dist\img\~~~ocr.png, result_file: json\~~~ocr.png.json
2025-09-21 10:35:46,855 - INFO - 文本已保存到 text_save.txt
2025-09-21 10:35:46,861 - INFO - 已将文件内容复制到剪贴板。
2025-09-21 10:35:46,864 - INFO - 文本已保存到 text_save.txt
2025-09-21 10:35:46,870 - INFO - 已将文件内容复制到剪贴板。
2025-09-21 10:35:46,911 - INFO - 文本已保存到 text_save.txt
2025-09-21 10:35:46,916 - INFO - 已将文件内容复制到剪贴板。
2025-09-21 10:36:49,901 - INFO - 检测到 Ctrl+C
2025-09-21 10:36:49,905 - INFO - 剪切板中的图片已经保存
2025-09-21 10:36:49,905 - INFO - OCR识别任务已提交
2025-09-21 10:36:49,914 - INFO - 检测到 Ctrl+C
2025-09-21 10:36:49,919 - INFO - 剪切板中的图片已经保存
2025-09-21 10:36:49,919 - INFO - OCR识别任务已提交
2025-09-21 10:36:49,958 - INFO - 检测到 Ctrl+C
2025-09-21 10:36:49,958 - WARNING - 剪切板中不包含图片
2025-09-21 10:36:49,963 - INFO - 剪切板中的图片已经保存
2025-09-21 10:36:49,964 - INFO - OCR识别任务已提交
2025-09-21 10:36:50,193 - INFO - 识别成功，img_path: D:\2\WechatOCR\dist\img\~~~ocr.png, result_file: json\~~~ocr.png.json
2025-09-21 10:36:50,198 - INFO - 识别成功，img_path: D:\2\WechatOCR\dist\img\~~~ocr.png, result_file: json\~~~ocr.png.json
2025-09-21 10:36:50,257 - INFO - 识别成功，img_path: D:\2\WechatOCR\dist\img\~~~ocr.png, result_file: json\~~~ocr.png.json
2025-09-21 10:36:50,905 - INFO - 文本已保存到 text_save.txt
2025-09-21 10:36:50,911 - INFO - 已将文件内容复制到剪贴板。
2025-09-21 10:36:50,920 - INFO - 文本已保存到 text_save.txt
2025-09-21 10:36:50,925 - INFO - 已将文件内容复制到剪贴板。
2025-09-21 10:36:50,965 - INFO - 文本已保存到 text_save.txt
2025-09-21 10:36:50,970 - INFO - 已将文件内容复制到剪贴板。
2025-09-21 10:41:02,742 - INFO - 检测到 Ctrl+C
2025-09-21 10:41:02,743 - WARNING - 剪切板中不包含图片
2025-09-21 10:41:02,743 - WARNING - 剪切板中不包含图片
2025-09-21 10:41:02,778 - INFO - 检测到 Ctrl+C
2025-09-21 10:41:02,778 - WARNING - 剪切板中不包含图片
2025-09-21 10:41:02,833 - INFO - 检测到 Ctrl+C
2025-09-21 10:41:02,833 - WARNING - 剪切板中不包含图片
2025-09-21 10:41:19,986 - INFO - 检测到 Ctrl+C
2025-09-21 10:41:19,986 - WARNING - 剪切板中不包含图片
2025-09-21 10:41:19,993 - INFO - 检测到 Ctrl+C
2025-09-21 10:41:19,993 - WARNING - 剪切板中不包含图片
2025-09-21 10:41:19,994 - WARNING - 剪切板中不包含图片
2025-09-21 10:41:20,029 - INFO - 检测到 Ctrl+C
2025-09-21 10:41:20,029 - WARNING - 剪切板中不包含图片
2025-09-21 10:41:31,262 - INFO - 检测到 Ctrl+C
2025-09-21 10:41:31,262 - WARNING - 剪切板中不包含图片
2025-09-21 10:41:55,898 - INFO - 检测到 Ctrl+C
2025-09-21 10:41:55,898 - WARNING - 剪切板中不包含图片
2025-09-21 10:47:41,641 - INFO - 检测到 Ctrl+C
2025-09-21 10:47:41,641 - WARNING - 剪切板中不包含图片
2025-09-21 10:47:41,641 - WARNING - 剪切板中不包含图片
2025-09-21 10:47:41,668 - INFO - 检测到 Ctrl+C
2025-09-21 10:47:41,668 - WARNING - 剪切板中不包含图片
2025-09-21 10:47:41,727 - INFO - 检测到 Ctrl+C
2025-09-21 10:47:41,727 - WARNING - 剪切板中不包含图片
2025-09-21 10:47:54,164 - INFO - 检测到 Ctrl+C
2025-09-21 10:47:54,164 - WARNING - 剪切板中不包含图片
2025-09-21 10:47:54,175 - INFO - 检测到 Ctrl+C
2025-09-21 10:47:54,175 - WARNING - 剪切板中不包含图片
2025-09-21 10:47:54,178 - INFO - 检测到 Ctrl+C
2025-09-21 10:47:54,178 - WARNING - 剪切板中不包含图片
2025-09-21 10:47:54,205 - INFO - 检测到 Ctrl+C
2025-09-21 10:47:54,205 - WARNING - 剪切板中不包含图片
2025-09-21 10:48:20,379 - INFO - 检测到 Ctrl+C
2025-09-21 10:48:20,379 - WARNING - 剪切板中不包含图片
2025-09-21 10:52:03,812 - INFO - 检测到 Ctrl+C
2025-09-21 10:52:03,815 - INFO - 剪切板中的图片已经保存
2025-09-21 10:52:03,816 - INFO - OCR识别任务已提交
2025-09-21 10:52:03,819 - INFO - 检测到 Ctrl+C
2025-09-21 10:52:03,819 - INFO - 检测到 Ctrl+C
2025-09-21 10:52:03,819 - WARNING - 剪切板中不包含图片
2025-09-21 10:52:03,821 - INFO - 剪切板中的图片已经保存
2025-09-21 10:52:03,821 - INFO - OCR识别任务已提交
2025-09-21 10:52:03,856 - INFO - 检测到 Ctrl+C
2025-09-21 10:52:03,858 - INFO - 剪切板中的图片已经保存
2025-09-21 10:52:03,859 - INFO - OCR识别任务已提交
2025-09-21 10:52:03,976 - INFO - 识别成功，img_path: D:\2\WechatOCR\dist\img\~~~ocr.png, result_file: json\~~~ocr.png.json
2025-09-21 10:52:03,981 - INFO - 识别成功，img_path: D:\2\WechatOCR\dist\img\~~~ocr.png, result_file: json\~~~ocr.png.json
2025-09-21 10:52:04,017 - INFO - 识别成功，img_path: D:\2\WechatOCR\dist\img\~~~ocr.png, result_file: json\~~~ocr.png.json
2025-09-21 10:52:04,816 - INFO - 文本已保存到 text_save.txt
2025-09-21 10:52:04,822 - INFO - 已将文件内容复制到剪贴板。
2025-09-21 10:52:04,822 - INFO - 文本已保存到 text_save.txt
2025-09-21 10:52:04,831 - INFO - 已将文件内容复制到剪贴板。
2025-09-21 10:52:04,859 - INFO - 文本已保存到 text_save.txt
2025-09-21 10:52:04,864 - INFO - 已将文件内容复制到剪贴板。
2025-09-21 10:53:15,828 - INFO - 检测到 Ctrl+C
2025-09-21 10:53:15,828 - WARNING - 剪切板中不包含图片
2025-09-21 10:53:15,828 - INFO - 剪切板中的图片已经保存
2025-09-21 10:53:15,830 - INFO - OCR识别任务已提交
2025-09-21 10:53:15,841 - INFO - 检测到 Ctrl+C
2025-09-21 10:53:15,842 - INFO - 剪切板中的图片已经保存
2025-09-21 10:53:15,842 - INFO - OCR识别任务已提交
2025-09-21 10:53:15,883 - INFO - 检测到 Ctrl+C
2025-09-21 10:53:15,884 - INFO - 剪切板中的图片已经保存
2025-09-21 10:53:15,884 - INFO - OCR识别任务已提交
2025-09-21 10:53:15,939 - INFO - 识别成功，img_path: D:\2\WechatOCR\dist\img\~~~ocr.png, result_file: json\~~~ocr.png.json
2025-09-21 10:53:15,950 - INFO - 识别成功，img_path: D:\2\WechatOCR\dist\img\~~~ocr.png, result_file: json\~~~ocr.png.json
2025-09-21 10:53:15,991 - INFO - 识别成功，img_path: D:\2\WechatOCR\dist\img\~~~ocr.png, result_file: json\~~~ocr.png.json
2025-09-21 10:53:16,831 - INFO - 文本已保存到 text_save.txt
2025-09-21 10:53:16,836 - INFO - 已将文件内容复制到剪贴板。
2025-09-21 10:53:16,843 - INFO - 文本已保存到 text_save.txt
2025-09-21 10:53:16,850 - INFO - 已将文件内容复制到剪贴板。
2025-09-21 10:53:16,885 - INFO - 文本已保存到 text_save.txt
2025-09-21 10:53:16,889 - INFO - 已将文件内容复制到剪贴板。
2025-09-21 10:54:49,465 - INFO - 检测到 Ctrl+C
2025-09-21 10:54:49,468 - INFO - 剪切板中的图片已经保存
2025-09-21 10:54:49,468 - INFO - OCR识别任务已提交
2025-09-21 10:54:49,506 - INFO - 检测到 Ctrl+C
2025-09-21 10:54:49,507 - INFO - 剪切板中的图片已经保存
2025-09-21 10:54:49,507 - INFO - OCR识别任务已提交
2025-09-21 10:54:49,513 - INFO - 检测到 Ctrl+C
2025-09-21 10:54:49,515 - INFO - 剪切板中的图片已经保存
2025-09-21 10:54:49,515 - INFO - OCR识别任务已提交
2025-09-21 10:54:49,526 - INFO - 检测到 Ctrl+C
2025-09-21 10:54:49,527 - INFO - 剪切板中的图片已经保存
2025-09-21 10:54:49,528 - INFO - OCR识别任务已提交
2025-09-21 10:54:49,600 - INFO - 识别成功，img_path: D:\2\WechatOCR\dist\img\~~~ocr.png, result_file: json\~~~ocr.png.json
2025-09-21 10:54:49,642 - INFO - 识别成功，img_path: D:\2\WechatOCR\dist\img\~~~ocr.png, result_file: json\~~~ocr.png.json
2025-09-21 10:54:49,654 - INFO - 识别成功，img_path: D:\2\WechatOCR\dist\img\~~~ocr.png, result_file: json\~~~ocr.png.json
2025-09-21 10:54:49,668 - INFO - 识别成功，img_path: D:\2\WechatOCR\dist\img\~~~ocr.png, result_file: json\~~~ocr.png.json
2025-09-21 10:54:50,468 - INFO - 文本已保存到 text_save.txt
2025-09-21 10:54:50,474 - INFO - 已将文件内容复制到剪贴板。
2025-09-21 10:54:50,508 - INFO - 文本已保存到 text_save.txt
2025-09-21 10:54:50,515 - INFO - 已将文件内容复制到剪贴板。
2025-09-21 10:54:50,516 - INFO - 文本已保存到 text_save.txt
2025-09-21 10:54:50,522 - INFO - 已将文件内容复制到剪贴板。
2025-09-21 10:54:50,528 - INFO - 文本已保存到 text_save.txt
2025-09-21 10:54:50,535 - INFO - 已将文件内容复制到剪贴板。
2025-09-21 10:56:11,159 - INFO - 检测到 Ctrl+C
2025-09-21 10:56:11,159 - WARNING - 剪切板中不包含图片
2025-09-21 11:12:02,188 - INFO - 检测到 Ctrl+C
2025-09-21 11:12:02,188 - INFO - 检测到 Ctrl+C
2025-09-21 11:12:02,188 - WARNING - 剪切板中不包含图片
2025-09-21 11:12:02,188 - WARNING - 剪切板中不包含图片
2025-09-21 11:12:02,200 - INFO - 检测到 Ctrl+C
2025-09-21 11:12:02,201 - WARNING - 剪切板中不包含图片
2025-09-21 11:12:02,223 - INFO - 检测到 Ctrl+C
2025-09-21 11:12:02,224 - WARNING - 剪切板中不包含图片
2025-09-21 11:15:10,457 - INFO - 检测到 Ctrl+C
2025-09-21 11:15:10,457 - WARNING - 剪切板中不包含图片
2025-09-21 11:15:33,726 - INFO - 检测到 Ctrl+C
2025-09-21 11:15:33,726 - WARNING - 剪切板中不包含图片
2025-09-21 11:15:33,728 - INFO - 检测到 Ctrl+C
2025-09-21 11:15:33,728 - WARNING - 剪切板中不包含图片
2025-09-21 11:15:33,731 - INFO - 检测到 Ctrl+C
2025-09-21 11:15:33,731 - WARNING - 剪切板中不包含图片
2025-09-21 11:15:33,735 - INFO - 检测到 Ctrl+C
2025-09-21 11:15:33,735 - WARNING - 剪切板中不包含图片
2025-09-21 11:15:40,343 - INFO - 检测到 Ctrl+C
2025-09-21 11:15:40,343 - WARNING - 剪切板中不包含图片
2025-09-21 11:15:40,344 - INFO - 检测到 Ctrl+C
2025-09-21 11:15:40,344 - WARNING - 剪切板中不包含图片
2025-09-21 11:15:40,348 - INFO - 检测到 Ctrl+C
2025-09-21 11:15:40,348 - WARNING - 剪切板中不包含图片
2025-09-21 11:15:40,353 - INFO - 检测到 Ctrl+C
2025-09-21 11:15:40,353 - WARNING - 剪切板中不包含图片
2025-09-21 11:16:53,470 - INFO - 检测到 Ctrl+C
2025-09-21 11:16:53,470 - WARNING - 剪切板中不包含图片
2025-09-21 11:16:53,470 - WARNING - 剪切板中不包含图片
2025-09-21 11:16:53,470 - WARNING - 剪切板中不包含图片
2025-09-21 11:16:53,470 - WARNING - 剪切板中不包含图片
2025-09-21 11:18:21,635 - INFO - 检测到 Ctrl+C
2025-09-21 11:18:21,635 - WARNING - 剪切板中不包含图片
2025-09-21 11:18:21,635 - WARNING - 剪切板中不包含图片
2025-09-21 11:18:21,637 - INFO - 剪切板中的图片已经保存
2025-09-21 11:18:21,637 - INFO - OCR识别任务已提交
2025-09-21 11:18:21,769 - INFO - 识别成功，img_path: D:\2\WechatOCR\dist\img\~~~ocr.png, result_file: json\~~~ocr.png.json
2025-09-21 11:18:22,637 - INFO - 文本已保存到 text_save.txt
2025-09-21 11:18:22,643 - INFO - 已将文件内容复制到剪贴板。
2025-09-21 11:19:17,404 - INFO - 检测到 Ctrl+C
2025-09-21 11:19:17,404 - WARNING - 剪切板中不包含图片
2025-09-21 11:19:17,404 - WARNING - 剪切板中不包含图片
2025-09-21 11:19:17,405 - INFO - 剪切板中的图片已经保存
2025-09-21 11:19:17,405 - INFO - 剪切板中的图片已经保存
2025-09-21 11:19:17,405 - INFO - OCR识别任务已提交
2025-09-21 11:19:17,405 - INFO - OCR识别任务已提交
2025-09-21 11:19:17,572 - INFO - 识别成功，img_path: D:\2\WechatOCR\dist\img\~~~ocr.png, result_file: json\~~~ocr.png.json
2025-09-21 11:19:17,573 - INFO - 识别成功，img_path: D:\2\WechatOCR\dist\img\~~~ocr.png, result_file: json\~~~ocr.png.json
2025-09-21 11:19:18,406 - INFO - 文本已保存到 text_save.txt
2025-09-21 11:19:18,407 - INFO - 文本已保存到 text_save.txt
2025-09-21 11:19:18,415 - INFO - 已将文件内容复制到剪贴板。
2025-09-21 11:19:18,427 - INFO - 已将文件内容复制到剪贴板。
2025-09-21 11:21:20,767 - INFO - 检测到 Ctrl+C
2025-09-21 11:21:20,768 - INFO - 检测到 Ctrl+C
2025-09-21 11:21:20,769 - INFO - 剪切板中的图片已经保存
2025-09-21 11:21:20,769 - INFO - OCR识别任务已提交
2025-09-21 11:21:20,770 - INFO - 剪切板中的图片已经保存
2025-09-21 11:21:20,770 - INFO - OCR识别任务已提交
2025-09-21 11:21:20,785 - INFO - 检测到 Ctrl+C
2025-09-21 11:21:20,788 - INFO - 剪切板中的图片已经保存
2025-09-21 11:21:20,789 - INFO - OCR识别任务已提交
2025-09-21 11:21:20,798 - INFO - 检测到 Ctrl+C
2025-09-21 11:21:20,801 - INFO - 剪切板中的图片已经保存
2025-09-21 11:21:20,801 - INFO - OCR识别任务已提交
2025-09-21 11:21:21,013 - INFO - 识别成功，img_path: D:\2\WechatOCR\dist\img\~~~ocr.png, result_file: json\~~~ocr.png.json
2025-09-21 11:21:21,020 - INFO - 识别成功，img_path: D:\2\WechatOCR\dist\img\~~~ocr.png, result_file: json\~~~ocr.png.json
2025-09-21 11:21:21,029 - INFO - 识别成功，img_path: D:\2\WechatOCR\dist\img\~~~ocr.png, result_file: json\~~~ocr.png.json
2025-09-21 11:21:21,040 - INFO - 识别成功，img_path: D:\2\WechatOCR\dist\img\~~~ocr.png, result_file: json\~~~ocr.png.json
2025-09-21 11:21:21,770 - INFO - 文本已保存到 text_save.txt
2025-09-21 11:21:21,770 - INFO - 文本已保存到 text_save.txt
2025-09-21 11:21:21,777 - INFO - 已将文件内容复制到剪贴板。
2025-09-21 11:21:21,787 - INFO - 已将文件内容复制到剪贴板。
2025-09-21 11:21:21,789 - INFO - 文本已保存到 text_save.txt
2025-09-21 11:21:21,795 - INFO - 已将文件内容复制到剪贴板。
2025-09-21 11:21:21,802 - INFO - 文本已保存到 text_save.txt
2025-09-21 11:21:21,807 - INFO - 已将文件内容复制到剪贴板。
2025-09-21 11:22:56,389 - INFO - 检测到 Ctrl+C
2025-09-21 11:22:56,389 - WARNING - 剪切板中不包含图片
2025-09-21 11:29:59,815 - INFO - 检测到 Ctrl+C
2025-09-21 11:29:59,815 - WARNING - 剪切板中不包含图片
2025-09-21 11:29:59,816 - INFO - 检测到 Ctrl+C
2025-09-21 11:29:59,816 - INFO - 剪切板中的图片已经保存
2025-09-21 11:29:59,817 - INFO - 剪切板中的图片已经保存
2025-09-21 11:29:59,817 - INFO - OCR识别任务已提交
2025-09-21 11:29:59,817 - INFO - OCR识别任务已提交
2025-09-21 11:29:59,851 - INFO - 检测到 Ctrl+C
2025-09-21 11:29:59,852 - INFO - 剪切板中的图片已经保存
2025-09-21 11:29:59,853 - INFO - OCR识别任务已提交
2025-09-21 11:29:59,936 - INFO - 识别成功，img_path: D:\2\WechatOCR\dist\img\~~~ocr.png, result_file: json\~~~ocr.png.json
2025-09-21 11:29:59,937 - INFO - 识别成功，img_path: D:\2\WechatOCR\dist\img\~~~ocr.png, result_file: json\~~~ocr.png.json
2025-09-21 11:29:59,966 - INFO - 识别成功，img_path: D:\2\WechatOCR\dist\img\~~~ocr.png, result_file: json\~~~ocr.png.json
2025-09-21 11:30:00,818 - INFO - 文本已保存到 text_save.txt
2025-09-21 11:30:00,818 - INFO - 文本已保存到 text_save.txt
2025-09-21 11:30:00,825 - INFO - 已将文件内容复制到剪贴板。
2025-09-21 11:30:00,835 - INFO - 已将文件内容复制到剪贴板。
2025-09-21 11:30:00,853 - INFO - 文本已保存到 text_save.txt
2025-09-21 11:30:00,859 - INFO - 已将文件内容复制到剪贴板。
2025-09-21 11:40:42,488 - INFO - 检测到 Ctrl+C
2025-09-21 11:40:42,488 - WARNING - 剪切板中不包含图片
2025-09-21 11:40:42,548 - INFO - 检测到 Ctrl+C
2025-09-21 11:40:42,548 - WARNING - 剪切板中不包含图片
2025-09-21 11:40:42,553 - INFO - 检测到 Ctrl+C
2025-09-21 11:40:42,553 - INFO - 检测到 Ctrl+C
2025-09-21 11:40:42,553 - WARNING - 剪切板中不包含图片
2025-09-21 11:40:42,553 - WARNING - 剪切板中不包含图片
2025-09-21 11:47:51,522 - INFO - 检测到 Ctrl+C
2025-09-21 11:47:51,522 - WARNING - 剪切板中不包含图片
2025-09-21 11:47:51,522 - WARNING - 剪切板中不包含图片
2025-09-21 11:47:51,522 - WARNING - 剪切板中不包含图片
2025-09-21 11:47:51,533 - INFO - 检测到 Ctrl+C
2025-09-21 11:47:51,533 - WARNING - 剪切板中不包含图片
2025-09-21 11:49:41,843 - INFO - 检测到 Ctrl+C
2025-09-21 11:49:41,844 - INFO - 检测到 Ctrl+C
2025-09-21 11:49:41,844 - INFO - 检测到 Ctrl+C
2025-09-21 11:49:41,844 - WARNING - 剪切板中不包含图片
2025-09-21 11:49:41,844 - WARNING - 剪切板中不包含图片
2025-09-21 11:49:41,844 - WARNING - 剪切板中不包含图片
2025-09-21 11:49:41,859 - INFO - 检测到 Ctrl+C
2025-09-21 11:49:41,859 - WARNING - 剪切板中不包含图片
2025-09-21 11:51:17,531 - INFO - 检测到 Ctrl+C
2025-09-21 11:51:17,531 - WARNING - 剪切板中不包含图片
2025-09-21 11:51:17,531 - WARNING - 剪切板中不包含图片
2025-09-21 11:51:17,542 - INFO - 检测到 Ctrl+C
2025-09-21 11:51:17,542 - WARNING - 剪切板中不包含图片
2025-09-21 12:07:31,153 - INFO - 检测到 Ctrl+C
2025-09-21 12:07:31,153 - INFO - 检测到 Ctrl+C
2025-09-21 12:07:31,153 - WARNING - 剪切板中不包含图片
2025-09-21 12:07:31,153 - WARNING - 剪切板中不包含图片
2025-09-21 12:07:31,153 - WARNING - 剪切板中不包含图片
2025-09-21 12:07:31,153 - WARNING - 剪切板中不包含图片
2025-09-21 12:14:00,639 - INFO - 检测到 Ctrl+C
2025-09-21 12:14:00,639 - INFO - 检测到 Ctrl+C
2025-09-21 12:14:00,639 - INFO - 检测到 Ctrl+C
2025-09-21 12:14:00,639 - WARNING - 剪切板中不包含图片
2025-09-21 12:14:00,639 - WARNING - 剪切板中不包含图片
2025-09-21 12:14:00,639 - WARNING - 剪切板中不包含图片
2025-09-21 12:14:00,639 - WARNING - 剪切板中不包含图片
2025-09-21 12:14:09,163 - INFO - 检测到 Ctrl+C
2025-09-21 12:14:09,163 - WARNING - 剪切板中不包含图片
2025-09-21 12:14:09,163 - INFO - 检测到 Ctrl+C
2025-09-21 12:14:09,163 - INFO - 检测到 Ctrl+C
2025-09-21 12:14:09,164 - WARNING - 剪切板中不包含图片
2025-09-21 12:14:09,164 - WARNING - 剪切板中不包含图片
2025-09-21 12:14:09,164 - WARNING - 剪切板中不包含图片
2025-09-21 12:14:15,279 - INFO - 检测到 Ctrl+C
2025-09-21 12:14:15,279 - WARNING - 剪切板中不包含图片
2025-09-21 12:16:12,532 - INFO - 检测到 Ctrl+C
2025-09-21 12:16:12,532 - WARNING - 剪切板中不包含图片
2025-09-21 12:16:12,533 - INFO - 检测到 Ctrl+C
2025-09-21 12:16:12,533 - INFO - 检测到 Ctrl+C
2025-09-21 12:16:12,533 - WARNING - 剪切板中不包含图片
2025-09-21 12:16:12,533 - WARNING - 剪切板中不包含图片
2025-09-21 12:16:12,533 - INFO - 检测到 Ctrl+C
2025-09-21 12:16:12,533 - WARNING - 剪切板中不包含图片
2025-09-21 12:16:45,231 - INFO - 检测到 Ctrl+C
2025-09-21 12:16:45,231 - INFO - 检测到 Ctrl+C
2025-09-21 12:16:45,231 - WARNING - 剪切板中不包含图片
2025-09-21 12:16:45,232 - INFO - 检测到 Ctrl+C
2025-09-21 12:16:45,232 - INFO - 检测到 Ctrl+C
2025-09-21 12:16:45,232 - WARNING - 剪切板中不包含图片
2025-09-21 12:16:45,232 - WARNING - 剪切板中不包含图片
2025-09-21 12:16:45,232 - WARNING - 剪切板中不包含图片
2025-09-21 12:17:03,286 - INFO - 检测到 Ctrl+C
2025-09-21 12:17:03,286 - WARNING - 剪切板中不包含图片
2025-09-21 12:19:21,497 - INFO - 检测到 Ctrl+C
2025-09-21 12:19:21,497 - WARNING - 剪切板中不包含图片
2025-09-21 12:19:21,498 - WARNING - 剪切板中不包含图片
2025-09-21 12:19:21,498 - INFO - 检测到 Ctrl+C
2025-09-21 12:19:21,498 - INFO - 检测到 Ctrl+C
2025-09-21 12:19:21,498 - WARNING - 剪切板中不包含图片
2025-09-21 12:19:21,498 - WARNING - 剪切板中不包含图片
2025-09-21 12:19:53,595 - INFO - 检测到 Ctrl+C
2025-09-21 12:19:53,595 - WARNING - 剪切板中不包含图片
2025-09-21 12:19:53,598 - INFO - 检测到 Ctrl+C
2025-09-21 12:19:53,598 - WARNING - 剪切板中不包含图片
2025-09-21 12:19:53,598 - WARNING - 剪切板中不包含图片
2025-09-21 12:19:53,598 - WARNING - 剪切板中不包含图片
2025-09-21 12:22:47,714 - INFO - 检测到 Ctrl+C
2025-09-21 12:22:47,714 - WARNING - 剪切板中不包含图片
2025-09-21 12:24:30,526 - INFO - 检测到 Ctrl+C
2025-09-21 12:24:30,526 - WARNING - 剪切板中不包含图片
2025-09-21 12:25:23,686 - INFO - 检测到 Ctrl+C
2025-09-21 12:25:23,686 - WARNING - 剪切板中不包含图片
2025-09-21 12:25:23,691 - INFO - 检测到 Ctrl+C
2025-09-21 12:25:23,691 - WARNING - 剪切板中不包含图片
2025-09-21 12:25:23,691 - WARNING - 剪切板中不包含图片
2025-09-21 12:25:23,691 - WARNING - 剪切板中不包含图片
2025-09-21 12:28:04,173 - INFO - 检测到 Ctrl+C
2025-09-21 12:28:04,173 - WARNING - 剪切板中不包含图片
2025-09-21 12:28:04,173 - WARNING - 剪切板中不包含图片
2025-09-21 12:28:04,174 - INFO - 检测到 Ctrl+C
2025-09-21 12:28:04,174 - INFO - 检测到 Ctrl+C
2025-09-21 12:28:04,174 - WARNING - 剪切板中不包含图片
2025-09-21 12:28:04,174 - WARNING - 剪切板中不包含图片
2025-09-21 12:28:04,774 - INFO - 检测到 Ctrl+C
2025-09-21 12:28:04,774 - WARNING - 剪切板中不包含图片
2025-09-21 12:34:33,627 - INFO - 检测到 Ctrl+C
2025-09-21 12:34:33,627 - WARNING - 剪切板中不包含图片
2025-09-21 12:35:31,996 - INFO - 检测到 Ctrl+C
2025-09-21 12:35:31,996 - INFO - 检测到 Ctrl+C
2025-09-21 12:35:31,996 - WARNING - 剪切板中不包含图片
2025-09-21 12:35:31,996 - WARNING - 剪切板中不包含图片
2025-09-21 12:35:31,997 - WARNING - 剪切板中不包含图片
2025-09-21 12:51:09,431 - INFO - 检测到 Ctrl+C
2025-09-21 12:51:09,431 - INFO - 检测到 Ctrl+C
2025-09-21 12:51:09,431 - WARNING - 剪切板中不包含图片
2025-09-21 12:51:09,431 - WARNING - 剪切板中不包含图片
2025-09-21 12:51:09,431 - WARNING - 剪切板中不包含图片
2025-09-21 12:51:15,549 - INFO - 检测到 Ctrl+C
2025-09-21 12:51:15,549 - INFO - 检测到 Ctrl+C
2025-09-21 12:51:15,549 - WARNING - 剪切板中不包含图片
2025-09-21 12:51:15,549 - WARNING - 剪切板中不包含图片
2025-09-21 12:51:15,549 - WARNING - 剪切板中不包含图片
2025-09-21 12:51:15,549 - WARNING - 剪切板中不包含图片
2025-09-21 12:52:21,043 - INFO - 检测到 Ctrl+C
2025-09-21 12:52:21,043 - WARNING - 剪切板中不包含图片
2025-09-21 12:52:21,043 - WARNING - 剪切板中不包含图片
2025-09-21 12:52:21,050 - INFO - 剪切板中的图片已经保存
2025-09-21 12:52:21,053 - INFO - OCR识别任务已提交
2025-09-21 12:52:21,317 - INFO - 识别成功，img_path: D:\2\WechatOCR\dist\img\~~~ocr.png, result_file: json\~~~ocr.png.json
2025-09-21 12:52:22,055 - INFO - 文本已保存到 text_save.txt
2025-09-21 12:52:22,062 - INFO - 已将文件内容复制到剪贴板。
2025-09-21 12:54:17,697 - INFO - 检测到 Ctrl+C
2025-09-21 12:54:17,697 - WARNING - 剪切板中不包含图片
2025-09-21 13:07:34,188 - INFO - 检测到 Ctrl+C
2025-09-21 13:07:34,188 - WARNING - 剪切板中不包含图片
2025-09-21 13:16:18,970 - INFO - 检测到 Ctrl+C
2025-09-21 13:16:18,970 - WARNING - 剪切板中不包含图片
2025-09-21 13:19:12,396 - INFO - 检测到 Ctrl+C
2025-09-21 13:19:12,396 - WARNING - 剪切板中不包含图片
2025-09-21 13:22:28,483 - INFO - 检测到 Ctrl+C
2025-09-21 13:22:28,483 - WARNING - 剪切板中不包含图片
2025-09-21 13:24:39,877 - INFO - 检测到 Ctrl+C
2025-09-21 13:24:39,877 - WARNING - 剪切板中不包含图片
2025-09-21 13:25:34,832 - INFO - 检测到 Ctrl+C
2025-09-21 13:25:34,832 - WARNING - 剪切板中不包含图片
2025-09-21 13:29:22,121 - INFO - 检测到 Ctrl+C
2025-09-21 13:29:22,121 - INFO - 检测到 Ctrl+C
2025-09-21 13:29:22,121 - WARNING - 剪切板中不包含图片
2025-09-21 13:29:22,121 - WARNING - 剪切板中不包含图片
2025-09-21 13:29:22,121 - INFO - 检测到 Ctrl+C
2025-09-21 13:29:22,121 - WARNING - 剪切板中不包含图片
2025-09-21 13:29:22,121 - INFO - 检测到 Ctrl+C
2025-09-21 13:29:22,122 - WARNING - 剪切板中不包含图片
2025-09-21 13:29:23,023 - INFO - 检测到 Ctrl+C
2025-09-21 13:29:23,023 - INFO - 检测到 Ctrl+C
2025-09-21 13:29:23,023 - WARNING - 剪切板中不包含图片
2025-09-21 13:29:23,023 - WARNING - 剪切板中不包含图片
2025-09-21 13:29:23,023 - INFO - 检测到 Ctrl+C
2025-09-21 13:29:23,023 - WARNING - 剪切板中不包含图片
2025-09-21 13:29:23,024 - INFO - 检测到 Ctrl+C
2025-09-21 13:29:23,024 - WARNING - 剪切板中不包含图片
2025-09-21 13:29:27,233 - INFO - 检测到 Ctrl+C
2025-09-21 13:29:27,233 - WARNING - 剪切板中不包含图片
2025-09-21 13:29:27,233 - INFO - 检测到 Ctrl+C
2025-09-21 13:29:27,233 - WARNING - 剪切板中不包含图片
2025-09-21 13:29:27,233 - WARNING - 剪切板中不包含图片
2025-09-21 13:29:27,235 - INFO - 检测到 Ctrl+C
2025-09-21 13:29:27,235 - WARNING - 剪切板中不包含图片
2025-09-21 13:29:35,858 - INFO - 检测到 Ctrl+C
2025-09-21 13:29:35,858 - INFO - 检测到 Ctrl+C
2025-09-21 13:29:35,858 - WARNING - 剪切板中不包含图片
2025-09-21 13:29:35,858 - WARNING - 剪切板中不包含图片
2025-09-21 13:29:35,858 - WARNING - 剪切板中不包含图片
2025-09-21 13:29:35,858 - WARNING - 剪切板中不包含图片
2025-09-21 13:34:05,980 - INFO - 检测到 Ctrl+C
2025-09-21 13:34:05,980 - WARNING - 剪切板中不包含图片
2025-09-21 13:34:06,074 - INFO - 检测到 Ctrl+C
2025-09-21 13:34:06,074 - WARNING - 剪切板中不包含图片
2025-09-21 13:34:06,077 - INFO - 检测到 Ctrl+C
2025-09-21 13:34:06,077 - WARNING - 剪切板中不包含图片
2025-09-21 13:34:06,078 - INFO - 检测到 Ctrl+C
2025-09-21 13:34:06,078 - WARNING - 剪切板中不包含图片
2025-09-21 13:39:13,115 - INFO - 检测到 Ctrl+C
2025-09-21 13:39:13,119 - ERROR - 保存剪切板图片失败
Traceback (most recent call last):
  File "main.py", line 20, in save_clipboard_pic
  File "PIL\ImageGrab.py", line 125, in grabclipboard
  File "encodings\utf_16_le.py", line 16, in decode
UnicodeDecodeError: 'utf-16-le' codec can't decode byte 0x00 in position 140: truncated data
decoding with 'utf-16le' codec failed
2025-09-21 13:39:13,127 - INFO - 检测到 Ctrl+C
2025-09-21 13:39:13,127 - INFO - 检测到 Ctrl+C
2025-09-21 13:39:13,127 - WARNING - 剪切板中不包含图片
2025-09-21 13:39:13,132 - ERROR - 保存剪切板图片失败
Traceback (most recent call last):
  File "main.py", line 20, in save_clipboard_pic
  File "PIL\ImageGrab.py", line 125, in grabclipboard
  File "encodings\utf_16_le.py", line 16, in decode
UnicodeDecodeError: 'utf-16-le' codec can't decode byte 0x00 in position 140: truncated data
decoding with 'utf-16le' codec failed
2025-09-21 13:39:13,186 - INFO - 检测到 Ctrl+C
2025-09-21 13:39:13,193 - ERROR - 保存剪切板图片失败
Traceback (most recent call last):
  File "main.py", line 20, in save_clipboard_pic
  File "PIL\ImageGrab.py", line 125, in grabclipboard
  File "encodings\utf_16_le.py", line 16, in decode
UnicodeDecodeError: 'utf-16-le' codec can't decode byte 0x00 in position 140: truncated data
decoding with 'utf-16le' codec failed
2025-09-21 16:17:09,472 - INFO - OCR 服务已启动
2025-09-21 16:17:12,482 - INFO - 检测到 Ctrl+C
2025-09-21 16:17:12,496 - INFO - 剪切板中的图片已经保存
2025-09-21 16:17:12,497 - INFO - OCR识别任务已提交
2025-09-21 16:17:12,760 - INFO - 识别成功，img_path: D:\2\WechatOCR\dist\img\~~~ocr.png, result_file: json\~~~ocr.png.json
2025-09-21 16:17:13,497 - INFO - 文本已保存到 text_save.txt
2025-09-21 16:17:13,545 - INFO - 已将文件内容复制到剪贴板。
2025-09-21 16:18:58,151 - INFO - 检测到 Ctrl+C
2025-09-21 16:18:58,153 - INFO - 剪切板中的图片已经保存
2025-09-21 16:18:58,153 - INFO - OCR识别任务已提交
2025-09-21 16:18:58,393 - INFO - 识别成功，img_path: D:\2\WechatOCR\dist\img\~~~ocr.png, result_file: json\~~~ocr.png.json
2025-09-21 16:18:59,154 - INFO - 文本已保存到 text_save.txt
2025-09-21 16:18:59,158 - INFO - 已将文件内容复制到剪贴板。
2025-09-21 16:20:25,515 - INFO - 检测到 Ctrl+C
2025-09-21 16:20:25,517 - INFO - 剪切板中的图片已经保存
2025-09-21 16:20:25,517 - INFO - OCR识别任务已提交
2025-09-21 16:20:25,756 - INFO - 识别成功，img_path: D:\2\WechatOCR\dist\img\~~~ocr.png, result_file: json\~~~ocr.png.json
2025-09-21 16:20:26,519 - INFO - 文本已保存到 text_save.txt
2025-09-21 16:20:26,523 - INFO - 已将文件内容复制到剪贴板。
2025-09-21 16:23:14,215 - INFO - 检测到 Ctrl+C
2025-09-21 16:23:14,218 - INFO - 剪切板中的图片已经保存
2025-09-21 16:23:14,218 - INFO - OCR识别任务已提交
2025-09-21 16:23:14,458 - INFO - 识别成功，img_path: D:\2\WechatOCR\dist\img\~~~ocr.png, result_file: json\~~~ocr.png.json
2025-09-21 16:23:15,219 - INFO - 文本已保存到 text_save.txt
2025-09-21 16:23:15,224 - INFO - 已将文件内容复制到剪贴板。
2025-09-21 16:32:36,795 - INFO - 检测到 Ctrl+C
2025-09-21 16:32:36,795 - WARNING - 剪切板中不包含图片
2025-09-21 16:33:26,640 - INFO - 检测到 Ctrl+C
2025-09-21 16:33:26,640 - WARNING - 剪切板中不包含图片
2025-09-21 16:36:59,682 - INFO - 检测到 Ctrl+C
2025-09-21 16:36:59,682 - INFO - 剪切板中的图片已经保存
2025-09-21 16:36:59,683 - INFO - OCR识别任务已提交
2025-09-21 16:36:59,723 - INFO - 识别成功，img_path: D:\2\WechatOCR\dist\img\~~~ocr.png, result_file: json\~~~ocr.png.json
2025-09-21 16:37:00,683 - INFO - 文本已保存到 text_save.txt
2025-09-21 16:37:00,688 - INFO - 已将文件内容复制到剪贴板。
2025-09-21 16:41:11,023 - INFO - 检测到 Ctrl+C
2025-09-21 16:41:11,023 - WARNING - 剪切板中不包含图片
2025-09-21 16:43:15,790 - INFO - 检测到 Ctrl+C
2025-09-21 16:43:15,790 - WARNING - 剪切板中不包含图片
2025-09-21 16:45:50,252 - INFO - 检测到 Ctrl+C
2025-09-21 16:45:50,252 - WARNING - 剪切板中不包含图片
2025-09-21 16:47:56,223 - INFO - 检测到 Ctrl+C
2025-09-21 16:47:56,223 - WARNING - 剪切板中不包含图片
2025-09-21 16:56:49,703 - INFO - 检测到 Ctrl+C
2025-09-21 16:56:49,703 - WARNING - 剪切板中不包含图片
2025-09-21 16:56:51,407 - INFO - 检测到 Ctrl+C
2025-09-21 16:56:51,407 - WARNING - 剪切板中不包含图片
2025-09-21 16:59:03,108 - INFO - 检测到 Ctrl+C
2025-09-21 16:59:03,108 - WARNING - 剪切板中不包含图片
2025-09-21 16:59:35,711 - INFO - 检测到 Ctrl+C
2025-09-21 16:59:35,712 - ERROR - 保存剪切板图片失败
Traceback (most recent call last):
  File "main.py", line 22, in save_clipboard_pic
AttributeError: 'list' object has no attribute 'save'
2025-09-21 17:00:43,507 - INFO - 检测到 Ctrl+C
2025-09-21 17:00:43,507 - WARNING - 剪切板中不包含图片
2025-09-21 17:00:53,838 - INFO - 检测到 Ctrl+C
2025-09-21 17:00:53,838 - WARNING - 剪切板中不包含图片
2025-09-21 17:01:15,201 - INFO - 检测到 Ctrl+C
2025-09-21 17:01:15,201 - WARNING - 剪切板中不包含图片
2025-09-21 17:02:02,944 - INFO - 检测到 Ctrl+C
2025-09-21 17:02:02,944 - WARNING - 剪切板中不包含图片
2025-09-21 17:03:13,651 - INFO - 检测到 Ctrl+C
2025-09-21 17:03:13,651 - WARNING - 剪切板中不包含图片
2025-09-21 17:03:21,774 - INFO - 检测到 Ctrl+C
2025-09-21 17:03:21,774 - WARNING - 剪切板中不包含图片
2025-09-21 17:04:49,041 - INFO - 检测到 Ctrl+C
2025-09-21 17:04:49,042 - WARNING - 剪切板中不包含图片
2025-09-21 17:06:05,268 - INFO - 检测到 Ctrl+C
2025-09-21 17:06:05,268 - WARNING - 剪切板中不包含图片
2025-09-21 17:06:12,588 - INFO - 检测到 Ctrl+C
2025-09-21 17:06:12,588 - WARNING - 剪切板中不包含图片
2025-09-21 17:06:46,792 - INFO - 检测到 Ctrl+C
2025-09-21 17:06:46,793 - INFO - 剪切板中的图片已经保存
2025-09-21 17:06:46,793 - INFO - OCR识别任务已提交
2025-09-21 17:06:46,894 - INFO - 识别成功，img_path: D:\2\WechatOCR\dist\img\~~~ocr.png, result_file: json\~~~ocr.png.json
2025-09-21 17:06:47,795 - INFO - 文本已保存到 text_save.txt
2025-09-21 17:06:47,802 - INFO - 已将文件内容复制到剪贴板。
2025-09-21 17:10:46,001 - INFO - 检测到 Ctrl+C
2025-09-21 17:10:46,001 - WARNING - 剪切板中不包含图片
2025-09-21 17:11:41,968 - INFO - 检测到 Ctrl+C
2025-09-21 17:11:41,968 - WARNING - 剪切板中不包含图片
2025-09-21 17:14:35,679 - INFO - 检测到 Ctrl+C
2025-09-21 17:14:35,679 - WARNING - 剪切板中不包含图片
2025-09-21 17:14:37,884 - INFO - 检测到 Ctrl+C
2025-09-21 17:14:37,884 - WARNING - 剪切板中不包含图片
2025-09-21 17:16:45,365 - INFO - 检测到 Ctrl+C
2025-09-21 17:16:45,366 - WARNING - 剪切板中不包含图片
2025-09-21 17:32:17,149 - INFO - 检测到 Ctrl+C
2025-09-21 17:32:17,149 - WARNING - 剪切板中不包含图片
2025-09-21 17:32:29,985 - INFO - 检测到 Ctrl+C
2025-09-21 17:32:29,985 - WARNING - 剪切板中不包含图片
2025-09-21 17:32:40,214 - INFO - 检测到 Ctrl+C
2025-09-21 17:32:40,214 - WARNING - 剪切板中不包含图片
2025-09-21 17:52:35,276 - INFO - 检测到 Ctrl+C
2025-09-21 17:52:35,276 - WARNING - 剪切板中不包含图片
2025-09-21 18:00:02,704 - INFO - 检测到 Ctrl+C
2025-09-21 18:00:02,704 - WARNING - 剪切板中不包含图片
2025-09-21 18:00:11,028 - INFO - 检测到 Ctrl+C
2025-09-21 18:00:11,028 - WARNING - 剪切板中不包含图片
2025-09-21 18:03:05,435 - INFO - 检测到 Ctrl+C
2025-09-21 18:03:05,435 - WARNING - 剪切板中不包含图片
2025-09-21 18:03:33,415 - INFO - 检测到 Ctrl+C
2025-09-21 18:03:33,415 - WARNING - 剪切板中不包含图片
2025-09-21 18:15:14,692 - INFO - 检测到 Ctrl+C
2025-09-21 18:15:14,692 - WARNING - 剪切板中不包含图片
2025-09-21 18:15:33,948 - INFO - 检测到 Ctrl+C
2025-09-21 18:15:33,948 - WARNING - 剪切板中不包含图片
2025-09-21 18:23:04,174 - INFO - 检测到 Ctrl+C
2025-09-21 18:23:04,174 - WARNING - 剪切板中不包含图片
2025-09-21 18:29:54,388 - INFO - 检测到 Ctrl+C
2025-09-21 18:29:54,388 - WARNING - 剪切板中不包含图片
2025-09-21 18:29:56,694 - INFO - 检测到 Ctrl+C
2025-09-21 18:29:56,694 - WARNING - 剪切板中不包含图片
2025-09-21 18:32:30,743 - INFO - 检测到 Ctrl+C
2025-09-21 18:32:30,743 - WARNING - 剪切板中不包含图片
2025-09-21 18:37:28,917 - INFO - 检测到 Ctrl+C
2025-09-21 18:37:28,917 - WARNING - 剪切板中不包含图片
2025-09-21 18:42:28,501 - INFO - 检测到 Ctrl+C
2025-09-21 18:42:28,501 - WARNING - 剪切板中不包含图片
2025-09-21 18:51:09,660 - INFO - 检测到 Ctrl+C
2025-09-21 18:51:09,660 - WARNING - 剪切板中不包含图片
2025-09-21 18:52:56,382 - INFO - 检测到 Ctrl+C
2025-09-21 18:52:56,382 - WARNING - 剪切板中不包含图片
2025-09-21 18:53:27,071 - INFO - 检测到 Ctrl+C
2025-09-21 18:53:27,071 - WARNING - 剪切板中不包含图片
2025-09-21 18:53:28,073 - INFO - 检测到 Ctrl+C
2025-09-21 18:53:28,073 - WARNING - 剪切板中不包含图片
2025-09-21 18:55:11,577 - INFO - 检测到 Ctrl+C
2025-09-21 18:55:11,577 - WARNING - 剪切板中不包含图片
2025-09-21 18:55:12,980 - INFO - 检测到 Ctrl+C
2025-09-21 18:55:12,980 - WARNING - 剪切板中不包含图片
2025-09-21 19:02:07,202 - INFO - 检测到 Ctrl+C
2025-09-21 19:02:07,202 - WARNING - 剪切板中不包含图片
2025-09-21 19:03:17,311 - INFO - 检测到 Ctrl+C
2025-09-21 19:03:17,311 - WARNING - 剪切板中不包含图片
2025-09-21 19:03:18,213 - INFO - 检测到 Ctrl+C
2025-09-21 19:03:18,213 - WARNING - 剪切板中不包含图片
2025-09-21 19:07:04,268 - INFO - 检测到 Ctrl+C
2025-09-21 19:07:04,268 - WARNING - 剪切板中不包含图片
2025-09-21 19:09:48,345 - INFO - 检测到 Ctrl+C
2025-09-21 19:09:48,345 - WARNING - 剪切板中不包含图片
2025-09-21 19:12:35,735 - INFO - 检测到 Ctrl+C
2025-09-21 19:12:35,735 - WARNING - 剪切板中不包含图片
2025-09-21 19:15:02,151 - INFO - 检测到 Ctrl+C
2025-09-21 19:15:02,151 - WARNING - 剪切板中不包含图片
2025-09-21 19:18:59,757 - INFO - 检测到 Ctrl+C
2025-09-21 19:18:59,757 - WARNING - 剪切板中不包含图片
2025-09-21 19:25:36,026 - INFO - 检测到 Ctrl+C
2025-09-21 19:25:36,026 - WARNING - 剪切板中不包含图片
2025-09-21 19:27:24,241 - INFO - 检测到 Ctrl+C
2025-09-21 19:27:24,241 - WARNING - 剪切板中不包含图片
2025-09-21 19:30:49,945 - INFO - 检测到 Ctrl+C
2025-09-21 19:30:49,946 - WARNING - 剪切板中不包含图片
2025-09-21 19:42:52,363 - INFO - 检测到 Ctrl+C
2025-09-21 19:42:52,363 - WARNING - 剪切板中不包含图片
2025-09-21 19:43:42,610 - INFO - 检测到 Ctrl+C
2025-09-21 19:43:42,610 - WARNING - 剪切板中不包含图片
2025-09-21 19:48:48,709 - INFO - 检测到 Ctrl+C
2025-09-21 19:48:48,717 - INFO - 剪切板中的图片已经保存
2025-09-21 19:48:48,720 - INFO - OCR识别任务已提交
2025-09-21 19:48:49,051 - INFO - 识别成功，img_path: D:\2\WechatOCR\dist\img\~~~ocr.png, result_file: json\~~~ocr.png.json
2025-09-21 19:48:49,721 - INFO - 文本已保存到 text_save.txt
2025-09-21 19:48:49,730 - INFO - 已将文件内容复制到剪贴板。
2025-09-21 20:01:23,241 - INFO - 检测到 Ctrl+C
2025-09-21 20:01:23,241 - WARNING - 剪切板中不包含图片
2025-09-21 20:03:57,443 - INFO - 检测到 Ctrl+C
2025-09-21 20:03:57,443 - WARNING - 剪切板中不包含图片
2025-09-21 20:03:58,546 - INFO - 检测到 Ctrl+C
2025-09-21 20:03:58,546 - WARNING - 剪切板中不包含图片
2025-09-21 20:05:57,221 - INFO - 检测到 Ctrl+C
2025-09-21 20:05:57,221 - WARNING - 剪切板中不包含图片
2025-09-21 20:08:40,296 - INFO - 检测到 Ctrl+C
2025-09-21 20:08:40,296 - WARNING - 剪切板中不包含图片
2025-09-21 20:11:00,098 - INFO - 检测到 Ctrl+C
2025-09-21 20:11:00,098 - WARNING - 剪切板中不包含图片
2025-09-21 20:25:34,049 - INFO - 检测到 Ctrl+C
2025-09-21 20:25:34,049 - WARNING - 剪切板中不包含图片
2025-09-21 20:29:56,361 - INFO - 检测到 Ctrl+C
2025-09-21 20:29:56,869 - WARNING - 剪切板中不包含图片
2025-09-21 20:31:48,605 - INFO - 检测到 Ctrl+C
2025-09-21 20:31:48,605 - WARNING - 剪切板中不包含图片
2025-09-21 20:37:19,110 - INFO - 检测到 Ctrl+C
2025-09-21 20:37:19,110 - WARNING - 剪切板中不包含图片
2025-09-21 20:42:22,521 - INFO - 检测到 Ctrl+C
2025-09-21 20:42:22,521 - WARNING - 剪切板中不包含图片
2025-09-21 20:45:19,835 - INFO - 检测到 Ctrl+C
2025-09-21 20:45:19,835 - WARNING - 剪切板中不包含图片
2025-09-21 20:50:38,492 - INFO - 检测到 Ctrl+C
2025-09-21 20:50:38,493 - WARNING - 剪切板中不包含图片
2025-09-21 20:52:01,746 - INFO - 检测到 Ctrl+C
2025-09-21 20:52:01,746 - WARNING - 剪切板中不包含图片
2025-09-21 20:52:23,813 - INFO - 检测到 Ctrl+C
2025-09-21 20:52:23,813 - WARNING - 剪切板中不包含图片
2025-09-21 20:52:30,232 - INFO - 检测到 Ctrl+C
2025-09-21 20:52:30,232 - WARNING - 剪切板中不包含图片
2025-09-21 20:53:45,458 - INFO - 检测到 Ctrl+C
2025-09-21 20:53:45,458 - WARNING - 剪切板中不包含图片
2025-09-21 20:53:50,773 - INFO - 检测到 Ctrl+C
2025-09-21 20:53:50,773 - WARNING - 剪切板中不包含图片
2025-09-21 20:54:34,499 - INFO - 检测到 Ctrl+C
2025-09-21 20:54:35,007 - WARNING - 剪切板中不包含图片
2025-09-21 20:55:10,310 - INFO - 检测到 Ctrl+C
2025-09-21 20:55:10,310 - WARNING - 剪切板中不包含图片
2025-09-21 20:56:01,666 - INFO - 检测到 Ctrl+C
2025-09-21 20:56:01,666 - WARNING - 剪切板中不包含图片
2025-09-21 20:58:29,352 - INFO - 检测到 Ctrl+C
2025-09-21 20:58:29,352 - WARNING - 剪切板中不包含图片
2025-09-21 20:58:44,898 - INFO - 检测到 Ctrl+C
2025-09-21 20:58:44,898 - WARNING - 剪切板中不包含图片
2025-09-21 20:59:04,858 - INFO - 检测到 Ctrl+C
2025-09-21 20:59:04,858 - WARNING - 剪切板中不包含图片
2025-09-21 20:59:10,576 - INFO - 检测到 Ctrl+C
2025-09-21 20:59:10,576 - WARNING - 剪切板中不包含图片
2025-09-21 21:00:47,752 - INFO - 检测到 Ctrl+C
2025-09-21 21:00:47,753 - WARNING - 剪切板中不包含图片
2025-09-21 21:03:51,006 - INFO - 检测到 Ctrl+C
2025-09-21 21:03:51,006 - WARNING - 剪切板中不包含图片
2025-09-21 21:04:53,196 - INFO - 检测到 Ctrl+C
2025-09-21 21:04:53,197 - WARNING - 剪切板中不包含图片
2025-09-21 21:07:14,520 - INFO - 检测到 Ctrl+C
2025-09-21 21:07:14,520 - WARNING - 剪切板中不包含图片
2025-09-21 21:07:34,979 - INFO - 检测到 Ctrl+C
2025-09-21 21:07:34,979 - WARNING - 剪切板中不包含图片
2025-09-21 21:11:56,455 - INFO - 检测到 Ctrl+C
2025-09-21 21:11:56,455 - WARNING - 剪切板中不包含图片
2025-09-21 21:16:14,719 - INFO - 检测到 Ctrl+C
2025-09-21 21:16:14,719 - WARNING - 剪切板中不包含图片
2025-09-21 21:16:25,752 - INFO - 检测到 Ctrl+C
2025-09-21 21:16:25,752 - WARNING - 剪切板中不包含图片
2025-09-21 21:16:39,495 - INFO - 检测到 Ctrl+C
2025-09-21 21:16:39,495 - WARNING - 剪切板中不包含图片
2025-09-21 21:16:54,440 - INFO - 检测到 Ctrl+C
2025-09-21 21:16:54,440 - WARNING - 剪切板中不包含图片
2025-09-21 21:20:20,053 - INFO - 检测到 Ctrl+C
2025-09-21 21:20:20,053 - WARNING - 剪切板中不包含图片
2025-09-21 21:21:49,425 - INFO - 检测到 Ctrl+C
2025-09-21 21:21:49,425 - WARNING - 剪切板中不包含图片
2025-09-21 21:23:27,316 - INFO - 检测到 Ctrl+C
2025-09-21 21:23:27,316 - WARNING - 剪切板中不包含图片
2025-09-21 21:23:56,099 - INFO - 检测到 Ctrl+C
2025-09-21 21:23:56,099 - WARNING - 剪切板中不包含图片
2025-09-21 21:31:52,879 - INFO - 检测到 Ctrl+C
2025-09-21 21:31:52,879 - WARNING - 剪切板中不包含图片
2025-09-21 21:31:56,189 - INFO - 检测到 Ctrl+C
2025-09-21 21:31:56,189 - WARNING - 剪切板中不包含图片
2025-09-21 21:33:54,234 - INFO - 检测到 Ctrl+C
2025-09-21 21:33:54,234 - WARNING - 剪切板中不包含图片
2025-09-21 21:36:50,669 - INFO - 检测到 Ctrl+C
2025-09-21 21:36:50,669 - WARNING - 剪切板中不包含图片
2025-09-21 21:37:13,236 - INFO - 检测到 Ctrl+C
2025-09-21 21:37:13,236 - WARNING - 剪切板中不包含图片
2025-09-21 21:39:15,301 - INFO - 检测到 Ctrl+C
2025-09-21 21:39:15,301 - WARNING - 剪切板中不包含图片
2025-09-21 21:39:39,374 - INFO - 检测到 Ctrl+C
2025-09-21 21:39:39,374 - WARNING - 剪切板中不包含图片
2025-09-21 21:40:34,242 - INFO - 检测到 Ctrl+C
2025-09-21 21:40:34,242 - WARNING - 剪切板中不包含图片
2025-09-21 21:41:21,985 - INFO - 检测到 Ctrl+C
2025-09-21 21:41:21,985 - WARNING - 剪切板中不包含图片
2025-09-21 21:41:47,159 - INFO - 检测到 Ctrl+C
2025-09-21 21:41:47,159 - WARNING - 剪切板中不包含图片
2025-09-21 21:43:08,701 - INFO - 检测到 Ctrl+C
2025-09-21 21:43:08,702 - WARNING - 剪切板中不包含图片
2025-09-21 21:43:46,612 - INFO - 检测到 Ctrl+C
2025-09-21 21:43:46,612 - WARNING - 剪切板中不包含图片
2025-09-21 21:43:51,827 - INFO - 检测到 Ctrl+C
2025-09-21 21:43:51,827 - WARNING - 剪切板中不包含图片
2025-09-21 21:43:54,334 - INFO - 检测到 Ctrl+C
2025-09-21 21:43:54,334 - WARNING - 剪切板中不包含图片
2025-09-21 21:44:20,112 - INFO - 检测到 Ctrl+C
2025-09-21 21:44:20,112 - WARNING - 剪切板中不包含图片
2025-09-21 21:45:21,594 - INFO - 检测到 Ctrl+C
2025-09-21 21:45:21,594 - WARNING - 剪切板中不包含图片
2025-09-21 21:45:46,970 - INFO - 检测到 Ctrl+C
2025-09-21 21:45:46,970 - WARNING - 剪切板中不包含图片
2025-09-21 21:46:46,547 - INFO - 检测到 Ctrl+C
2025-09-21 21:46:46,547 - WARNING - 剪切板中不包含图片
2025-09-21 21:46:53,366 - INFO - 检测到 Ctrl+C
2025-09-21 21:46:53,366 - WARNING - 剪切板中不包含图片
2025-09-21 21:47:53,044 - INFO - 检测到 Ctrl+C
2025-09-21 21:47:53,044 - WARNING - 剪切板中不包含图片
2025-09-21 21:48:12,199 - INFO - 检测到 Ctrl+C
2025-09-21 21:48:12,199 - WARNING - 剪切板中不包含图片
2025-09-21 21:48:19,824 - INFO - 检测到 Ctrl+C
2025-09-21 21:48:19,824 - WARNING - 剪切板中不包含图片
2025-09-21 21:50:03,127 - INFO - 检测到 Ctrl+C
2025-09-21 21:50:03,128 - WARNING - 剪切板中不包含图片
2025-09-21 21:52:04,456 - INFO - 检测到 Ctrl+C
2025-09-21 21:52:04,457 - WARNING - 剪切板中不包含图片
2025-09-21 21:53:10,652 - INFO - 检测到 Ctrl+C
2025-09-21 21:53:10,652 - WARNING - 剪切板中不包含图片
2025-09-21 21:57:24,498 - INFO - 检测到 Ctrl+C
2025-09-21 21:57:24,498 - WARNING - 剪切板中不包含图片
2025-09-21 21:57:26,201 - INFO - 检测到 Ctrl+C
2025-09-21 21:57:26,201 - WARNING - 剪切板中不包含图片
2025-09-21 21:58:54,567 - INFO - 检测到 Ctrl+C
2025-09-21 21:58:54,567 - WARNING - 剪切板中不包含图片
2025-09-21 21:58:58,680 - INFO - 检测到 Ctrl+C
2025-09-21 21:58:58,681 - WARNING - 剪切板中不包含图片
2025-09-21 21:59:34,989 - INFO - 检测到 Ctrl+C
2025-09-21 21:59:34,989 - WARNING - 剪切板中不包含图片
2025-09-21 22:00:46,703 - INFO - 检测到 Ctrl+C
2025-09-21 22:00:46,703 - WARNING - 剪切板中不包含图片
2025-09-21 22:04:15,926 - INFO - 检测到 Ctrl+C
2025-09-21 22:04:15,926 - WARNING - 剪切板中不包含图片
2025-09-21 22:27:23,384 - INFO - 检测到 Ctrl+C
2025-09-21 22:27:23,384 - WARNING - 剪切板中不包含图片
2025-09-21 22:33:37,775 - INFO - 检测到 Ctrl+C
2025-09-21 22:33:37,775 - WARNING - 剪切板中不包含图片
2025-09-21 22:51:39,739 - INFO - 检测到 Ctrl+C
2025-09-21 22:51:39,747 - ERROR - 保存剪切板图片失败
Traceback (most recent call last):
  File "main.py", line 22, in save_clipboard_pic
AttributeError: 'list' object has no attribute 'save'
2025-09-21 22:57:55,587 - INFO - 检测到 Ctrl+C
2025-09-21 22:57:55,587 - WARNING - 剪切板中不包含图片
2025-09-21 23:00:46,700 - INFO - 检测到 Ctrl+C
2025-09-21 23:00:46,700 - WARNING - 剪切板中不包含图片
2025-09-21 23:03:12,102 - INFO - 检测到 Ctrl+C
2025-09-21 23:03:12,102 - WARNING - 剪切板中不包含图片
2025-09-21 23:03:32,359 - INFO - 检测到 Ctrl+C
2025-09-21 23:03:32,359 - WARNING - 剪切板中不包含图片
2025-09-21 23:04:01,448 - INFO - 检测到 Ctrl+C
2025-09-21 23:04:01,448 - WARNING - 剪切板中不包含图片
2025-09-21 23:04:09,270 - INFO - 检测到 Ctrl+C
2025-09-21 23:04:09,270 - WARNING - 剪切板中不包含图片
2025-09-21 23:04:47,889 - INFO - 检测到 Ctrl+C
2025-09-21 23:04:47,890 - WARNING - 剪切板中不包含图片
2025-09-21 23:05:27,511 - INFO - 检测到 Ctrl+C
2025-09-21 23:05:27,511 - WARNING - 剪切板中不包含图片
2025-09-21 23:05:58,506 - INFO - 检测到 Ctrl+C
2025-09-21 23:05:58,506 - WARNING - 剪切板中不包含图片
2025-09-21 23:08:41,394 - INFO - 检测到 Ctrl+C
2025-09-21 23:08:41,394 - WARNING - 剪切板中不包含图片
2025-09-21 23:08:51,722 - INFO - 检测到 Ctrl+C
2025-09-21 23:08:51,722 - WARNING - 剪切板中不包含图片
2025-09-21 23:08:58,842 - INFO - 检测到 Ctrl+C
2025-09-21 23:08:58,842 - WARNING - 剪切板中不包含图片
2025-09-21 23:09:18,901 - INFO - 检测到 Ctrl+C
2025-09-21 23:09:18,901 - WARNING - 剪切板中不包含图片
2025-09-21 23:10:20,190 - INFO - 检测到 Ctrl+C
2025-09-21 23:10:20,190 - WARNING - 剪切板中不包含图片
2025-09-21 23:10:36,940 - INFO - 检测到 Ctrl+C
2025-09-21 23:10:36,940 - WARNING - 剪切板中不包含图片
2025-09-21 23:12:10,833 - INFO - 检测到 Ctrl+C
2025-09-21 23:12:10,833 - WARNING - 剪切板中不包含图片
2025-09-21 23:16:18,026 - INFO - 检测到 Ctrl+C
2025-09-21 23:16:18,026 - WARNING - 剪切板中不包含图片
2025-09-21 23:18:03,954 - INFO - 检测到 Ctrl+C
2025-09-21 23:18:03,954 - WARNING - 剪切板中不包含图片
2025-09-21 23:27:43,366 - INFO - 检测到 Ctrl+C
2025-09-21 23:27:43,366 - WARNING - 剪切板中不包含图片
2025-09-21 23:30:10,202 - INFO - 检测到 Ctrl+C
2025-09-21 23:30:10,202 - WARNING - 剪切板中不包含图片
2025-09-21 23:30:17,925 - INFO - 检测到 Ctrl+C
2025-09-21 23:30:17,925 - WARNING - 剪切板中不包含图片
2025-09-21 23:31:27,336 - INFO - 检测到 Ctrl+C
2025-09-21 23:31:27,336 - WARNING - 剪切板中不包含图片
2025-09-21 23:32:43,570 - INFO - 检测到 Ctrl+C
2025-09-21 23:32:44,077 - WARNING - 剪切板中不包含图片
2025-09-21 23:32:51,599 - INFO - 检测到 Ctrl+C
2025-09-21 23:32:51,599 - WARNING - 剪切板中不包含图片
2025-09-21 23:33:03,235 - INFO - 检测到 Ctrl+C
2025-09-21 23:33:03,235 - WARNING - 剪切板中不包含图片
2025-09-21 23:34:04,021 - INFO - 检测到 Ctrl+C
2025-09-21 23:34:04,022 - WARNING - 剪切板中不包含图片
2025-09-21 23:34:32,011 - INFO - 检测到 Ctrl+C
2025-09-21 23:34:32,011 - WARNING - 剪切板中不包含图片
2025-09-21 23:35:41,626 - INFO - 检测到 Ctrl+C
2025-09-21 23:35:41,626 - WARNING - 剪切板中不包含图片
2025-09-21 23:36:23,353 - INFO - 检测到 Ctrl+C
2025-09-21 23:36:23,353 - WARNING - 剪切板中不包含图片
2025-09-21 23:36:41,108 - INFO - 检测到 Ctrl+C
2025-09-21 23:36:41,108 - WARNING - 剪切板中不包含图片
2025-09-21 23:50:15,036 - INFO - 检测到 Ctrl+C
2025-09-21 23:50:15,037 - WARNING - 剪切板中不包含图片
2025-09-21 23:50:42,518 - INFO - 检测到 Ctrl+C
2025-09-21 23:50:42,518 - WARNING - 剪切板中不包含图片
2025-09-21 23:51:15,616 - INFO - 检测到 Ctrl+C
2025-09-21 23:51:15,616 - WARNING - 剪切板中不包含图片
2025-09-21 23:51:40,443 - INFO - 检测到 Ctrl+C
2025-09-21 23:51:40,444 - WARNING - 剪切板中不包含图片
2025-09-21 23:55:08,675 - INFO - 检测到 Ctrl+C
2025-09-21 23:55:08,675 - WARNING - 剪切板中不包含图片
2025-09-21 23:57:49,141 - INFO - 检测到 Ctrl+C
2025-09-21 23:57:49,141 - WARNING - 剪切板中不包含图片
2025-09-22 00:02:28,174 - INFO - 检测到 Ctrl+C
2025-09-22 00:02:28,174 - WARNING - 剪切板中不包含图片
2025-09-22 00:02:34,702 - INFO - 检测到 Ctrl+C
2025-09-22 00:02:34,702 - WARNING - 剪切板中不包含图片
2025-09-22 00:02:43,428 - INFO - 检测到 Ctrl+C
2025-09-22 00:02:43,428 - WARNING - 剪切板中不包含图片
2025-09-22 00:08:48,313 - INFO - 检测到 Ctrl+C
2025-09-22 00:08:48,313 - WARNING - 剪切板中不包含图片
2025-09-22 12:13:58,758 - INFO - OCR 服务已启动
2025-09-22 12:14:06,380 - INFO - 检测到 Ctrl+C
2025-09-22 12:14:06,389 - INFO - 剪切板中的图片已经保存
2025-09-22 12:14:06,389 - INFO - OCR识别任务已提交
2025-09-22 12:14:06,446 - INFO - 识别成功，img_path: D:\2\WechatOCR\dist\img\~~~ocr.png, result_file: json\~~~ocr.png.json
2025-09-22 12:14:07,390 - INFO - 文本已保存到 text_save.txt
2025-09-22 12:14:07,423 - INFO - 已将文件内容复制到剪贴板。
2025-09-22 12:14:38,519 - INFO - 检测到 Ctrl+C
2025-09-22 12:14:38,519 - WARNING - 剪切板中不包含图片
2025-09-22 12:51:39,015 - INFO - 检测到 Ctrl+C
2025-09-22 12:51:39,015 - WARNING - 剪切板中不包含图片
2025-09-22 12:56:07,662 - INFO - OCR 服务已启动
2025-09-22 12:56:10,367 - INFO - 检测到 Ctrl+C
2025-09-22 12:56:10,368 - INFO - 检测到 Ctrl+C
2025-09-22 12:56:10,370 - INFO - 剪切板中的图片已经保存
2025-09-22 12:56:10,372 - INFO - OCR识别任务已提交
2025-09-22 12:56:10,377 - INFO - 剪切板中的图片已经保存
2025-09-22 12:56:10,377 - INFO - OCR识别任务已提交
2025-09-22 12:56:10,413 - INFO - 识别成功，img_path: D:\2\WechatOCR\dist\img\~~~ocr.png, result_file: json\~~~ocr.png.json
2025-09-22 12:56:10,413 - INFO - 识别成功，img_path: D:\2\WechatOCR\dist\img\~~~ocr.png, result_file: json\~~~ocr.png.json
2025-09-22 12:56:11,373 - INFO - 文本已保存到 text_save.txt
2025-09-22 12:56:11,379 - INFO - 已将文件内容复制到剪贴板。
2025-09-22 12:56:11,379 - INFO - 文本已保存到 text_save.txt
2025-09-22 12:56:11,411 - INFO - 已将文件内容复制到剪贴板。
2025-09-22 13:49:44,326 - INFO - 检测到 Ctrl+C
2025-09-22 13:49:44,328 - WARNING - 剪切板中不包含图片
2025-09-22 13:49:44,326 - INFO - 检测到 Ctrl+C
2025-09-22 13:49:44,331 - WARNING - 剪切板中不包含图片
2025-09-22 13:49:54,358 - INFO - 检测到 Ctrl+C
2025-09-22 13:49:54,358 - WARNING - 剪切板中不包含图片
2025-09-22 13:54:45,543 - INFO - 检测到 Ctrl+C
2025-09-22 13:54:45,543 - INFO - 检测到 Ctrl+C
2025-09-22 13:54:45,578 - INFO - 剪切板中的图片已经保存
2025-09-22 13:54:45,578 - INFO - 剪切板中的图片已经保存
2025-09-22 13:54:45,581 - INFO - OCR识别任务已提交
2025-09-22 13:54:45,582 - INFO - OCR识别任务已提交
2025-09-22 13:54:45,848 - INFO - 识别成功，img_path: D:\2\WechatOCR\dist\img\~~~ocr.png, result_file: json\~~~ocr.png.json
2025-09-22 13:54:45,848 - INFO - 识别成功，img_path: D:\2\WechatOCR\dist\img\~~~ocr.png, result_file: json\~~~ocr.png.json
2025-09-22 13:54:46,582 - INFO - 文本已保存到 text_save.txt
2025-09-22 13:54:46,583 - INFO - 文本已保存到 text_save.txt
2025-09-22 13:54:46,591 - INFO - 已将文件内容复制到剪贴板。
2025-09-22 13:54:46,602 - INFO - 已将文件内容复制到剪贴板。
2025-09-22 14:04:28,686 - INFO - 检测到 Ctrl+C
2025-09-22 14:04:28,686 - WARNING - 剪切板中不包含图片
2025-09-22 14:06:40,993 - INFO - 检测到 Ctrl+C
2025-09-22 14:06:40,993 - WARNING - 剪切板中不包含图片
2025-09-22 14:06:40,993 - WARNING - 剪切板中不包含图片
2025-09-22 14:10:07,719 - INFO - 检测到 Esc，准备退出
2025-09-22 14:10:07,721 - INFO - OCR 服务已关闭
2025-09-22 14:10:07,721 - INFO - 程序退出
2025-09-22 14:10:07,721 - INFO - OCR 服务已关闭
2025-09-22 14:10:07,721 - INFO - 程序退出
2025-09-22 16:48:05,844 - INFO - OCR 服务已启动
2025-09-22 16:48:08,152 - INFO - 检测到 Ctrl+C
2025-09-22 16:48:08,163 - INFO - 剪切板中的图片已经保存
2025-09-22 16:48:08,163 - INFO - OCR识别任务已提交
2025-09-22 16:48:08,196 - INFO - 识别成功，img_path: D:\2\WechatOCR\dist\img\~~~ocr.png, result_file: json\~~~ocr.png.json
2025-09-22 16:48:09,164 - INFO - 文本已保存到 text_save.txt
2025-09-22 16:48:09,195 - INFO - 已将文件内容复制到剪贴板。
2025-09-22 16:49:31,729 - INFO - 检测到 Ctrl+C
2025-09-22 16:49:31,729 - WARNING - 剪切板中不包含图片
2025-09-22 16:56:57,444 - INFO - 检测到 Ctrl+C
2025-09-22 16:56:57,444 - WARNING - 剪切板中不包含图片
2025-09-22 16:58:33,224 - INFO - 检测到 Ctrl+C
2025-09-22 16:58:33,224 - WARNING - 剪切板中不包含图片
2025-09-22 17:07:27,499 - INFO - 检测到 Ctrl+C
2025-09-22 17:07:27,499 - WARNING - 剪切板中不包含图片
2025-09-22 18:20:06,101 - INFO - 检测到 Ctrl+C
2025-09-22 18:20:06,102 - WARNING - 剪切板中不包含图片
2025-09-22 18:25:57,459 - INFO - 检测到 Ctrl+C
2025-09-22 18:25:57,459 - WARNING - 剪切板中不包含图片
2025-09-22 18:29:18,676 - INFO - 检测到 Ctrl+C
2025-09-22 18:29:18,676 - WARNING - 剪切板中不包含图片
2025-09-22 18:34:25,177 - INFO - 检测到 Ctrl+C
2025-09-22 18:34:25,177 - WARNING - 剪切板中不包含图片
2025-09-22 18:34:32,098 - INFO - 检测到 Ctrl+C
2025-09-22 18:34:32,098 - WARNING - 剪切板中不包含图片
2025-09-22 18:34:38,215 - INFO - 检测到 Ctrl+C
2025-09-22 18:34:38,215 - WARNING - 剪切板中不包含图片
2025-09-22 18:36:13,790 - INFO - 检测到 Ctrl+C
2025-09-22 18:36:13,790 - WARNING - 剪切板中不包含图片
2025-09-22 18:36:29,032 - INFO - 检测到 Ctrl+C
2025-09-22 18:36:29,032 - WARNING - 剪切板中不包含图片
2025-09-22 18:37:13,462 - INFO - 检测到 Ctrl+C
2025-09-22 18:37:13,462 - WARNING - 剪切板中不包含图片
2025-09-22 19:10:18,976 - INFO - 检测到 Ctrl+C
2025-09-22 19:10:18,976 - WARNING - 剪切板中不包含图片
2025-09-22 19:10:34,422 - INFO - 检测到 Ctrl+C
2025-09-22 19:10:34,422 - WARNING - 剪切板中不包含图片
2025-09-22 19:34:26,926 - INFO - 检测到 Ctrl+C
2025-09-22 19:34:26,926 - WARNING - 剪切板中不包含图片
2025-09-22 19:37:44,718 - INFO - 检测到 Ctrl+C
2025-09-22 19:37:44,718 - WARNING - 剪切板中不包含图片
2025-09-22 19:50:42,492 - INFO - 检测到 Ctrl+C
2025-09-22 19:50:42,492 - WARNING - 剪切板中不包含图片
2025-09-22 19:51:01,445 - INFO - 检测到 Ctrl+C
2025-09-22 19:51:01,445 - WARNING - 剪切板中不包含图片
2025-09-22 19:51:05,357 - INFO - 检测到 Ctrl+C
2025-09-22 19:51:05,357 - WARNING - 剪切板中不包含图片
2025-09-22 19:52:53,279 - INFO - 检测到 Ctrl+C
2025-09-22 19:52:53,279 - WARNING - 剪切板中不包含图片
2025-09-22 19:57:33,291 - INFO - 检测到 Ctrl+C
2025-09-22 19:57:33,291 - WARNING - 剪切板中不包含图片
2025-09-22 19:57:50,040 - INFO - 检测到 Ctrl+C
2025-09-22 19:57:50,040 - WARNING - 剪切板中不包含图片
2025-09-22 20:16:14,164 - INFO - 检测到 Ctrl+C
2025-09-22 20:16:14,164 - WARNING - 剪切板中不包含图片
2025-09-22 20:24:12,752 - INFO - 检测到 Ctrl+C
2025-09-22 20:24:12,752 - WARNING - 剪切板中不包含图片
2025-09-22 20:37:24,213 - INFO - 检测到 Ctrl+C
2025-09-22 20:37:24,213 - WARNING - 剪切板中不包含图片
2025-09-22 20:45:21,156 - INFO - 检测到 Ctrl+C
2025-09-22 20:45:21,156 - WARNING - 剪切板中不包含图片
2025-09-22 20:56:03,150 - INFO - 检测到 Ctrl+C
2025-09-22 20:56:03,150 - WARNING - 剪切板中不包含图片
2025-09-22 21:01:06,795 - INFO - 检测到 Ctrl+C
2025-09-22 21:01:06,795 - WARNING - 剪切板中不包含图片
2025-09-22 21:05:06,549 - INFO - 检测到 Ctrl+C
2025-09-22 21:05:06,549 - WARNING - 剪切板中不包含图片
2025-09-22 21:12:08,642 - INFO - 检测到 Ctrl+C
2025-09-22 21:12:08,642 - WARNING - 剪切板中不包含图片
2025-09-22 21:22:13,563 - INFO - 检测到 Ctrl+C
2025-09-22 21:22:13,563 - WARNING - 剪切板中不包含图片
2025-09-22 21:23:42,330 - INFO - 检测到 Ctrl+C
2025-09-22 21:23:42,330 - WARNING - 剪切板中不包含图片
2025-09-22 21:23:44,937 - INFO - 检测到 Ctrl+C
2025-09-22 21:23:44,937 - WARNING - 剪切板中不包含图片
2025-09-22 21:23:47,946 - INFO - 检测到 Ctrl+C
2025-09-22 21:23:47,946 - WARNING - 剪切板中不包含图片
2025-09-22 21:25:00,461 - INFO - 检测到 Ctrl+C
2025-09-22 21:25:00,461 - WARNING - 剪切板中不包含图片
2025-09-22 21:26:26,919 - INFO - 检测到 Ctrl+C
2025-09-22 21:26:26,919 - WARNING - 剪切板中不包含图片
2025-09-22 21:57:35,152 - INFO - 检测到 Ctrl+C
2025-09-22 21:57:35,152 - WARNING - 剪切板中不包含图片
2025-09-22 21:57:38,362 - INFO - 检测到 Ctrl+C
2025-09-22 21:57:38,362 - WARNING - 剪切板中不包含图片
2025-09-22 21:59:11,847 - INFO - 检测到 Ctrl+C
2025-09-22 21:59:11,847 - WARNING - 剪切板中不包含图片
2025-09-22 22:07:22,338 - INFO - 检测到 Ctrl+C
2025-09-22 22:07:22,338 - WARNING - 剪切板中不包含图片
2025-09-22 22:13:10,681 - INFO - 检测到 Ctrl+C
2025-09-22 22:13:10,681 - WARNING - 剪切板中不包含图片
2025-09-22 22:18:50,313 - INFO - 检测到 Ctrl+C
2025-09-22 22:18:50,313 - WARNING - 剪切板中不包含图片
2025-09-22 22:18:56,332 - INFO - 检测到 Ctrl+C
2025-09-22 22:18:56,332 - WARNING - 剪切板中不包含图片
2025-09-22 22:19:56,420 - INFO - 检测到 Ctrl+C
2025-09-22 22:19:56,420 - WARNING - 剪切板中不包含图片
2025-09-22 22:20:57,305 - INFO - 检测到 Ctrl+C
2025-09-22 22:20:57,305 - WARNING - 剪切板中不包含图片
2025-09-22 22:46:10,518 - INFO - 检测到 Ctrl+C
2025-09-22 22:46:10,518 - WARNING - 剪切板中不包含图片
2025-09-22 22:56:56,615 - INFO - 检测到 Ctrl+C
2025-09-22 22:56:56,615 - WARNING - 剪切板中不包含图片
2025-09-22 22:59:18,121 - INFO - 检测到 Esc，准备退出
2025-09-22 22:59:18,125 - INFO - OCR 服务已关闭
2025-09-22 22:59:18,125 - INFO - 程序退出
2025-09-22 23:19:12,111 - INFO - OCR 服务已启动
2025-09-22 23:19:13,618 - INFO - 检测到 Ctrl+C
2025-09-22 23:19:13,630 - INFO - 剪切板中的图片已经保存
2025-09-22 23:19:13,630 - INFO - OCR识别任务已提交
2025-09-22 23:19:13,755 - INFO - 识别成功，img_path: D:\2\WechatOCR\dist\img\~~~ocr.png, result_file: json\~~~ocr.png.json
2025-09-22 23:19:14,631 - INFO - 文本已保存到 text_save.txt
2025-09-22 23:19:14,663 - INFO - 已将文件内容复制到剪贴板。
2025-09-22 23:28:19,710 - INFO - 检测到 Ctrl+C
2025-09-22 23:28:19,710 - WARNING - 剪切板中不包含图片
2025-09-22 23:28:25,727 - INFO - 检测到 Ctrl+C
2025-09-22 23:28:25,727 - WARNING - 剪切板中不包含图片
2025-09-22 23:56:24,420 - INFO - 检测到 Ctrl+C
2025-09-22 23:56:24,420 - WARNING - 剪切板中不包含图片
2025-09-22 23:59:09,722 - INFO - 检测到 Ctrl+C
2025-09-22 23:59:09,722 - WARNING - 剪切板中不包含图片
2025-09-23 00:10:32,316 - INFO - 检测到 Ctrl+C
2025-09-23 00:10:32,316 - WARNING - 剪切板中不包含图片
2025-09-23 00:13:57,347 - INFO - 检测到 Ctrl+C
2025-09-23 00:13:57,347 - WARNING - 剪切板中不包含图片
2025-09-23 00:17:29,098 - INFO - 检测到 Ctrl+C
2025-09-23 00:17:29,098 - WARNING - 剪切板中不包含图片
2025-09-23 00:18:03,300 - INFO - 检测到 Ctrl+C
2025-09-23 00:18:03,300 - WARNING - 剪切板中不包含图片
2025-09-23 00:26:52,278 - INFO - 检测到 Ctrl+C
2025-09-23 00:26:52,278 - WARNING - 剪切板中不包含图片
2025-09-23 00:40:43,567 - INFO - 检测到 Esc，准备退出
2025-09-23 00:40:43,571 - INFO - OCR 服务已关闭
2025-09-23 00:40:43,571 - INFO - 程序退出
2025-09-24 18:35:24,872 - INFO - OCR 服务已启动
2025-09-24 18:35:30,190 - INFO - 检测到 Ctrl+C
2025-09-24 18:35:30,198 - INFO - 剪切板中的图片已经保存
2025-09-24 18:35:30,200 - INFO - OCR识别任务已提交
2025-09-24 18:35:30,250 - INFO - 识别成功，img_path: D:\2\WechatOCR\dist\img\~~~ocr.png, result_file: json\~~~ocr.png.json
2025-09-24 18:35:31,200 - INFO - 文本已保存到 text_save.txt
2025-09-24 18:35:31,234 - INFO - 已将文件内容复制到剪贴板。
2025-09-24 18:38:11,709 - INFO - 检测到 Ctrl+C
2025-09-24 18:38:11,710 - WARNING - 剪切板中不包含图片
2025-09-24 18:42:31,787 - INFO - 检测到 Ctrl+C
2025-09-24 18:42:31,787 - WARNING - 剪切板中不包含图片
2025-09-24 18:46:22,578 - INFO - 检测到 Ctrl+C
2025-09-24 18:46:22,578 - WARNING - 剪切板中不包含图片
2025-09-24 18:46:54,569 - INFO - 检测到 Ctrl+C
2025-09-24 18:46:54,569 - WARNING - 剪切板中不包含图片
2025-09-24 18:48:08,188 - INFO - 检测到 Ctrl+C
2025-09-24 18:48:08,188 - WARNING - 剪切板中不包含图片
2025-09-24 18:48:09,289 - INFO - 检测到 Ctrl+C
2025-09-24 18:48:09,289 - WARNING - 剪切板中不包含图片
2025-09-24 18:49:44,572 - INFO - 检测到 Ctrl+C
2025-09-24 18:49:44,572 - WARNING - 剪切板中不包含图片
2025-09-24 18:52:24,146 - INFO - 检测到 Ctrl+C
2025-09-24 18:52:24,146 - WARNING - 剪切板中不包含图片
2025-09-24 18:53:50,701 - INFO - 检测到 Ctrl+C
2025-09-24 18:53:50,701 - WARNING - 剪切板中不包含图片
2025-09-24 18:56:39,202 - INFO - 检测到 Ctrl+C
2025-09-24 18:56:39,202 - WARNING - 剪切板中不包含图片
2025-09-24 19:12:41,874 - INFO - 检测到 Ctrl+C
2025-09-24 19:12:41,874 - WARNING - 剪切板中不包含图片
2025-09-24 19:14:47,446 - INFO - 检测到 Ctrl+C
2025-09-24 19:14:47,446 - WARNING - 剪切板中不包含图片
2025-09-24 19:16:26,744 - INFO - 检测到 Ctrl+C
2025-09-24 19:16:26,744 - WARNING - 剪切板中不包含图片
2025-09-24 19:23:07,931 - INFO - 检测到 Ctrl+C
2025-09-24 19:23:07,931 - WARNING - 剪切板中不包含图片
2025-09-24 19:25:00,173 - INFO - 检测到 Ctrl+C
2025-09-24 19:25:00,173 - WARNING - 剪切板中不包含图片
2025-09-24 19:26:27,431 - INFO - 检测到 Ctrl+C
2025-09-24 19:26:27,431 - WARNING - 剪切板中不包含图片
2025-09-24 19:27:52,479 - INFO - 检测到 Ctrl+C
2025-09-24 19:27:52,479 - WARNING - 剪切板中不包含图片
2025-09-24 19:43:09,330 - INFO - 检测到 Ctrl+C
2025-09-24 19:43:09,330 - WARNING - 剪切板中不包含图片
2025-09-24 19:43:30,395 - INFO - 检测到 Ctrl+C
2025-09-24 19:43:30,395 - WARNING - 剪切板中不包含图片
2025-09-24 19:45:05,182 - INFO - 检测到 Ctrl+C
2025-09-24 19:45:05,182 - WARNING - 剪切板中不包含图片
2025-09-24 19:45:40,887 - INFO - 检测到 Ctrl+C
2025-09-24 19:45:40,887 - WARNING - 剪切板中不包含图片
2025-09-24 19:49:27,766 - INFO - 检测到 Ctrl+C
2025-09-24 19:49:27,766 - WARNING - 剪切板中不包含图片
2025-09-24 20:02:27,804 - INFO - 检测到 Ctrl+C
2025-09-24 20:02:27,806 - WARNING - 剪切板中不包含图片
2025-09-24 20:06:50,790 - INFO - 检测到 Ctrl+C
2025-09-24 20:06:50,803 - ERROR - 保存剪切板图片失败
Traceback (most recent call last):
  File "main.py", line 22, in save_clipboard_pic
AttributeError: 'list' object has no attribute 'save'
2025-09-24 20:13:50,498 - INFO - 检测到 Ctrl+C
2025-09-24 20:13:50,498 - WARNING - 剪切板中不包含图片
2025-09-24 20:21:28,789 - INFO - 检测到 Ctrl+C
2025-09-24 20:21:28,796 - INFO - 剪切板中的图片已经保存
2025-09-24 20:21:28,801 - INFO - OCR识别任务已提交
2025-09-24 20:21:28,867 - INFO - 识别成功，img_path: D:\2\WechatOCR\dist\img\~~~ocr.png, result_file: json\~~~ocr.png.json
2025-09-24 20:21:29,801 - INFO - 文本已保存到 text_save.txt
2025-09-24 20:21:29,810 - INFO - 已将文件内容复制到剪贴板。
2025-09-24 20:28:48,330 - INFO - 检测到 Ctrl+C
2025-09-24 20:28:48,330 - WARNING - 剪切板中不包含图片
2025-09-24 20:34:06,303 - INFO - 检测到 Ctrl+C
2025-09-24 20:34:06,303 - WARNING - 剪切板中不包含图片
2025-09-24 20:41:12,038 - INFO - 检测到 Ctrl+C
2025-09-24 20:41:12,038 - WARNING - 剪切板中不包含图片
2025-09-24 20:43:18,425 - INFO - 检测到 Esc，准备退出
2025-09-24 20:43:18,427 - INFO - OCR 服务已关闭
2025-09-24 20:43:18,427 - INFO - 程序退出
2025-09-24 21:13:33,699 - INFO - OCR 服务已启动
2025-09-24 21:13:35,504 - INFO - 检测到 Ctrl+C
2025-09-24 21:13:35,515 - INFO - 剪切板中的图片已经保存
2025-09-24 21:13:35,515 - INFO - OCR识别任务已提交
2025-09-24 21:13:35,553 - INFO - 识别成功，img_path: D:\2\WechatOCR\dist\img\~~~ocr.png, result_file: json\~~~ocr.png.json
2025-09-24 21:13:36,516 - INFO - 文本已保存到 text_save.txt
2025-09-24 21:13:36,548 - INFO - 已将文件内容复制到剪贴板。
2025-09-24 21:19:27,423 - INFO - 检测到 Ctrl+C
2025-09-24 21:19:27,423 - WARNING - 剪切板中不包含图片
2025-09-24 21:19:36,553 - INFO - 检测到 Ctrl+C
2025-09-24 21:19:36,553 - WARNING - 剪切板中不包含图片
2025-09-24 21:21:25,190 - INFO - 检测到 Ctrl+C
2025-09-24 21:21:25,190 - WARNING - 剪切板中不包含图片
2025-09-24 21:25:14,994 - INFO - 检测到 Ctrl+C
2025-09-24 21:25:14,994 - WARNING - 剪切板中不包含图片
2025-09-24 21:26:59,912 - INFO - 检测到 Ctrl+C
2025-09-24 21:26:59,913 - WARNING - 剪切板中不包含图片
2025-09-24 21:30:09,098 - INFO - 检测到 Ctrl+C
2025-09-24 21:30:09,098 - WARNING - 剪切板中不包含图片
2025-09-24 21:39:48,675 - INFO - 检测到 Ctrl+C
2025-09-24 21:39:48,675 - WARNING - 剪切板中不包含图片
2025-09-24 21:43:16,816 - INFO - 检测到 Ctrl+C
2025-09-24 21:43:16,816 - WARNING - 剪切板中不包含图片
2025-09-24 21:52:33,150 - INFO - 检测到 Ctrl+C
2025-09-24 21:52:33,150 - WARNING - 剪切板中不包含图片
2025-09-24 21:53:57,211 - INFO - 检测到 Ctrl+C
2025-09-24 21:53:57,211 - WARNING - 剪切板中不包含图片
2025-09-24 22:06:30,634 - INFO - 检测到 Esc，准备退出
2025-09-24 22:06:30,636 - INFO - OCR 服务已关闭
2025-09-24 22:06:30,636 - INFO - 程序退出
2025-09-26 10:23:57,076 - INFO - OCR 服务已启动
2025-09-26 10:24:02,712 - INFO - 检测到 Ctrl+C
2025-09-26 10:24:02,721 - INFO - 剪切板中的图片已经保存
2025-09-26 10:24:02,722 - INFO - OCR识别任务已提交
2025-09-26 10:24:02,786 - INFO - 识别成功，img_path: D:\2\WechatOCR\dist\img\~~~ocr.png, result_file: json\~~~ocr.png.json
2025-09-26 10:24:03,723 - INFO - 文本已保存到 text_save.txt
2025-09-26 10:24:03,767 - INFO - 已将文件内容复制到剪贴板。
2025-09-26 10:27:05,210 - INFO - 检测到 Ctrl+C
2025-09-26 10:27:05,210 - WARNING - 剪切板中不包含图片
2025-09-26 10:34:52,801 - INFO - 检测到 Ctrl+C
2025-09-26 10:34:52,801 - WARNING - 剪切板中不包含图片
2025-09-26 10:35:32,419 - INFO - 检测到 Ctrl+C
2025-09-26 10:35:32,419 - WARNING - 剪切板中不包含图片
2025-09-26 10:41:43,227 - INFO - 检测到 Ctrl+C
2025-09-26 10:41:43,227 - WARNING - 剪切板中不包含图片
2025-09-26 10:47:50,423 - INFO - 检测到 Ctrl+C
2025-09-26 10:47:50,423 - WARNING - 剪切板中不包含图片
2025-09-26 10:57:49,806 - INFO - 检测到 Ctrl+C
2025-09-26 10:57:49,806 - WARNING - 剪切板中不包含图片
2025-09-26 11:03:42,271 - INFO - 检测到 Ctrl+C
2025-09-26 11:03:42,271 - WARNING - 剪切板中不包含图片
2025-09-26 11:10:10,712 - INFO - 检测到 Ctrl+C
2025-09-26 11:10:10,712 - WARNING - 剪切板中不包含图片
2025-09-26 11:11:56,120 - INFO - 检测到 Esc，准备退出
2025-09-26 11:11:56,122 - INFO - OCR 服务已关闭
2025-09-26 11:11:56,124 - INFO - 程序退出
2025-09-26 12:01:30,139 - INFO - OCR 服务已启动
2025-09-26 12:01:34,152 - INFO - 检测到 Ctrl+C
2025-09-26 12:01:34,169 - INFO - 剪切板中的图片已经保存
2025-09-26 12:01:34,169 - INFO - OCR识别任务已提交
2025-09-26 12:01:34,208 - INFO - 识别成功，img_path: D:\2\WechatOCR\dist\img\~~~ocr.png, result_file: json\~~~ocr.png.json
2025-09-26 12:01:35,170 - INFO - 文本已保存到 text_save.txt
2025-09-26 12:01:35,204 - INFO - 已将文件内容复制到剪贴板。
2025-09-26 12:04:14,176 - INFO - 检测到 Ctrl+C
2025-09-26 12:04:14,176 - WARNING - 剪切板中不包含图片
2025-09-26 12:16:37,395 - INFO - 检测到 Esc，准备退出
2025-09-26 12:16:37,395 - INFO - OCR 服务已关闭
2025-09-26 12:16:37,395 - INFO - 程序退出
2025-09-28 00:32:37,196 - INFO - OCR 服务已启动
2025-09-28 00:32:42,313 - INFO - 检测到 Ctrl+C
2025-09-28 00:32:42,328 - INFO - 剪切板中的图片已经保存
2025-09-28 00:32:42,328 - INFO - OCR识别任务已提交
2025-09-28 00:32:42,374 - INFO - 识别成功，img_path: D:\2\WechatOCR\dist\img\~~~ocr.png, result_file: json\~~~ocr.png.json
2025-09-28 00:32:43,330 - INFO - 文本已保存到 text_save.txt
2025-09-28 00:32:43,362 - INFO - 已将文件内容复制到剪贴板。
2025-09-28 00:33:53,973 - INFO - 检测到 Ctrl+C
2025-09-28 00:33:53,973 - WARNING - 剪切板中不包含图片
2025-09-28 00:40:14,014 - INFO - 检测到 Ctrl+C
2025-09-28 00:40:14,014 - WARNING - 剪切板中不包含图片
2025-09-28 00:50:27,674 - INFO - 检测到 Ctrl+C
2025-09-28 00:50:27,674 - WARNING - 剪切板中不包含图片
2025-09-28 16:50:37,561 - INFO - OCR 服务已启动
2025-09-28 16:50:58,689 - INFO - OCR 服务已启动
2025-09-28 16:51:05,214 - INFO - 检测到 Ctrl+C
2025-09-28 16:51:05,224 - INFO - 剪切板中的图片已经保存
2025-09-28 16:51:05,224 - INFO - OCR识别任务已提交
2025-09-28 16:51:05,241 - INFO - 检测到 Ctrl+C
2025-09-28 16:51:05,253 - INFO - 剪切板中的图片已经保存
2025-09-28 16:51:05,253 - INFO - OCR识别任务已提交
2025-09-28 16:51:05,309 - INFO - 识别成功，img_path: D:\2\WechatOCR\dist\img\~~~ocr.png, result_file: json\~~~ocr.png.json
2025-09-28 16:51:05,337 - INFO - 识别成功，img_path: D:\2\WechatOCR\dist\img\~~~ocr.png, result_file: json\~~~ocr.png.json
2025-09-28 16:51:06,226 - INFO - 文本已保存到 text_save.txt
2025-09-28 16:51:06,253 - INFO - 文本已保存到 text_save.txt
2025-09-28 16:51:06,259 - INFO - 已将文件内容复制到剪贴板。
2025-09-28 16:51:06,289 - INFO - 已将文件内容复制到剪贴板。
2025-09-28 16:56:55,430 - INFO - 检测到 Ctrl+C
2025-09-28 16:56:55,430 - WARNING - 剪切板中不包含图片
2025-09-28 17:00:27,993 - INFO - 检测到 Ctrl+C
2025-09-28 17:00:27,993 - INFO - 检测到 Ctrl+C
2025-09-28 17:00:27,993 - WARNING - 剪切板中不包含图片
2025-09-28 17:00:27,993 - WARNING - 剪切板中不包含图片
2025-09-28 17:00:34,713 - INFO - 检测到 Ctrl+C
2025-09-28 17:00:34,713 - WARNING - 剪切板中不包含图片
2025-09-28 17:00:34,713 - WARNING - 剪切板中不包含图片
2025-09-28 17:04:56,917 - INFO - 检测到 Ctrl+C
2025-09-28 17:04:56,917 - WARNING - 剪切板中不包含图片
2025-09-28 17:07:37,318 - INFO - 检测到 Ctrl+C
2025-09-28 17:07:37,318 - WARNING - 剪切板中不包含图片
2025-09-28 17:07:37,320 - INFO - 检测到 Ctrl+C
2025-09-28 17:07:37,320 - WARNING - 剪切板中不包含图片
2025-09-28 17:07:43,437 - INFO - 检测到 Ctrl+C
2025-09-28 17:07:43,437 - WARNING - 剪切板中不包含图片
2025-09-28 17:07:43,438 - INFO - 检测到 Ctrl+C
2025-09-28 17:07:43,438 - WARNING - 剪切板中不包含图片
2025-09-28 17:07:51,564 - INFO - 检测到 Ctrl+C
2025-09-28 17:07:51,564 - WARNING - 剪切板中不包含图片
2025-09-28 17:07:51,564 - WARNING - 剪切板中不包含图片
2025-09-28 17:07:58,184 - INFO - 检测到 Ctrl+C
2025-09-28 17:07:58,184 - WARNING - 剪切板中不包含图片
2025-09-28 17:07:58,184 - WARNING - 剪切板中不包含图片
2025-09-28 17:08:01,293 - INFO - 检测到 Ctrl+C
2025-09-28 17:08:01,293 - WARNING - 剪切板中不包含图片
2025-09-28 17:08:01,293 - WARNING - 剪切板中不包含图片
2025-09-28 17:08:51,450 - INFO - 检测到 Ctrl+C
2025-09-28 17:08:51,450 - WARNING - 剪切板中不包含图片
2025-09-28 17:08:51,450 - WARNING - 剪切板中不包含图片
2025-09-28 19:23:26,415 - INFO - 检测到 Ctrl+C
2025-09-28 19:23:26,416 - WARNING - 剪切板中不包含图片
2025-09-28 19:23:26,416 - WARNING - 剪切板中不包含图片
2025-09-28 19:26:17,017 - INFO - 检测到 Esc，准备退出
2025-09-28 19:26:17,018 - INFO - OCR 服务已关闭
2025-09-28 19:26:17,018 - INFO - 程序退出
2025-09-28 19:26:17,026 - INFO - 检测到 Esc，准备退出
2025-09-28 19:26:17,026 - INFO - OCR 服务已关闭
2025-09-28 19:26:17,026 - INFO - 程序退出
2025-09-28 22:36:05,583 - INFO - OCR 服务已启动
2025-09-28 22:36:45,305 - INFO - 检测到 Ctrl+C
2025-09-28 22:36:45,305 - WARNING - 剪切板中不包含图片
2025-09-28 22:39:07,015 - INFO - 检测到 Ctrl+C
2025-09-28 22:39:07,015 - WARNING - 剪切板中不包含图片
2025-09-28 22:41:13,291 - INFO - 检测到 Ctrl+C
2025-09-28 22:41:13,291 - WARNING - 剪切板中不包含图片
2025-09-28 22:44:13,805 - INFO - 检测到 Ctrl+C
2025-09-28 22:44:13,805 - WARNING - 剪切板中不包含图片
2025-09-28 22:46:04,333 - INFO - 检测到 Ctrl+C
2025-09-28 22:46:04,333 - WARNING - 剪切板中不包含图片
2025-09-28 22:50:07,660 - INFO - 检测到 Ctrl+C
2025-09-28 22:50:07,660 - WARNING - 剪切板中不包含图片
2025-09-28 22:58:34,462 - INFO - 检测到 Ctrl+C
2025-09-28 22:58:34,462 - WARNING - 剪切板中不包含图片
2025-09-28 23:02:21,544 - INFO - 检测到 Ctrl+C
2025-09-28 23:02:21,544 - WARNING - 剪切板中不包含图片
2025-09-28 23:05:25,694 - INFO - 检测到 Ctrl+C
2025-09-28 23:05:25,694 - WARNING - 剪切板中不包含图片
2025-09-28 23:05:40,139 - INFO - 检测到 Ctrl+C
2025-09-28 23:05:40,139 - WARNING - 剪切板中不包含图片
2025-09-28 23:06:40,926 - INFO - 检测到 Ctrl+C
2025-09-28 23:06:40,926 - WARNING - 剪切板中不包含图片
2025-09-28 23:10:51,258 - INFO - 检测到 Ctrl+C
2025-09-28 23:10:51,259 - WARNING - 剪切板中不包含图片
2025-09-28 23:11:10,113 - INFO - 检测到 Ctrl+C
2025-09-28 23:11:10,113 - WARNING - 剪切板中不包含图片
2025-09-28 23:11:24,355 - INFO - 检测到 Ctrl+C
2025-09-28 23:11:24,355 - WARNING - 剪切板中不包含图片
2025-09-28 23:12:09,998 - INFO - 检测到 Esc，准备退出
2025-09-28 23:12:10,001 - INFO - OCR 服务已关闭
2025-09-28 23:12:10,001 - INFO - 程序退出
2025-09-28 23:44:28,417 - INFO - OCR 服务已启动
2025-09-28 23:44:31,025 - INFO - 检测到 Ctrl+C
2025-09-28 23:44:31,038 - INFO - 剪切板中的图片已经保存
2025-09-28 23:44:31,039 - INFO - OCR识别任务已提交
2025-09-28 23:44:31,085 - INFO - 识别成功，img_path: D:\2\WechatOCR\dist\img\~~~ocr.png, result_file: json\~~~ocr.png.json
2025-09-28 23:44:32,041 - INFO - 文本已保存到 text_save.txt
2025-09-28 23:44:32,089 - INFO - 已将文件内容复制到剪贴板。
2025-09-28 23:44:39,109 - INFO - 检测到 Ctrl+C
2025-09-28 23:44:39,109 - WARNING - 剪切板中不包含图片
2025-09-28 23:45:03,981 - INFO - 检测到 Ctrl+C
2025-09-28 23:45:03,981 - WARNING - 剪切板中不包含图片
2025-09-28 23:45:25,745 - INFO - 检测到 Ctrl+C
2025-09-28 23:45:25,745 - WARNING - 剪切板中不包含图片
2025-09-28 23:46:28,728 - INFO - 检测到 Ctrl+C
2025-09-28 23:46:28,728 - WARNING - 剪切板中不包含图片
2025-09-28 23:46:34,846 - INFO - 检测到 Ctrl+C
2025-09-28 23:46:34,847 - WARNING - 剪切板中不包含图片
2025-09-28 23:50:54,534 - INFO - 检测到 Ctrl+C
2025-09-28 23:50:54,534 - WARNING - 剪切板中不包含图片
2025-09-28 23:53:44,528 - INFO - 检测到 Ctrl+C
2025-09-28 23:53:44,528 - WARNING - 剪切板中不包含图片
2025-09-28 23:59:19,731 - INFO - 检测到 Ctrl+C
2025-09-28 23:59:19,731 - WARNING - 剪切板中不包含图片
2025-09-29 00:01:30,924 - INFO - 检测到 Ctrl+C
2025-09-29 00:01:30,926 - INFO - 剪切板中的图片已经保存
2025-09-29 00:01:30,926 - INFO - OCR识别任务已提交
2025-09-29 00:01:30,970 - INFO - 识别成功，img_path: D:\2\WechatOCR\dist\img\~~~ocr.png, result_file: json\~~~ocr.png.json
2025-09-29 00:01:31,926 - INFO - 文本已保存到 text_save.txt
2025-09-29 00:01:31,933 - INFO - 已将文件内容复制到剪贴板。
2025-09-29 00:01:33,237 - INFO - 检测到 Ctrl+C
2025-09-29 00:01:33,237 - WARNING - 剪切板中不包含图片
2025-09-29 00:03:02,099 - INFO - 检测到 Ctrl+C
2025-09-29 00:03:02,099 - WARNING - 剪切板中不包含图片
2025-09-29 00:03:16,042 - INFO - 检测到 Ctrl+C
2025-09-29 00:03:16,042 - WARNING - 剪切板中不包含图片
2025-09-29 00:04:55,631 - INFO - 检测到 Ctrl+C
2025-09-29 00:04:55,631 - WARNING - 剪切板中不包含图片
2025-09-29 00:13:36,192 - INFO - 检测到 Ctrl+C
2025-09-29 00:13:36,192 - WARNING - 剪切板中不包含图片
2025-09-29 00:15:41,864 - INFO - 检测到 Ctrl+C
2025-09-29 00:15:41,864 - WARNING - 剪切板中不包含图片
2025-09-29 00:18:43,329 - INFO - 检测到 Ctrl+C
2025-09-29 00:18:43,329 - WARNING - 剪切板中不包含图片
2025-09-29 00:31:22,776 - INFO - 检测到 Ctrl+C
2025-09-29 00:31:22,776 - WARNING - 剪切板中不包含图片
2025-09-29 00:32:44,727 - INFO - 检测到 Ctrl+C
2025-09-29 00:32:44,727 - WARNING - 剪切板中不包含图片
2025-09-29 00:40:23,632 - INFO - 检测到 Ctrl+C
2025-09-29 00:40:23,632 - WARNING - 剪切板中不包含图片
2025-09-29 00:40:29,651 - INFO - 检测到 Ctrl+C
2025-09-29 00:40:29,651 - WARNING - 剪切板中不包含图片
2025-09-29 00:40:38,074 - INFO - 检测到 Ctrl+C
2025-09-29 00:40:38,074 - WARNING - 剪切板中不包含图片
2025-09-29 00:40:45,696 - INFO - 检测到 Ctrl+C
2025-09-29 00:40:45,696 - WARNING - 剪切板中不包含图片
2025-09-29 00:40:51,112 - INFO - 检测到 Ctrl+C
2025-09-29 00:40:51,112 - WARNING - 剪切板中不包含图片
2025-09-29 00:41:04,754 - INFO - 检测到 Ctrl+C
2025-09-29 00:41:04,754 - WARNING - 剪切板中不包含图片
2025-10-01 21:19:26,073 - INFO - OCR 服务已启动
2025-10-01 21:19:30,730 - INFO - OCR 服务已启动
2025-10-01 21:20:01,292 - INFO - 检测到 Ctrl+C
2025-10-01 21:20:01,307 - INFO - 剪切板中的图片已经保存
2025-10-01 21:20:01,307 - INFO - OCR识别任务已提交
2025-10-01 21:20:01,328 - INFO - 检测到 Ctrl+C
2025-10-01 21:20:01,343 - INFO - 剪切板中的图片已经保存
2025-10-01 21:20:01,344 - INFO - OCR识别任务已提交
2025-10-01 21:20:01,653 - INFO - 识别成功，img_path: D:\2\WechatOCR\dist\img\~~~ocr.png, result_file: json\~~~ocr.png.json
2025-10-01 21:20:01,691 - INFO - 识别成功，img_path: D:\2\WechatOCR\dist\img\~~~ocr.png, result_file: json\~~~ocr.png.json
2025-10-01 21:20:02,308 - INFO - 文本已保存到 text_save.txt
2025-10-01 21:20:02,345 - INFO - 文本已保存到 text_save.txt
2025-10-01 21:20:02,415 - INFO - 已将文件内容复制到剪贴板。
2025-10-01 21:20:02,429 - INFO - 已将文件内容复制到剪贴板。
2025-10-01 21:21:22,104 - INFO - 检测到 Ctrl+C
2025-10-01 21:21:22,105 - INFO - 剪切板中的图片已经保存
2025-10-01 21:21:22,105 - INFO - OCR识别任务已提交
2025-10-01 21:21:22,148 - INFO - 识别成功，img_path: D:\2\WechatOCR\dist\img\~~~ocr.png, result_file: json\~~~ocr.png.json
2025-10-01 21:21:22,163 - INFO - 检测到 Ctrl+C
2025-10-01 21:21:22,163 - INFO - 剪切板中的图片已经保存
2025-10-01 21:21:22,164 - INFO - OCR识别任务已提交
2025-10-01 21:21:22,207 - INFO - 识别成功，img_path: D:\2\WechatOCR\dist\img\~~~ocr.png, result_file: json\~~~ocr.png.json
2025-10-01 21:21:23,107 - INFO - 文本已保存到 text_save.txt
2025-10-01 21:21:23,118 - INFO - 已将文件内容复制到剪贴板。
2025-10-01 21:21:23,165 - INFO - 文本已保存到 text_save.txt
2025-10-01 21:21:23,182 - INFO - 已将文件内容复制到剪贴板。
2025-10-01 21:21:36,823 - INFO - 检测到 Ctrl+C
2025-10-01 21:21:36,823 - WARNING - 剪切板中不包含图片
2025-10-01 21:21:36,863 - INFO - 检测到 Ctrl+C
2025-10-01 21:21:36,863 - WARNING - 剪切板中不包含图片
2025-10-01 21:27:53,148 - INFO - 检测到 Ctrl+C
2025-10-01 21:27:53,150 - INFO - 剪切板中的图片已经保存
2025-10-01 21:27:53,150 - INFO - OCR识别任务已提交
2025-10-01 21:27:53,196 - INFO - 检测到 Ctrl+C
2025-10-01 21:27:53,197 - INFO - 剪切板中的图片已经保存
2025-10-01 21:27:53,198 - INFO - OCR识别任务已提交
2025-10-01 21:27:53,242 - INFO - 识别成功，img_path: D:\2\WechatOCR\dist\img\~~~ocr.png, result_file: json\~~~ocr.png.json
2025-10-01 21:27:53,287 - INFO - 识别成功，img_path: D:\2\WechatOCR\dist\img\~~~ocr.png, result_file: json\~~~ocr.png.json
2025-10-01 21:27:54,151 - INFO - 文本已保存到 text_save.txt
2025-10-01 21:27:54,175 - INFO - 已将文件内容复制到剪贴板。
2025-10-01 21:27:54,199 - INFO - 文本已保存到 text_save.txt
2025-10-01 21:27:54,223 - INFO - 已将文件内容复制到剪贴板。
2025-10-01 21:28:00,093 - INFO - 检测到 Ctrl+C
2025-10-01 21:28:00,093 - WARNING - 剪切板中不包含图片
2025-10-01 21:28:00,142 - INFO - 检测到 Ctrl+C
2025-10-01 21:28:00,142 - WARNING - 剪切板中不包含图片
2025-10-01 21:38:13,419 - INFO - 检测到 Ctrl+C
2025-10-01 21:38:13,419 - WARNING - 剪切板中不包含图片
2025-10-01 21:38:13,453 - INFO - 检测到 Ctrl+C
2025-10-01 21:38:13,453 - WARNING - 剪切板中不包含图片
2025-10-01 21:40:59,339 - INFO - 检测到 Ctrl+C
2025-10-01 21:40:59,339 - WARNING - 剪切板中不包含图片
2025-10-01 21:40:59,379 - INFO - 检测到 Ctrl+C
2025-10-01 21:40:59,379 - WARNING - 剪切板中不包含图片
2025-10-01 21:49:25,272 - INFO - 检测到 Ctrl+C
2025-10-01 21:49:25,272 - WARNING - 剪切板中不包含图片
2025-10-01 22:24:17,968 - INFO - 检测到 Ctrl+C
2025-10-01 22:24:17,968 - INFO - 检测到 Ctrl+C
2025-10-01 22:24:17,968 - WARNING - 剪切板中不包含图片
2025-10-01 22:24:17,968 - WARNING - 剪切板中不包含图片
2025-10-01 22:24:19,171 - INFO - 检测到 Ctrl+C
2025-10-01 22:24:19,171 - WARNING - 剪切板中不包含图片
2025-10-02 23:02:18,631 - INFO - OCR 服务已启动
2025-10-02 23:02:20,939 - INFO - 检测到 Ctrl+C
2025-10-02 23:02:20,956 - INFO - 剪切板中的图片已经保存
2025-10-02 23:02:20,956 - INFO - OCR识别任务已提交
2025-10-02 23:02:21,061 - INFO - 识别成功，img_path: D:\2\WechatOCR\dist\img\~~~ocr.png, result_file: json\~~~ocr.png.json
2025-10-02 23:02:21,957 - INFO - 文本已保存到 text_save.txt
2025-10-02 23:02:22,003 - INFO - 已将文件内容复制到剪贴板。
2025-10-02 23:03:35,327 - INFO - 检测到 Ctrl+C
2025-10-02 23:03:35,327 - WARNING - 剪切板中不包含图片
2025-10-02 23:18:15,918 - INFO - 检测到 Ctrl+C
2025-10-02 23:18:15,918 - WARNING - 剪切板中不包含图片
2025-10-02 23:24:19,820 - INFO - 检测到 Ctrl+C
2025-10-02 23:24:19,820 - WARNING - 剪切板中不包含图片
2025-10-02 23:42:13,955 - INFO - 检测到 Ctrl+C
2025-10-02 23:42:13,955 - WARNING - 剪切板中不包含图片
2025-10-02 23:42:48,156 - INFO - 检测到 Ctrl+C
2025-10-02 23:42:48,156 - WARNING - 剪切板中不包含图片
2025-10-02 23:43:25,568 - INFO - 检测到 Ctrl+C
2025-10-02 23:43:25,569 - WARNING - 剪切板中不包含图片
2025-10-02 23:45:28,048 - INFO - 检测到 Ctrl+C
2025-10-02 23:45:28,048 - WARNING - 剪切板中不包含图片
2025-10-02 23:47:25,401 - INFO - 检测到 Esc，准备退出
2025-10-02 23:47:25,405 - INFO - OCR 服务已关闭
2025-10-02 23:47:25,405 - INFO - 程序退出
2025-10-03 00:08:22,307 - INFO - OCR 服务已启动
2025-10-03 00:08:25,317 - INFO - 检测到 Ctrl+C
2025-10-03 00:08:25,327 - INFO - 剪切板中的图片已经保存
2025-10-03 00:08:25,327 - INFO - OCR识别任务已提交
2025-10-03 00:08:25,490 - INFO - 识别成功，img_path: D:\2\WechatOCR\dist\img\~~~ocr.png, result_file: json\~~~ocr.png.json
2025-10-03 00:08:26,329 - INFO - 文本已保存到 text_save.txt
2025-10-03 00:08:26,370 - INFO - 已将文件内容复制到剪贴板。
2025-10-03 00:14:09,816 - INFO - 检测到 Ctrl+C
2025-10-03 00:14:09,817 - WARNING - 剪切板中不包含图片
2025-10-03 00:36:41,625 - INFO - 检测到 Ctrl+C
2025-10-03 00:36:41,626 - WARNING - 剪切板中不包含图片
2025-10-03 00:43:08,013 - INFO - 检测到 Ctrl+C
2025-10-03 00:43:08,014 - WARNING - 剪切板中不包含图片
2025-10-03 00:43:26,868 - INFO - 检测到 Ctrl+C
2025-10-03 00:43:26,868 - WARNING - 剪切板中不包含图片
2025-10-03 00:44:34,170 - INFO - 检测到 Ctrl+C
2025-10-03 00:44:34,170 - WARNING - 剪切板中不包含图片
2025-10-03 00:44:52,127 - INFO - 检测到 Ctrl+C
2025-10-03 00:44:52,127 - WARNING - 剪切板中不包含图片
2025-10-03 00:45:46,331 - INFO - 检测到 Ctrl+C
2025-10-03 00:45:46,331 - WARNING - 剪切板中不包含图片
2025-10-03 01:02:43,784 - INFO - 检测到 Ctrl+C
2025-10-03 01:02:43,784 - WARNING - 剪切板中不包含图片
2025-10-03 01:02:44,787 - INFO - 检测到 Ctrl+C
2025-10-03 01:02:44,787 - WARNING - 剪切板中不包含图片
2025-10-03 01:03:41,860 - INFO - 检测到 Ctrl+C
2025-10-03 01:03:41,860 - WARNING - 剪切板中不包含图片
2025-10-03 01:16:27,799 - INFO - 检测到 Ctrl+C
2025-10-03 01:16:27,799 - WARNING - 剪切板中不包含图片
2025-10-03 01:29:59,887 - INFO - 检测到 Ctrl+C
2025-10-03 01:29:59,887 - WARNING - 剪切板中不包含图片
2025-10-03 01:30:01,190 - INFO - 检测到 Ctrl+C
2025-10-03 01:30:01,190 - WARNING - 剪切板中不包含图片
2025-10-03 01:31:42,995 - INFO - 检测到 Ctrl+C
2025-10-03 01:31:42,995 - WARNING - 剪切板中不包含图片
2025-10-03 01:34:02,117 - INFO - 检测到 Ctrl+C
2025-10-03 01:34:02,117 - WARNING - 剪切板中不包含图片
2025-10-03 01:37:02,666 - INFO - OCR 服务已启动
2025-10-03 01:37:05,378 - INFO - 检测到 Ctrl+C
2025-10-03 01:37:05,380 - INFO - 检测到 Ctrl+C
2025-10-03 01:37:05,389 - INFO - 剪切板中的图片已经保存
2025-10-03 01:37:05,389 - INFO - 剪切板中的图片已经保存
2025-10-03 01:37:05,391 - INFO - OCR识别任务已提交
2025-10-03 01:37:05,396 - INFO - OCR识别任务已提交
2025-10-03 01:37:05,447 - INFO - 识别成功，img_path: D:\2\WechatOCR\dist\img\~~~ocr.png, result_file: json\~~~ocr.png.json
2025-10-03 01:37:05,469 - INFO - 识别成功，img_path: D:\2\WechatOCR\dist\img\~~~ocr.png, result_file: json\~~~ocr.png.json
2025-10-03 01:37:06,392 - INFO - 文本已保存到 text_save.txt
2025-10-03 01:37:06,397 - INFO - 文本已保存到 text_save.txt
2025-10-03 01:37:06,406 - INFO - 已将文件内容复制到剪贴板。
2025-10-03 01:37:06,442 - INFO - 已将文件内容复制到剪贴板。
2025-10-03 01:37:08,747 - INFO - 检测到 Ctrl+C
2025-10-03 01:37:08,747 - WARNING - 剪切板中不包含图片
2025-10-03 01:37:08,813 - INFO - 检测到 Ctrl+C
2025-10-03 01:37:08,813 - WARNING - 剪切板中不包含图片
2025-10-03 01:37:09,749 - INFO - 检测到 Ctrl+C
2025-10-03 01:37:09,749 - WARNING - 剪切板中不包含图片
2025-10-03 01:37:09,815 - INFO - 检测到 Ctrl+C
2025-10-03 01:37:09,815 - WARNING - 剪切板中不包含图片
2025-10-03 01:38:16,519 - INFO - 检测到 Ctrl+C
2025-10-03 01:38:16,520 - INFO - 剪切板中的图片已经保存
2025-10-03 01:38:16,522 - INFO - OCR识别任务已提交
2025-10-03 01:38:16,548 - INFO - 检测到 Ctrl+C
2025-10-03 01:38:16,549 - INFO - 剪切板中的图片已经保存
2025-10-03 01:38:16,549 - INFO - OCR识别任务已提交
2025-10-03 01:38:16,569 - INFO - 识别成功，img_path: D:\2\WechatOCR\dist\img\~~~ocr.png, result_file: json\~~~ocr.png.json
2025-10-03 01:38:16,595 - INFO - 识别成功，img_path: D:\2\WechatOCR\dist\img\~~~ocr.png, result_file: json\~~~ocr.png.json
2025-10-03 01:38:17,522 - INFO - 文本已保存到 text_save.txt
2025-10-03 01:38:17,530 - INFO - 已将文件内容复制到剪贴板。
2025-10-03 01:38:17,552 - INFO - 文本已保存到 text_save.txt
2025-10-03 01:38:17,559 - INFO - 已将文件内容复制到剪贴板。
2025-10-03 01:43:18,848 - INFO - 检测到 Ctrl+C
2025-10-03 01:43:18,848 - WARNING - 剪切板中不包含图片
2025-10-03 01:43:18,871 - INFO - 检测到 Ctrl+C
2025-10-03 01:43:18,871 - WARNING - 剪切板中不包含图片
2025-10-03 01:45:37,062 - INFO - 检测到 Ctrl+C
2025-10-03 01:45:37,062 - WARNING - 剪切板中不包含图片
2025-10-03 01:45:37,076 - INFO - 检测到 Ctrl+C
2025-10-03 01:45:37,076 - WARNING - 剪切板中不包含图片
2025-10-03 01:49:36,898 - INFO - 检测到 Ctrl+C
2025-10-03 01:49:36,898 - WARNING - 剪切板中不包含图片
2025-10-03 01:50:10,485 - INFO - 检测到 Ctrl+C
2025-10-03 01:50:10,485 - WARNING - 剪切板中不包含图片
2025-10-03 01:53:18,037 - INFO - 检测到 Ctrl+C
2025-10-03 01:53:18,038 - WARNING - 剪切板中不包含图片
2025-10-03 01:53:18,042 - INFO - 检测到 Ctrl+C
2025-10-03 01:53:18,042 - WARNING - 剪切板中不包含图片
2025-10-03 02:01:09,424 - INFO - 检测到 Ctrl+C
2025-10-03 02:01:09,424 - WARNING - 剪切板中不包含图片
2025-10-03 02:01:09,436 - INFO - 检测到 Ctrl+C
2025-10-03 02:01:09,436 - WARNING - 剪切板中不包含图片
2025-10-03 02:01:11,040 - INFO - 检测到 Ctrl+C
2025-10-03 02:01:11,040 - WARNING - 剪切板中不包含图片
2025-10-03 02:01:11,128 - INFO - 检测到 Ctrl+C
2025-10-03 02:01:11,128 - WARNING - 剪切板中不包含图片
2025-10-03 02:04:22,517 - INFO - 检测到 Ctrl+C
2025-10-03 02:04:22,517 - WARNING - 剪切板中不包含图片
2025-10-03 02:04:22,537 - INFO - 检测到 Ctrl+C
2025-10-03 02:04:22,537 - WARNING - 剪切板中不包含图片
2025-10-03 02:06:01,504 - INFO - 检测到 Ctrl+C
2025-10-03 02:06:01,504 - WARNING - 剪切板中不包含图片
2025-10-03 02:06:01,533 - INFO - 检测到 Ctrl+C
2025-10-03 02:06:01,533 - WARNING - 剪切板中不包含图片
2025-10-03 02:07:29,980 - INFO - 检测到 Ctrl+C
2025-10-03 02:07:29,981 - WARNING - 剪切板中不包含图片
2025-10-03 02:07:30,012 - INFO - 检测到 Ctrl+C
2025-10-03 02:07:30,012 - WARNING - 剪切板中不包含图片
2025-10-03 02:13:20,952 - INFO - 检测到 Ctrl+C
2025-10-03 02:13:20,953 - WARNING - 剪切板中不包含图片
2025-10-03 02:13:20,999 - INFO - 检测到 Ctrl+C
2025-10-03 02:13:20,999 - WARNING - 剪切板中不包含图片
2025-10-03 02:13:51,590 - INFO - 检测到 Ctrl+C
2025-10-03 02:13:51,590 - WARNING - 剪切板中不包含图片
2025-10-04 17:46:27,573 - INFO - OCR 服务已启动
2025-10-04 17:46:34,393 - INFO - 检测到 Ctrl+C
2025-10-04 17:46:34,403 - INFO - 剪切板中的图片已经保存
2025-10-04 17:46:34,403 - INFO - OCR识别任务已提交
2025-10-04 17:46:34,505 - INFO - 识别成功，img_path: D:\2\WechatOCR\dist\img\~~~ocr.png, result_file: json\~~~ocr.png.json
2025-10-04 17:46:35,405 - INFO - 文本已保存到 text_save.txt
2025-10-04 17:46:35,440 - INFO - 已将文件内容复制到剪贴板。
2025-10-04 17:55:25,471 - INFO - 检测到 Ctrl+C
2025-10-04 17:55:25,471 - WARNING - 剪切板中不包含图片
2025-10-04 18:02:27,479 - INFO - 检测到 Ctrl+C
2025-10-04 18:02:27,479 - WARNING - 剪切板中不包含图片
2025-10-04 20:37:52,261 - INFO - 检测到 Ctrl+C
2025-10-04 20:37:52,261 - WARNING - 剪切板中不包含图片
2025-10-04 20:52:41,573 - INFO - 检测到 Ctrl+C
2025-10-04 20:52:41,573 - WARNING - 剪切板中不包含图片
2025-10-04 20:58:32,900 - INFO - 检测到 Ctrl+C
2025-10-04 20:58:32,900 - WARNING - 剪切板中不包含图片
2025-10-04 21:08:25,621 - INFO - 检测到 Ctrl+C
2025-10-04 21:08:25,621 - WARNING - 剪切板中不包含图片
2025-10-04 21:08:38,156 - INFO - 检测到 Ctrl+C
2025-10-04 21:08:38,156 - WARNING - 剪切板中不包含图片
2025-10-04 21:12:21,207 - INFO - 检测到 Ctrl+C
2025-10-04 21:12:21,207 - WARNING - 剪切板中不包含图片
2025-10-04 21:28:20,902 - INFO - 检测到 Ctrl+C
2025-10-04 21:28:20,903 - WARNING - 剪切板中不包含图片
2025-10-04 21:33:53,156 - INFO - 检测到 Ctrl+C
2025-10-04 21:33:53,156 - WARNING - 剪切板中不包含图片
2025-10-04 21:37:23,165 - INFO - 检测到 Ctrl+C
2025-10-04 21:37:23,165 - WARNING - 剪切板中不包含图片
2025-10-04 21:48:38,060 - INFO - 检测到 Ctrl+C
2025-10-04 21:48:38,060 - WARNING - 剪切板中不包含图片
2025-10-04 22:02:40,335 - INFO - 检测到 Ctrl+C
2025-10-04 22:02:40,335 - WARNING - 剪切板中不包含图片
2025-10-04 22:14:35,162 - INFO - 检测到 Ctrl+C
2025-10-04 22:14:35,162 - WARNING - 剪切板中不包含图片
2025-10-04 22:43:54,517 - INFO - 检测到 Ctrl+C
2025-10-04 22:43:54,517 - WARNING - 剪切板中不包含图片
2025-10-04 22:45:11,251 - INFO - 检测到 Ctrl+C
2025-10-04 22:45:11,251 - WARNING - 剪切板中不包含图片
2025-10-04 22:51:59,072 - INFO - 检测到 Ctrl+C
2025-10-04 22:51:59,072 - WARNING - 剪切板中不包含图片
2025-10-04 22:55:00,002 - INFO - 检测到 Ctrl+C
2025-10-04 22:55:00,003 - WARNING - 剪切板中不包含图片
2025-10-04 23:12:54,230 - INFO - 检测到 Ctrl+C
2025-10-04 23:12:54,230 - WARNING - 剪切板中不包含图片
2025-10-04 23:16:55,530 - INFO - 检测到 Ctrl+C
2025-10-04 23:16:55,530 - WARNING - 剪切板中不包含图片
2025-10-04 23:16:56,232 - INFO - 检测到 Ctrl+C
2025-10-04 23:16:56,232 - WARNING - 剪切板中不包含图片
2025-10-04 23:16:59,241 - INFO - 检测到 Ctrl+C
2025-10-04 23:16:59,241 - WARNING - 剪切板中不包含图片
2025-10-04 23:18:01,444 - INFO - 检测到 Ctrl+C
2025-10-04 23:18:01,445 - WARNING - 剪切板中不包含图片
2025-10-04 23:19:16,936 - INFO - OCR 服务已启动
2025-10-04 23:19:19,479 - INFO - 检测到 Ctrl+C
2025-10-04 23:19:19,491 - INFO - 剪切板中的图片已经保存
2025-10-04 23:19:19,496 - INFO - OCR识别任务已提交
2025-10-04 23:19:19,546 - INFO - 检测到 Ctrl+C
2025-10-04 23:19:19,558 - INFO - 剪切板中的图片已经保存
2025-10-04 23:19:19,559 - INFO - OCR识别任务已提交
2025-10-04 23:19:19,678 - INFO - 识别成功，img_path: D:\2\WechatOCR\dist\img\~~~ocr.png, result_file: json\~~~ocr.png.json
2025-10-04 23:19:19,725 - INFO - 识别成功，img_path: D:\2\WechatOCR\dist\img\~~~ocr.png, result_file: json\~~~ocr.png.json
2025-10-04 23:19:20,497 - INFO - 文本已保存到 text_save.txt
2025-10-04 23:19:20,505 - INFO - 已将文件内容复制到剪贴板。
2025-10-04 23:19:20,560 - INFO - 文本已保存到 text_save.txt
2025-10-04 23:19:20,600 - INFO - 已将文件内容复制到剪贴板。
2025-10-04 23:26:05,297 - INFO - 检测到 Ctrl+C
2025-10-04 23:26:05,297 - WARNING - 剪切板中不包含图片
2025-10-04 23:27:56,029 - INFO - 检测到 Ctrl+C
2025-10-04 23:27:56,029 - WARNING - 剪切板中不包含图片
2025-10-04 23:28:57,307 - INFO - 检测到 Ctrl+C
2025-10-04 23:28:57,309 - INFO - 剪切板中的图片已经保存
2025-10-04 23:28:57,309 - INFO - OCR识别任务已提交
2025-10-04 23:28:57,435 - INFO - 识别成功，img_path: D:\2\WechatOCR\dist\img\~~~ocr.png, result_file: json\~~~ocr.png.json
2025-10-04 23:28:58,311 - INFO - 文本已保存到 text_save.txt
2025-10-04 23:28:58,329 - INFO - 已将文件内容复制到剪贴板。
2025-10-04 23:30:30,596 - INFO - 检测到 Ctrl+C
2025-10-04 23:30:30,596 - WARNING - 剪切板中不包含图片
2025-10-04 23:30:30,599 - INFO - 检测到 Ctrl+C
2025-10-04 23:30:30,599 - WARNING - 剪切板中不包含图片
2025-10-04 23:31:28,665 - INFO - 检测到 Ctrl+C
2025-10-04 23:31:28,666 - INFO - 剪切板中的图片已经保存
2025-10-04 23:31:28,666 - INFO - OCR识别任务已提交
2025-10-04 23:31:28,673 - INFO - 检测到 Ctrl+C
2025-10-04 23:31:28,674 - INFO - 剪切板中的图片已经保存
2025-10-04 23:31:28,675 - INFO - OCR识别任务已提交
2025-10-04 23:31:28,752 - INFO - 识别成功，img_path: D:\2\WechatOCR\dist\img\~~~ocr.png, result_file: json\~~~ocr.png.json
2025-10-04 23:31:28,762 - INFO - 识别成功，img_path: D:\2\WechatOCR\dist\img\~~~ocr.png, result_file: json\~~~ocr.png.json
2025-10-04 23:31:29,668 - INFO - 文本已保存到 text_save.txt
2025-10-04 23:31:29,676 - INFO - 文本已保存到 text_save.txt
2025-10-04 23:31:29,677 - INFO - 已将文件内容复制到剪贴板。
2025-10-04 23:31:29,689 - INFO - 已将文件内容复制到剪贴板。
2025-10-04 23:33:25,414 - INFO - 检测到 Ctrl+C
2025-10-04 23:33:25,414 - WARNING - 剪切板中不包含图片
2025-10-04 23:33:25,432 - INFO - 检测到 Ctrl+C
2025-10-04 23:33:25,432 - WARNING - 剪切板中不包含图片
2025-10-04 23:34:14,354 - INFO - 检测到 Ctrl+C
2025-10-04 23:34:14,354 - WARNING - 剪切板中不包含图片
2025-10-04 23:35:19,841 - INFO - 检测到 Ctrl+C
2025-10-04 23:35:19,841 - WARNING - 剪切板中不包含图片
2025-10-04 23:35:52,936 - INFO - 检测到 Ctrl+C
2025-10-04 23:35:52,937 - WARNING - 剪切板中不包含图片
2025-10-04 23:35:52,963 - INFO - 检测到 Ctrl+C
2025-10-04 23:35:52,963 - WARNING - 剪切板中不包含图片
2025-10-04 23:38:12,166 - INFO - 检测到 Ctrl+C
2025-10-04 23:38:12,169 - INFO - 剪切板中的图片已经保存
2025-10-04 23:38:12,170 - INFO - OCR识别任务已提交
2025-10-04 23:38:12,250 - INFO - 检测到 Ctrl+C
2025-10-04 23:38:12,252 - INFO - 剪切板中的图片已经保存
2025-10-04 23:38:12,253 - INFO - OCR识别任务已提交
2025-10-04 23:38:12,320 - INFO - 识别成功，img_path: D:\2\WechatOCR\dist\img\~~~ocr.png, result_file: json\~~~ocr.png.json
2025-10-04 23:38:12,403 - INFO - 识别成功，img_path: D:\2\WechatOCR\dist\img\~~~ocr.png, result_file: json\~~~ocr.png.json
2025-10-04 23:38:13,171 - INFO - 文本已保存到 text_save.txt
2025-10-04 23:38:13,176 - INFO - 已将文件内容复制到剪贴板。
2025-10-04 23:38:13,255 - INFO - 文本已保存到 text_save.txt
2025-10-04 23:38:13,268 - INFO - 已将文件内容复制到剪贴板。
2025-10-04 23:38:55,791 - INFO - 检测到 Ctrl+C
2025-10-04 23:38:55,791 - WARNING - 剪切板中不包含图片
2025-10-04 23:38:55,804 - INFO - 检测到 Ctrl+C
2025-10-04 23:38:55,804 - WARNING - 剪切板中不包含图片
2025-10-04 23:45:10,481 - INFO - 检测到 Ctrl+C
2025-10-04 23:45:10,491 - INFO - 剪切板中的图片已经保存
2025-10-04 23:45:10,491 - INFO - OCR识别任务已提交
2025-10-04 23:45:10,549 - INFO - 检测到 Ctrl+C
2025-10-04 23:45:10,561 - INFO - 剪切板中的图片已经保存
2025-10-04 23:45:10,561 - INFO - OCR识别任务已提交
2025-10-04 23:45:10,734 - INFO - 识别成功，img_path: D:\2\WechatOCR\dist\img\~~~ocr.png, result_file: json\~~~ocr.png.json
2025-10-04 23:45:10,794 - INFO - 识别成功，img_path: D:\2\WechatOCR\dist\img\~~~ocr.png, result_file: json\~~~ocr.png.json
2025-10-04 23:45:11,492 - INFO - 文本已保存到 text_save.txt
2025-10-04 23:45:11,501 - INFO - 已将文件内容复制到剪贴板。
2025-10-04 23:45:11,562 - INFO - 文本已保存到 text_save.txt
2025-10-04 23:45:11,570 - INFO - 已将文件内容复制到剪贴板。
2025-10-04 23:46:30,097 - INFO - 检测到 Ctrl+C
2025-10-04 23:46:30,100 - INFO - 剪切板中的图片已经保存
2025-10-04 23:46:30,100 - INFO - OCR识别任务已提交
2025-10-04 23:46:30,129 - INFO - 检测到 Ctrl+C
2025-10-04 23:46:30,133 - INFO - 剪切板中的图片已经保存
2025-10-04 23:46:30,133 - INFO - OCR识别任务已提交
2025-10-04 23:46:30,219 - INFO - 识别成功，img_path: D:\2\WechatOCR\dist\img\~~~ocr.png, result_file: json\~~~ocr.png.json
2025-10-04 23:46:30,253 - INFO - 识别成功，img_path: D:\2\WechatOCR\dist\img\~~~ocr.png, result_file: json\~~~ocr.png.json
2025-10-04 23:46:31,102 - INFO - 文本已保存到 text_save.txt
2025-10-04 23:46:31,109 - INFO - 已将文件内容复制到剪贴板。
2025-10-04 23:46:31,134 - INFO - 文本已保存到 text_save.txt
2025-10-04 23:46:31,148 - INFO - 已将文件内容复制到剪贴板。
2025-10-04 23:47:29,221 - INFO - 检测到 Ctrl+C
2025-10-04 23:47:29,221 - WARNING - 剪切板中不包含图片
2025-10-04 23:47:29,276 - INFO - 检测到 Ctrl+C
2025-10-04 23:47:29,276 - WARNING - 剪切板中不包含图片
2025-10-04 23:49:24,857 - INFO - 检测到 Ctrl+C
2025-10-04 23:49:24,858 - WARNING - 剪切板中不包含图片
2025-10-04 23:52:15,911 - INFO - 检测到 Ctrl+C
2025-10-04 23:52:15,912 - WARNING - 剪切板中不包含图片
2025-10-04 23:58:06,619 - INFO - 检测到 Ctrl+C
2025-10-04 23:58:06,620 - WARNING - 剪切板中不包含图片
2025-10-04 23:58:06,656 - INFO - 检测到 Ctrl+C
2025-10-04 23:58:06,656 - WARNING - 剪切板中不包含图片
2025-10-04 23:58:17,693 - INFO - 检测到 Ctrl+C
2025-10-04 23:58:17,694 - WARNING - 剪切板中不包含图片
2025-10-04 23:58:17,750 - INFO - 检测到 Ctrl+C
2025-10-04 23:58:17,751 - WARNING - 剪切板中不包含图片
2025-10-04 23:58:31,790 - INFO - 检测到 Ctrl+C
2025-10-04 23:58:31,792 - WARNING - 剪切板中不包含图片
2025-10-04 23:58:31,836 - INFO - 检测到 Ctrl+C
2025-10-04 23:58:31,836 - WARNING - 剪切板中不包含图片
2025-10-04 23:59:46,061 - INFO - 检测到 Ctrl+C
2025-10-04 23:59:46,061 - WARNING - 剪切板中不包含图片
2025-10-05 00:00:13,890 - INFO - 检测到 Ctrl+C
2025-10-05 00:00:13,890 - WARNING - 剪切板中不包含图片
2025-10-05 00:03:15,573 - INFO - 检测到 Ctrl+C
2025-10-05 00:03:15,573 - WARNING - 剪切板中不包含图片
2025-10-05 00:03:15,620 - INFO - 检测到 Ctrl+C
2025-10-05 00:03:15,620 - WARNING - 剪切板中不包含图片
2025-10-05 00:04:06,225 - INFO - 检测到 Ctrl+C
2025-10-05 00:04:06,225 - WARNING - 剪切板中不包含图片
2025-10-05 00:04:06,269 - INFO - 检测到 Ctrl+C
2025-10-05 00:04:06,269 - WARNING - 剪切板中不包含图片
2025-10-05 00:04:07,027 - INFO - 检测到 Ctrl+C
2025-10-05 00:04:07,027 - WARNING - 剪切板中不包含图片
2025-10-05 00:04:07,070 - INFO - 检测到 Ctrl+C
2025-10-05 00:04:07,070 - WARNING - 剪切板中不包含图片
2025-10-05 00:04:20,865 - INFO - 检测到 Ctrl+C
2025-10-05 00:04:20,867 - WARNING - 剪切板中不包含图片
2025-10-05 00:04:20,910 - INFO - 检测到 Ctrl+C
2025-10-05 00:04:20,910 - WARNING - 剪切板中不包含图片
2025-10-05 00:04:54,818 - INFO - 检测到 Ctrl+C
2025-10-05 00:04:54,818 - WARNING - 剪切板中不包含图片
2025-10-05 00:04:54,864 - INFO - 检测到 Ctrl+C
2025-10-05 00:04:54,864 - WARNING - 剪切板中不包含图片
2025-10-05 00:05:46,010 - INFO - 检测到 Ctrl+C
2025-10-05 00:05:46,012 - WARNING - 剪切板中不包含图片
2025-10-05 00:05:46,072 - INFO - 检测到 Ctrl+C
2025-10-05 00:05:46,072 - WARNING - 剪切板中不包含图片
2025-10-05 00:05:55,802 - INFO - 检测到 Ctrl+C
2025-10-05 00:05:55,803 - WARNING - 剪切板中不包含图片
2025-10-05 00:05:55,838 - INFO - 检测到 Ctrl+C
2025-10-05 00:05:55,838 - WARNING - 剪切板中不包含图片
2025-10-05 00:06:05,026 - INFO - 检测到 Ctrl+C
2025-10-05 00:06:05,027 - WARNING - 剪切板中不包含图片
2025-10-05 00:06:05,066 - INFO - 检测到 Ctrl+C
2025-10-05 00:06:05,066 - WARNING - 剪切板中不包含图片
2025-10-05 00:06:14,656 - INFO - 检测到 Ctrl+C
2025-10-05 00:06:14,657 - WARNING - 剪切板中不包含图片
2025-10-05 00:06:14,692 - INFO - 检测到 Ctrl+C
2025-10-05 00:06:14,692 - WARNING - 剪切板中不包含图片
2025-10-05 00:06:26,090 - INFO - 检测到 Ctrl+C
2025-10-05 00:06:26,091 - WARNING - 剪切板中不包含图片
2025-10-05 00:06:26,123 - INFO - 检测到 Ctrl+C
2025-10-05 00:06:26,123 - WARNING - 剪切板中不包含图片
2025-10-05 00:06:44,845 - INFO - 检测到 Ctrl+C
2025-10-05 00:06:44,845 - WARNING - 剪切板中不包含图片
2025-10-05 00:06:44,877 - INFO - 检测到 Ctrl+C
2025-10-05 00:06:44,877 - WARNING - 剪切板中不包含图片
2025-10-05 00:07:37,900 - INFO - 检测到 Ctrl+C
2025-10-05 00:07:37,901 - WARNING - 剪切板中不包含图片
2025-10-05 00:07:37,935 - INFO - 检测到 Ctrl+C
2025-10-05 00:07:37,936 - WARNING - 剪切板中不包含图片
2025-10-05 00:07:47,627 - INFO - 检测到 Ctrl+C
2025-10-05 00:07:47,628 - WARNING - 剪切板中不包含图片
2025-10-05 00:07:47,662 - INFO - 检测到 Ctrl+C
2025-10-05 00:07:47,662 - WARNING - 剪切板中不包含图片
2025-10-05 00:10:23,575 - INFO - 检测到 Ctrl+C
2025-10-05 00:10:23,575 - WARNING - 剪切板中不包含图片
2025-10-05 00:10:23,621 - INFO - 检测到 Ctrl+C
2025-10-05 00:10:23,621 - WARNING - 剪切板中不包含图片
2025-10-05 00:10:40,726 - INFO - 检测到 Ctrl+C
2025-10-05 00:10:40,726 - WARNING - 剪切板中不包含图片
2025-10-05 00:10:40,767 - INFO - 检测到 Ctrl+C
2025-10-05 00:10:40,768 - WARNING - 剪切板中不包含图片
2025-10-05 00:15:46,555 - INFO - 检测到 Ctrl+C
2025-10-05 00:15:46,556 - WARNING - 剪切板中不包含图片
2025-10-05 00:19:34,987 - INFO - 检测到 Ctrl+C
2025-10-05 00:19:34,987 - WARNING - 剪切板中不包含图片
2025-10-05 00:19:35,029 - INFO - 检测到 Ctrl+C
2025-10-05 00:19:35,029 - WARNING - 剪切板中不包含图片
2025-10-05 00:20:56,571 - INFO - 检测到 Ctrl+C
2025-10-05 00:20:56,572 - WARNING - 剪切板中不包含图片
2025-10-05 00:22:56,491 - INFO - 检测到 Ctrl+C
2025-10-05 00:22:56,491 - WARNING - 剪切板中不包含图片
2025-10-05 00:22:56,543 - INFO - 检测到 Ctrl+C
2025-10-05 00:22:56,543 - WARNING - 剪切板中不包含图片
2025-10-05 00:22:57,345 - INFO - 检测到 Ctrl+C
2025-10-05 00:22:57,345 - WARNING - 剪切板中不包含图片
2025-10-05 00:22:57,393 - INFO - 检测到 Ctrl+C
2025-10-05 00:22:57,393 - WARNING - 剪切板中不包含图片
2025-10-05 00:29:42,451 - INFO - 检测到 Ctrl+C
2025-10-05 00:29:42,451 - WARNING - 剪切板中不包含图片
2025-10-05 00:29:42,467 - INFO - 检测到 Ctrl+C
2025-10-05 00:29:42,467 - WARNING - 剪切板中不包含图片
2025-10-05 00:29:47,263 - INFO - 检测到 Ctrl+C
2025-10-05 00:29:47,263 - WARNING - 剪切板中不包含图片
2025-10-05 00:29:47,280 - INFO - 检测到 Ctrl+C
2025-10-05 00:29:47,280 - WARNING - 剪切板中不包含图片
2025-10-05 00:31:16,621 - INFO - 检测到 Ctrl+C
2025-10-05 00:31:16,621 - WARNING - 剪切板中不包含图片
2025-10-05 00:33:17,178 - INFO - 检测到 Ctrl+C
2025-10-05 00:33:17,178 - WARNING - 剪切板中不包含图片
2025-10-05 00:33:17,195 - INFO - 检测到 Ctrl+C
2025-10-05 00:33:17,195 - WARNING - 剪切板中不包含图片
2025-10-05 00:34:25,976 - INFO - 检测到 Ctrl+C
2025-10-05 00:34:25,981 - INFO - 剪切板中的图片已经保存
2025-10-05 00:34:25,981 - INFO - OCR识别任务已提交
2025-10-05 00:34:25,998 - INFO - 检测到 Ctrl+C
2025-10-05 00:34:26,003 - INFO - 剪切板中的图片已经保存
2025-10-05 00:34:26,006 - INFO - OCR识别任务已提交
2025-10-05 00:34:26,106 - INFO - 识别成功，img_path: D:\2\WechatOCR\dist\img\~~~ocr.png, result_file: json\~~~ocr.png.json
2025-10-05 00:34:26,143 - INFO - 识别成功，img_path: D:\2\WechatOCR\dist\img\~~~ocr.png, result_file: json\~~~ocr.png.json
2025-10-05 00:34:26,983 - INFO - 文本已保存到 text_save.txt
2025-10-05 00:34:26,991 - INFO - 已将文件内容复制到剪贴板。
2025-10-05 00:34:27,008 - INFO - 文本已保存到 text_save.txt
2025-10-05 00:34:27,022 - INFO - 已将文件内容复制到剪贴板。
2025-10-05 00:36:25,170 - INFO - 检测到 Ctrl+C
2025-10-05 00:36:25,172 - WARNING - 剪切板中不包含图片
2025-10-05 00:36:25,236 - INFO - 检测到 Ctrl+C
2025-10-05 00:36:25,236 - WARNING - 剪切板中不包含图片
2025-10-05 00:37:19,628 - INFO - 检测到 Ctrl+C
2025-10-05 00:37:19,628 - WARNING - 剪切板中不包含图片
2025-10-05 00:40:00,800 - INFO - 检测到 Ctrl+C
2025-10-05 00:40:00,802 - INFO - 剪切板中的图片已经保存
2025-10-05 00:40:00,802 - INFO - OCR识别任务已提交
2025-10-05 00:40:00,853 - INFO - 识别成功，img_path: D:\2\WechatOCR\dist\img\~~~ocr.png, result_file: json\~~~ocr.png.json
2025-10-05 00:40:00,869 - INFO - 检测到 Ctrl+C
2025-10-05 00:40:00,870 - INFO - 剪切板中的图片已经保存
2025-10-05 00:40:00,870 - INFO - OCR识别任务已提交
2025-10-05 00:40:00,922 - INFO - 识别成功，img_path: D:\2\WechatOCR\dist\img\~~~ocr.png, result_file: json\~~~ocr.png.json
2025-10-05 00:40:01,803 - INFO - 文本已保存到 text_save.txt
2025-10-05 00:40:01,811 - INFO - 已将文件内容复制到剪贴板。
2025-10-05 00:40:01,871 - INFO - 文本已保存到 text_save.txt
2025-10-05 00:40:01,880 - INFO - 已将文件内容复制到剪贴板。
2025-10-05 00:41:11,815 - INFO - 检测到 Ctrl+C
2025-10-05 00:41:11,815 - WARNING - 剪切板中不包含图片
2025-10-05 00:41:11,887 - INFO - 检测到 Ctrl+C
2025-10-05 00:41:11,887 - WARNING - 剪切板中不包含图片
2025-10-05 00:44:52,044 - INFO - 检测到 Ctrl+C
2025-10-05 00:44:52,046 - WARNING - 剪切板中不包含图片
2025-10-05 00:44:52,052 - INFO - 检测到 Ctrl+C
2025-10-05 00:44:52,054 - WARNING - 剪切板中不包含图片
2025-10-05 00:45:36,778 - INFO - 检测到 Ctrl+C
2025-10-05 00:45:36,778 - WARNING - 剪切板中不包含图片
2025-10-05 00:45:36,788 - INFO - 检测到 Ctrl+C
2025-10-05 00:45:36,788 - WARNING - 剪切板中不包含图片
2025-10-05 00:55:15,479 - INFO - 检测到 Ctrl+C
2025-10-05 00:55:15,480 - WARNING - 剪切板中不包含图片
2025-10-05 00:55:15,515 - INFO - 检测到 Ctrl+C
2025-10-05 00:55:15,515 - WARNING - 剪切板中不包含图片
2025-10-05 09:48:57,551 - INFO - OCR 服务已启动
2025-10-05 09:48:59,660 - INFO - 检测到 Ctrl+C
2025-10-05 09:48:59,670 - INFO - 剪切板中的图片已经保存
2025-10-05 09:48:59,670 - INFO - OCR识别任务已提交
2025-10-05 09:48:59,777 - INFO - 识别成功，img_path: D:\2\WechatOCR\dist\img\~~~ocr.png, result_file: json\~~~ocr.png.json
2025-10-05 09:49:00,671 - INFO - 文本已保存到 text_save.txt
2025-10-05 09:49:00,704 - INFO - 已将文件内容复制到剪贴板。
2025-10-05 09:51:36,738 - INFO - 检测到 Ctrl+C
2025-10-05 09:51:36,738 - WARNING - 剪切板中不包含图片
2025-10-05 09:52:20,022 - INFO - 检测到 Ctrl+C
2025-10-05 09:52:20,022 - WARNING - 剪切板中不包含图片
2025-10-05 11:35:31,381 - INFO - 检测到 Esc，准备退出
2025-10-05 11:35:31,381 - INFO - OCR 服务已关闭
2025-10-05 11:35:31,381 - INFO - 程序退出
2025-10-06 19:48:21,104 - INFO - OCR 服务已启动
2025-10-06 19:48:22,913 - INFO - 检测到 Ctrl+C
2025-10-06 19:48:22,925 - INFO - 剪切板中的图片已经保存
2025-10-06 19:48:22,925 - INFO - OCR识别任务已提交
2025-10-06 19:48:23,003 - INFO - 识别成功，img_path: D:\2\WechatOCR\dist\img\~~~ocr.png, result_file: json\~~~ocr.png.json
2025-10-06 19:48:23,926 - INFO - 文本已保存到 text_save.txt
2025-10-06 19:48:23,973 - INFO - 已将文件内容复制到剪贴板。
2025-10-06 19:48:25,179 - INFO - 检测到 Ctrl+C
2025-10-06 19:48:25,179 - WARNING - 剪切板中不包含图片
2025-10-06 19:58:23,744 - INFO - 检测到 Ctrl+C
2025-10-06 19:58:23,744 - WARNING - 剪切板中不包含图片
2025-10-06 19:58:58,017 - INFO - 检测到 Ctrl+C
2025-10-06 19:58:58,017 - WARNING - 剪切板中不包含图片
2025-10-06 19:59:04,030 - INFO - 检测到 Ctrl+C
2025-10-06 19:59:04,030 - WARNING - 剪切板中不包含图片
2025-10-06 19:59:57,956 - INFO - 检测到 Ctrl+C
2025-10-06 19:59:57,956 - WARNING - 剪切板中不包含图片
2025-10-06 20:00:33,015 - INFO - 检测到 Ctrl+C
2025-10-06 20:00:33,015 - WARNING - 剪切板中不包含图片
2025-10-06 20:04:39,160 - INFO - 检测到 Ctrl+C
2025-10-06 20:04:39,160 - WARNING - 剪切板中不包含图片
2025-10-06 20:13:37,209 - INFO - 检测到 Ctrl+C
2025-10-06 20:13:37,209 - WARNING - 剪切板中不包含图片
2025-10-06 20:19:28,929 - INFO - 检测到 Ctrl+C
2025-10-06 20:19:28,930 - WARNING - 剪切板中不包含图片
2025-10-06 20:20:15,441 - INFO - 检测到 Ctrl+C
2025-10-06 20:20:15,441 - WARNING - 剪切板中不包含图片
2025-10-06 20:29:11,728 - INFO - 检测到 Ctrl+C
2025-10-06 20:29:11,728 - WARNING - 剪切板中不包含图片
2025-10-06 20:29:23,546 - INFO - 检测到 Ctrl+C
2025-10-06 20:29:23,546 - WARNING - 剪切板中不包含图片
2025-10-06 20:52:18,373 - INFO - 检测到 Esc，准备退出
2025-10-06 20:52:18,375 - INFO - OCR 服务已关闭
2025-10-06 20:52:18,376 - INFO - 程序退出
2025-10-06 20:57:16,738 - INFO - OCR 服务已启动
2025-10-06 20:57:24,761 - INFO - 检测到 Ctrl+C
2025-10-06 20:57:24,772 - INFO - 剪切板中的图片已经保存
2025-10-06 20:57:24,772 - INFO - OCR识别任务已提交
2025-10-06 20:57:24,828 - INFO - 识别成功，img_path: D:\2\WechatOCR\dist\img\~~~ocr.png, result_file: json\~~~ocr.png.json
2025-10-06 20:57:25,773 - INFO - 文本已保存到 text_save.txt
2025-10-06 20:57:25,808 - INFO - 已将文件内容复制到剪贴板。
2025-10-06 20:57:32,222 - INFO - 检测到 Ctrl+C
2025-10-06 20:57:32,222 - WARNING - 剪切板中不包含图片
2025-10-06 20:57:47,761 - INFO - 检测到 Ctrl+C
2025-10-06 20:57:47,763 - INFO - 剪切板中的图片已经保存
2025-10-06 20:57:47,763 - INFO - OCR识别任务已提交
2025-10-06 20:57:47,822 - INFO - 识别成功，img_path: D:\2\WechatOCR\dist\img\~~~ocr.png, result_file: json\~~~ocr.png.json
2025-10-06 20:57:48,764 - INFO - 文本已保存到 text_save.txt
2025-10-06 20:57:48,769 - INFO - 已将文件内容复制到剪贴板。
2025-10-06 20:57:52,358 - INFO - OCR 服务已启动
2025-10-06 20:57:57,472 - INFO - 检测到 Ctrl+C
2025-10-06 20:57:57,484 - INFO - 剪切板中的图片已经保存
2025-10-06 20:57:57,484 - INFO - OCR识别任务已提交
2025-10-06 20:57:57,492 - INFO - 检测到 Ctrl+C
2025-10-06 20:57:57,493 - INFO - 剪切板中的图片已经保存
2025-10-06 20:57:57,493 - INFO - OCR识别任务已提交
2025-10-06 20:57:57,548 - INFO - 识别成功，img_path: D:\2\WechatOCR\dist\img\~~~ocr.png, result_file: json\~~~ocr.png.json
2025-10-06 20:57:57,556 - INFO - 识别成功，img_path: D:\2\WechatOCR\dist\img\~~~ocr.png, result_file: json\~~~ocr.png.json
2025-10-06 20:57:58,485 - INFO - 文本已保存到 text_save.txt
2025-10-06 20:57:58,495 - INFO - 文本已保存到 text_save.txt
2025-10-06 20:57:58,502 - INFO - 已将文件内容复制到剪贴板。
2025-10-06 20:57:58,530 - INFO - 已将文件内容复制到剪贴板。
2025-10-06 20:58:03,617 - INFO - 检测到 Esc，准备退出
2025-10-06 20:58:03,618 - INFO - OCR 服务已关闭
2025-10-06 20:58:03,618 - INFO - 程序退出
2025-10-06 20:58:03,644 - INFO - 检测到 Esc，准备退出
2025-10-06 20:58:03,644 - INFO - OCR 服务已关闭
2025-10-06 20:58:03,644 - INFO - 程序退出
2025-10-06 20:58:32,451 - INFO - OCR 服务已启动
2025-10-06 20:58:39,270 - INFO - 检测到 Ctrl+C
2025-10-06 20:58:39,280 - INFO - 剪切板中的图片已经保存
2025-10-06 20:58:39,281 - INFO - OCR识别任务已提交
2025-10-06 20:58:39,345 - INFO - 识别成功，img_path: D:\2\WechatOCR\dist\img\~~~ocr.png, result_file: json\~~~ocr.png.json
2025-10-06 20:58:40,281 - INFO - 文本已保存到 text_save.txt
2025-10-06 20:58:40,313 - INFO - 已将文件内容复制到剪贴板。
2025-10-06 20:59:53,191 - INFO - 检测到 Ctrl+C
2025-10-06 20:59:53,191 - WARNING - 剪切板中不包含图片
2025-10-06 21:18:20,626 - INFO - 检测到 Ctrl+C
2025-10-06 21:18:20,626 - WARNING - 剪切板中不包含图片
2025-10-06 21:35:36,311 - INFO - 检测到 Ctrl+C
2025-10-06 21:35:36,311 - WARNING - 剪切板中不包含图片
2025-10-06 21:38:20,251 - INFO - 检测到 Ctrl+C
2025-10-06 21:38:20,251 - WARNING - 剪切板中不包含图片
2025-10-06 21:51:55,253 - INFO - 检测到 Ctrl+C
2025-10-06 21:51:55,253 - WARNING - 剪切板中不包含图片
2025-10-06 21:54:29,257 - INFO - 检测到 Ctrl+C
2025-10-06 21:54:29,257 - WARNING - 剪切板中不包含图片
2025-10-06 22:06:21,472 - INFO - 检测到 Ctrl+C
2025-10-06 22:06:21,472 - WARNING - 剪切板中不包含图片
2025-10-06 22:06:43,933 - INFO - 检测到 Ctrl+C
2025-10-06 22:06:43,933 - WARNING - 剪切板中不包含图片
2025-10-06 22:08:36,751 - INFO - 检测到 Ctrl+C
2025-10-06 22:08:36,751 - WARNING - 剪切板中不包含图片
2025-10-06 22:15:33,370 - INFO - 检测到 Esc，准备退出
2025-10-06 22:15:33,373 - INFO - OCR 服务已关闭
2025-10-06 22:15:33,373 - INFO - 程序退出
2025-10-07 21:49:32,295 - INFO - OCR 服务已启动
2025-10-07 21:49:33,499 - INFO - 检测到 Ctrl+C
2025-10-07 21:49:33,510 - INFO - 剪切板中的图片已经保存
2025-10-07 21:49:33,511 - INFO - OCR识别任务已提交
2025-10-07 21:49:33,603 - INFO - 识别成功，img_path: D:\2\WechatOCR\dist\img\~~~ocr.png, result_file: json\~~~ocr.png.json
2025-10-07 21:49:34,512 - INFO - 文本已保存到 text_save.txt
2025-10-07 21:49:34,562 - INFO - 已将文件内容复制到剪贴板。
2025-10-07 21:49:36,768 - INFO - 检测到 Ctrl+C
2025-10-07 21:49:36,768 - WARNING - 剪切板中不包含图片
2025-10-07 21:50:42,154 - INFO - 检测到 Ctrl+C
2025-10-07 21:50:42,156 - INFO - 剪切板中的图片已经保存
2025-10-07 21:50:42,156 - INFO - OCR识别任务已提交
2025-10-07 21:50:42,245 - INFO - 识别成功，img_path: D:\2\WechatOCR\dist\img\~~~ocr.png, result_file: json\~~~ocr.png.json
2025-10-07 21:50:43,157 - INFO - 文本已保存到 text_save.txt
2025-10-07 21:50:43,162 - INFO - 已将文件内容复制到剪贴板。
2025-10-07 21:53:02,257 - INFO - 检测到 Ctrl+C
2025-10-07 21:53:02,259 - INFO - 剪切板中的图片已经保存
2025-10-07 21:53:02,259 - INFO - OCR识别任务已提交
2025-10-07 21:53:02,361 - INFO - 识别成功，img_path: D:\2\WechatOCR\dist\img\~~~ocr.png, result_file: json\~~~ocr.png.json
2025-10-07 21:53:03,260 - INFO - 文本已保存到 text_save.txt
2025-10-07 21:53:03,267 - INFO - 已将文件内容复制到剪贴板。
2025-10-07 22:00:28,334 - INFO - 检测到 Ctrl+C
2025-10-07 22:00:28,334 - WARNING - 剪切板中不包含图片
2025-10-07 22:01:30,623 - INFO - 检测到 Ctrl+C
2025-10-07 22:01:30,623 - WARNING - 剪切板中不包含图片
2025-10-07 22:02:02,414 - INFO - 检测到 Ctrl+C
2025-10-07 22:02:02,414 - WARNING - 剪切板中不包含图片
2025-10-07 22:02:03,216 - INFO - 检测到 Ctrl+C
2025-10-07 22:02:03,216 - WARNING - 剪切板中不包含图片
2025-10-07 22:07:16,997 - INFO - 检测到 Ctrl+C
2025-10-07 22:07:16,997 - WARNING - 剪切板中不包含图片
2025-10-07 22:11:09,556 - INFO - 检测到 Ctrl+C
2025-10-07 22:11:09,556 - WARNING - 剪切板中不包含图片
2025-10-07 22:36:24,179 - INFO - OCR 服务已启动
2025-10-07 22:36:25,226 - INFO - 检测到 Ctrl+C
2025-10-07 22:36:25,228 - INFO - 剪切板中的图片已经保存
2025-10-07 22:36:25,229 - INFO - OCR识别任务已提交
2025-10-07 22:36:25,296 - INFO - 识别成功，img_path: D:\2\WechatOCR\dist\img\~~~ocr.png, result_file: json\~~~ocr.png.json
2025-10-07 22:36:26,230 - INFO - 文本已保存到 text_save.txt
2025-10-07 22:36:26,236 - INFO - 已将文件内容复制到剪贴板。
2025-10-07 22:39:27,461 - INFO - 检测到 Esc，准备退出
2025-10-07 22:39:27,461 - INFO - OCR 服务已关闭
2025-10-07 22:39:27,461 - INFO - 程序退出
2025-10-07 22:39:27,490 - INFO - 检测到 Esc，准备退出
2025-10-07 22:39:27,490 - INFO - OCR 服务已关闭
2025-10-07 22:39:27,490 - INFO - 程序退出
2025-10-07 23:13:00,107 - INFO - OCR 服务已启动
2025-10-07 23:13:01,612 - INFO - 检测到 Ctrl+C
2025-10-07 23:13:01,623 - INFO - 剪切板中的图片已经保存
2025-10-07 23:13:01,624 - INFO - OCR识别任务已提交
2025-10-07 23:13:01,687 - INFO - 识别成功，img_path: D:\2\WechatOCR\dist\img\~~~ocr.png, result_file: json\~~~ocr.png.json
2025-10-07 23:13:02,625 - INFO - 文本已保存到 text_save.txt
2025-10-07 23:13:02,658 - INFO - 已将文件内容复制到剪贴板。
2025-10-07 23:13:04,462 - INFO - 检测到 Ctrl+C
2025-10-07 23:13:04,462 - WARNING - 剪切板中不包含图片
2025-10-07 23:16:26,235 - INFO - 检测到 Ctrl+C
2025-10-07 23:16:26,235 - WARNING - 剪切板中不包含图片
2025-10-07 23:27:02,811 - INFO - 检测到 Ctrl+C
2025-10-07 23:27:02,811 - WARNING - 剪切板中不包含图片
2025-10-07 23:28:35,871 - INFO - 检测到 Esc，准备退出
2025-10-07 23:28:35,872 - INFO - OCR 服务已关闭
2025-10-07 23:28:35,872 - INFO - 程序退出
2025-10-08 01:57:13,977 - INFO - OCR 服务已启动
2025-10-08 01:57:15,983 - INFO - 检测到 Ctrl+C
2025-10-08 01:57:15,995 - INFO - 剪切板中的图片已经保存
2025-10-08 01:57:15,996 - INFO - OCR识别任务已提交
2025-10-08 01:57:16,074 - INFO - 识别成功，img_path: D:\2\WechatOCR\dist\img\~~~ocr.png, result_file: json\~~~ocr.png.json
2025-10-08 01:57:16,997 - INFO - 文本已保存到 text_save.txt
2025-10-08 01:57:17,026 - INFO - 已将文件内容复制到剪贴板。
2025-10-08 10:27:42,109 - INFO - OCR 服务已启动
2025-10-08 10:27:43,714 - INFO - 检测到 Ctrl+C
2025-10-08 10:27:43,724 - INFO - 剪切板中的图片已经保存
2025-10-08 10:27:43,725 - INFO - OCR识别任务已提交
2025-10-08 10:27:43,836 - INFO - 识别成功，img_path: D:\2\WechatOCR\dist\img\~~~ocr.png, result_file: json\~~~ocr.png.json
2025-10-08 10:27:44,726 - INFO - 文本已保存到 text_save.txt
2025-10-08 10:27:44,781 - INFO - 已将文件内容复制到剪贴板。
2025-10-08 10:27:46,285 - INFO - 检测到 Ctrl+C
2025-10-08 10:27:46,285 - WARNING - 剪切板中不包含图片
2025-10-08 10:32:51,777 - INFO - 检测到 Ctrl+C
2025-10-08 10:32:51,777 - WARNING - 剪切板中不包含图片
2025-10-08 10:37:23,681 - INFO - 检测到 Ctrl+C
2025-10-08 10:37:23,681 - WARNING - 剪切板中不包含图片
2025-10-08 10:39:11,592 - INFO - 检测到 Ctrl+C
2025-10-08 10:39:11,592 - WARNING - 剪切板中不包含图片
2025-10-08 10:39:43,582 - INFO - 检测到 Ctrl+C
2025-10-08 10:39:43,582 - WARNING - 剪切板中不包含图片
2025-10-08 10:41:42,925 - INFO - 检测到 Ctrl+C
2025-10-08 10:41:42,925 - WARNING - 剪切板中不包含图片
2025-10-08 10:47:12,884 - INFO - 检测到 Ctrl+C
2025-10-08 10:47:12,884 - WARNING - 剪切板中不包含图片
2025-10-08 10:57:49,839 - INFO - 检测到 Ctrl+C
2025-10-08 10:57:49,840 - WARNING - 剪切板中不包含图片
2025-10-08 10:57:56,259 - INFO - 检测到 Ctrl+C
2025-10-08 10:57:56,259 - WARNING - 剪切板中不包含图片
2025-10-08 10:58:02,177 - INFO - 检测到 Ctrl+C
2025-10-08 10:58:02,177 - WARNING - 剪切板中不包含图片
2025-10-08 11:19:38,606 - INFO - 检测到 Ctrl+C
2025-10-08 11:19:38,606 - WARNING - 剪切板中不包含图片
2025-10-08 11:34:19,118 - INFO - 检测到 Ctrl+C
2025-10-08 11:34:19,119 - WARNING - 剪切板中不包含图片
2025-10-08 11:42:48,755 - INFO - 检测到 Ctrl+C
2025-10-08 11:42:48,755 - WARNING - 剪切板中不包含图片
2025-10-08 11:45:48,590 - INFO - 检测到 Ctrl+C
2025-10-08 11:45:48,590 - WARNING - 剪切板中不包含图片
2025-10-08 11:50:25,031 - INFO - 检测到 Esc，准备退出
2025-10-08 11:50:25,033 - INFO - OCR 服务已关闭
2025-10-08 11:50:25,033 - INFO - 程序退出
